Device: NVIDIA B200 | SMs=148 | SM clock~1.97 GHz | CC 10.0
Pilot semantics=2 tag=interval_d1_s101 structure=interval degree=1 effective_degree=1.00 tightness=1.0000 grid=148 ready=400000 tail=1000000 prologue=200000 epilogue=1000000 skew_bins=8 repeats=31 producer_occ=16 consumer_occ=10
mode                    median_ms       min_ms      valid
SAMPLE tag=interval_d1_s101 mode=none rep=0 ms=0.897408
SAMPLE tag=interval_d1_s101 mode=none rep=1 ms=0.898592
SAMPLE tag=interval_d1_s101 mode=none rep=2 ms=0.898432
SAMPLE tag=interval_d1_s101 mode=none rep=3 ms=0.899072
SAMPLE tag=interval_d1_s101 mode=none rep=4 ms=0.898624
SAMPLE tag=interval_d1_s101 mode=none rep=5 ms=0.898976
SAMPLE tag=interval_d1_s101 mode=none rep=6 ms=0.899040
SAMPLE tag=interval_d1_s101 mode=none rep=7 ms=0.898944
SAMPLE tag=interval_d1_s101 mode=none rep=8 ms=0.898880
SAMPLE tag=interval_d1_s101 mode=none rep=9 ms=0.897664
SAMPLE tag=interval_d1_s101 mode=none rep=10 ms=0.897856
SAMPLE tag=interval_d1_s101 mode=none rep=11 ms=0.897408
SAMPLE tag=interval_d1_s101 mode=none rep=12 ms=0.897568
SAMPLE tag=interval_d1_s101 mode=none rep=13 ms=0.898016
SAMPLE tag=interval_d1_s101 mode=none rep=14 ms=0.897664
SAMPLE tag=interval_d1_s101 mode=none rep=15 ms=0.897504
SAMPLE tag=interval_d1_s101 mode=none rep=16 ms=0.897664
SAMPLE tag=interval_d1_s101 mode=none rep=17 ms=0.899424
SAMPLE tag=interval_d1_s101 mode=none rep=18 ms=0.898400
SAMPLE tag=interval_d1_s101 mode=none rep=19 ms=0.898784
SAMPLE tag=interval_d1_s101 mode=none rep=20 ms=0.899584
SAMPLE tag=interval_d1_s101 mode=none rep=21 ms=0.898304
SAMPLE tag=interval_d1_s101 mode=none rep=22 ms=0.898112
SAMPLE tag=interval_d1_s101 mode=none rep=23 ms=0.897536
SAMPLE tag=interval_d1_s101 mode=none rep=24 ms=0.899616
SAMPLE tag=interval_d1_s101 mode=none rep=25 ms=0.897920
SAMPLE tag=interval_d1_s101 mode=none rep=26 ms=0.898048
SAMPLE tag=interval_d1_s101 mode=none rep=27 ms=0.897824
SAMPLE tag=interval_d1_s101 mode=none rep=28 ms=0.899648
SAMPLE tag=interval_d1_s101 mode=none rep=29 ms=0.899488
SAMPLE tag=interval_d1_s101 mode=none rep=30 ms=0.897600
none                      0.89830      0.89741        n/a
SAMPLE tag=interval_d1_s101 mode=grid rep=0 ms=1.408544
SAMPLE tag=interval_d1_s101 mode=grid rep=1 ms=1.408864
SAMPLE tag=interval_d1_s101 mode=grid rep=2 ms=1.407808
SAMPLE tag=interval_d1_s101 mode=grid rep=3 ms=1.408288
SAMPLE tag=interval_d1_s101 mode=grid rep=4 ms=1.409536
SAMPLE tag=interval_d1_s101 mode=grid rep=5 ms=1.409216
SAMPLE tag=interval_d1_s101 mode=grid rep=6 ms=1.409632
SAMPLE tag=interval_d1_s101 mode=grid rep=7 ms=1.409440
SAMPLE tag=interval_d1_s101 mode=grid rep=8 ms=1.408192
SAMPLE tag=interval_d1_s101 mode=grid rep=9 ms=1.407904
SAMPLE tag=interval_d1_s101 mode=grid rep=10 ms=1.409632
SAMPLE tag=interval_d1_s101 mode=grid rep=11 ms=1.408000
SAMPLE tag=interval_d1_s101 mode=grid rep=12 ms=1.409568
SAMPLE tag=interval_d1_s101 mode=grid rep=13 ms=1.408128
SAMPLE tag=interval_d1_s101 mode=grid rep=14 ms=1.408832
SAMPLE tag=interval_d1_s101 mode=grid rep=15 ms=1.409504
SAMPLE tag=interval_d1_s101 mode=grid rep=16 ms=1.409216
SAMPLE tag=interval_d1_s101 mode=grid rep=17 ms=1.408864
SAMPLE tag=interval_d1_s101 mode=grid rep=18 ms=1.408192
SAMPLE tag=interval_d1_s101 mode=grid rep=19 ms=1.409376
SAMPLE tag=interval_d1_s101 mode=grid rep=20 ms=1.409888
SAMPLE tag=interval_d1_s101 mode=grid rep=21 ms=1.408288
SAMPLE tag=interval_d1_s101 mode=grid rep=22 ms=1.409504
SAMPLE tag=interval_d1_s101 mode=grid rep=23 ms=1.409120
SAMPLE tag=interval_d1_s101 mode=grid rep=24 ms=1.408512
SAMPLE tag=interval_d1_s101 mode=grid rep=25 ms=1.416320
SAMPLE tag=interval_d1_s101 mode=grid rep=26 ms=1.408544
SAMPLE tag=interval_d1_s101 mode=grid rep=27 ms=1.407776
SAMPLE tag=interval_d1_s101 mode=grid rep=28 ms=1.407584
SAMPLE tag=interval_d1_s101 mode=grid rep=29 ms=1.409760
SAMPLE tag=interval_d1_s101 mode=grid rep=30 ms=1.408992
grid                      1.40886      1.40758       PASS
SAMPLE tag=interval_d1_s101 mode=interval-spin rep=0 ms=0.899968
SAMPLE tag=interval_d1_s101 mode=interval-spin rep=1 ms=0.899456
SAMPLE tag=interval_d1_s101 mode=interval-spin rep=2 ms=0.900288
SAMPLE tag=interval_d1_s101 mode=interval-spin rep=3 ms=0.900128
SAMPLE tag=interval_d1_s101 mode=interval-spin rep=4 ms=0.899392
SAMPLE tag=interval_d1_s101 mode=interval-spin rep=5 ms=0.899584
SAMPLE tag=interval_d1_s101 mode=interval-spin rep=6 ms=0.900128
SAMPLE tag=interval_d1_s101 mode=interval-spin rep=7 ms=0.901088
SAMPLE tag=interval_d1_s101 mode=interval-spin rep=8 ms=0.899552
SAMPLE tag=interval_d1_s101 mode=interval-spin rep=9 ms=0.899232
SAMPLE tag=interval_d1_s101 mode=interval-spin rep=10 ms=0.898976
SAMPLE tag=interval_d1_s101 mode=interval-spin rep=11 ms=0.900960
SAMPLE tag=interval_d1_s101 mode=interval-spin rep=12 ms=0.899168
SAMPLE tag=interval_d1_s101 mode=interval-spin rep=13 ms=0.899328
SAMPLE tag=interval_d1_s101 mode=interval-spin rep=14 ms=0.900608
SAMPLE tag=interval_d1_s101 mode=interval-spin rep=15 ms=0.899616
SAMPLE tag=interval_d1_s101 mode=interval-spin rep=16 ms=0.900512
SAMPLE tag=interval_d1_s101 mode=interval-spin rep=17 ms=0.899712
SAMPLE tag=interval_d1_s101 mode=interval-spin rep=18 ms=0.899456
SAMPLE tag=interval_d1_s101 mode=interval-spin rep=19 ms=0.899968
SAMPLE tag=interval_d1_s101 mode=interval-spin rep=20 ms=0.899776
SAMPLE tag=interval_d1_s101 mode=interval-spin rep=21 ms=0.901120
SAMPLE tag=interval_d1_s101 mode=interval-spin rep=22 ms=0.899200
SAMPLE tag=interval_d1_s101 mode=interval-spin rep=23 ms=0.899552
SAMPLE tag=interval_d1_s101 mode=interval-spin rep=24 ms=0.899680
SAMPLE tag=interval_d1_s101 mode=interval-spin rep=25 ms=0.900128
SAMPLE tag=interval_d1_s101 mode=interval-spin rep=26 ms=0.900928
SAMPLE tag=interval_d1_s101 mode=interval-spin rep=27 ms=0.899712
SAMPLE tag=interval_d1_s101 mode=interval-spin rep=28 ms=0.899872
SAMPLE tag=interval_d1_s101 mode=interval-spin rep=29 ms=0.899360
SAMPLE tag=interval_d1_s101 mode=interval-spin rep=30 ms=0.900768
interval-spin             0.89971      0.89898       PASS
SAMPLE tag=interval_d1_s101 mode=interval-backoff rep=0 ms=0.901728
SAMPLE tag=interval_d1_s101 mode=interval-backoff rep=1 ms=0.900352
SAMPLE tag=interval_d1_s101 mode=interval-backoff rep=2 ms=0.900288
SAMPLE tag=interval_d1_s101 mode=interval-backoff rep=3 ms=0.900352
SAMPLE tag=interval_d1_s101 mode=interval-backoff rep=4 ms=0.901152
SAMPLE tag=interval_d1_s101 mode=interval-backoff rep=5 ms=0.899360
SAMPLE tag=interval_d1_s101 mode=interval-backoff rep=6 ms=0.899584
SAMPLE tag=interval_d1_s101 mode=interval-backoff rep=7 ms=0.900544
SAMPLE tag=interval_d1_s101 mode=interval-backoff rep=8 ms=0.901696
SAMPLE tag=interval_d1_s101 mode=interval-backoff rep=9 ms=0.901216
SAMPLE tag=interval_d1_s101 mode=interval-backoff rep=10 ms=0.899648
SAMPLE tag=interval_d1_s101 mode=interval-backoff rep=11 ms=0.899808
SAMPLE tag=interval_d1_s101 mode=interval-backoff rep=12 ms=0.900768
SAMPLE tag=interval_d1_s101 mode=interval-backoff rep=13 ms=0.902208
SAMPLE tag=interval_d1_s101 mode=interval-backoff rep=14 ms=0.901152
SAMPLE tag=interval_d1_s101 mode=interval-backoff rep=15 ms=0.899808
SAMPLE tag=interval_d1_s101 mode=interval-backoff rep=16 ms=0.900672
SAMPLE tag=interval_d1_s101 mode=interval-backoff rep=17 ms=0.901952
SAMPLE tag=interval_d1_s101 mode=interval-backoff rep=18 ms=0.901888
SAMPLE tag=interval_d1_s101 mode=interval-backoff rep=19 ms=0.901728
SAMPLE tag=interval_d1_s101 mode=interval-backoff rep=20 ms=0.901184
SAMPLE tag=interval_d1_s101 mode=interval-backoff rep=21 ms=0.901440
SAMPLE tag=interval_d1_s101 mode=interval-backoff rep=22 ms=0.901408
SAMPLE tag=interval_d1_s101 mode=interval-backoff rep=23 ms=0.899040
SAMPLE tag=interval_d1_s101 mode=interval-backoff rep=24 ms=0.902752
SAMPLE tag=interval_d1_s101 mode=interval-backoff rep=25 ms=0.901184
SAMPLE tag=interval_d1_s101 mode=interval-backoff rep=26 ms=0.900160
SAMPLE tag=interval_d1_s101 mode=interval-backoff rep=27 ms=0.900320
SAMPLE tag=interval_d1_s101 mode=interval-backoff rep=28 ms=0.900864
SAMPLE tag=interval_d1_s101 mode=interval-backoff rep=29 ms=0.901888
SAMPLE tag=interval_d1_s101 mode=interval-backoff rep=30 ms=0.902112
interval-backoff          0.90115      0.89904       PASS
SAMPLE tag=interval_d1_s101 mode=exact-backoff rep=0 ms=0.899904
SAMPLE tag=interval_d1_s101 mode=exact-backoff rep=1 ms=0.899232
SAMPLE tag=interval_d1_s101 mode=exact-backoff rep=2 ms=0.901248
SAMPLE tag=interval_d1_s101 mode=exact-backoff rep=3 ms=0.901024
SAMPLE tag=interval_d1_s101 mode=exact-backoff rep=4 ms=0.899968
SAMPLE tag=interval_d1_s101 mode=exact-backoff rep=5 ms=0.899296
SAMPLE tag=interval_d1_s101 mode=exact-backoff rep=6 ms=0.901408
SAMPLE tag=interval_d1_s101 mode=exact-backoff rep=7 ms=0.899392
SAMPLE tag=interval_d1_s101 mode=exact-backoff rep=8 ms=0.899680
SAMPLE tag=interval_d1_s101 mode=exact-backoff rep=9 ms=0.900704
SAMPLE tag=interval_d1_s101 mode=exact-backoff rep=10 ms=0.900544
SAMPLE tag=interval_d1_s101 mode=exact-backoff rep=11 ms=0.899872
SAMPLE tag=interval_d1_s101 mode=exact-backoff rep=12 ms=0.901664
SAMPLE tag=interval_d1_s101 mode=exact-backoff rep=13 ms=0.901376
SAMPLE tag=interval_d1_s101 mode=exact-backoff rep=14 ms=0.901056
SAMPLE tag=interval_d1_s101 mode=exact-backoff rep=15 ms=0.901216
SAMPLE tag=interval_d1_s101 mode=exact-backoff rep=16 ms=0.901376
SAMPLE tag=interval_d1_s101 mode=exact-backoff rep=17 ms=0.901216
SAMPLE tag=interval_d1_s101 mode=exact-backoff rep=18 ms=0.900896
SAMPLE tag=interval_d1_s101 mode=exact-backoff rep=19 ms=0.901472
SAMPLE tag=interval_d1_s101 mode=exact-backoff rep=20 ms=0.899840
SAMPLE tag=interval_d1_s101 mode=exact-backoff rep=21 ms=0.899424
SAMPLE tag=interval_d1_s101 mode=exact-backoff rep=22 ms=0.901280
SAMPLE tag=interval_d1_s101 mode=exact-backoff rep=23 ms=0.901280
SAMPLE tag=interval_d1_s101 mode=exact-backoff rep=24 ms=0.901440
SAMPLE tag=interval_d1_s101 mode=exact-backoff rep=25 ms=0.900224
SAMPLE tag=interval_d1_s101 mode=exact-backoff rep=26 ms=0.900032
SAMPLE tag=interval_d1_s101 mode=exact-backoff rep=27 ms=0.900896
SAMPLE tag=interval_d1_s101 mode=exact-backoff rep=28 ms=0.901312
SAMPLE tag=interval_d1_s101 mode=exact-backoff rep=29 ms=0.901056
SAMPLE tag=interval_d1_s101 mode=exact-backoff rep=30 ms=0.901504
exact-backoff             0.90102      0.89923       PASS
BRACKET floor=1.40886 ceiling=0.89830 space=36.239% impl=interval-backoff impl_ms=0.90115 captured=36.037% of_space=99.4%
SUMMARY_PILOT semantics=2 tag=interval_d1_s101 structure=interval degree=1 eff_degree=1.00 tightness=1.0000 producers=148 consumers=148 threads=128 sms=148 producer_occ=16 consumer_occ=10 trigger_floor=ready trigger_impl=entry trigger_ceiling=entry ready=400000 tail=1000000 prologue=200000 epilogue=1000000 skew_bins=8 repeats=31 floor_ms=1.408864 ceiling_ms=0.898304 interval_spin_ms=0.899712 interval_backoff_ms=0.901152 exact_backoff_ms=0.901024 impl=interval-backoff impl_ms=0.901152 space_pct=36.2391 captured_pct=36.0370 of_space_pct=99.442 valid=1
Device: NVIDIA B200 | SMs=148 | SM clock~1.97 GHz | CC 10.0
Pilot semantics=2 tag=interval_d8_s101 structure=interval degree=8 effective_degree=8.00 tightness=1.0000 grid=148 ready=400000 tail=1000000 prologue=200000 epilogue=1000000 skew_bins=8 repeats=31 producer_occ=16 consumer_occ=10
mode                    median_ms       min_ms      valid
SAMPLE tag=interval_d8_s101 mode=none rep=0 ms=0.898816
SAMPLE tag=interval_d8_s101 mode=none rep=1 ms=0.897216
SAMPLE tag=interval_d8_s101 mode=none rep=2 ms=0.898752
SAMPLE tag=interval_d8_s101 mode=none rep=3 ms=0.899296
SAMPLE tag=interval_d8_s101 mode=none rep=4 ms=0.899456
SAMPLE tag=interval_d8_s101 mode=none rep=5 ms=0.898048
SAMPLE tag=interval_d8_s101 mode=none rep=6 ms=0.898848
SAMPLE tag=interval_d8_s101 mode=none rep=7 ms=0.897440
SAMPLE tag=interval_d8_s101 mode=none rep=8 ms=0.897920
SAMPLE tag=interval_d8_s101 mode=none rep=9 ms=0.897760
SAMPLE tag=interval_d8_s101 mode=none rep=10 ms=0.898176
SAMPLE tag=interval_d8_s101 mode=none rep=11 ms=0.896480
SAMPLE tag=interval_d8_s101 mode=none rep=12 ms=0.897280
SAMPLE tag=interval_d8_s101 mode=none rep=13 ms=0.897888
SAMPLE tag=interval_d8_s101 mode=none rep=14 ms=0.897728
SAMPLE tag=interval_d8_s101 mode=none rep=15 ms=0.897312
SAMPLE tag=interval_d8_s101 mode=none rep=16 ms=0.897408
SAMPLE tag=interval_d8_s101 mode=none rep=17 ms=0.897408
SAMPLE tag=interval_d8_s101 mode=none rep=18 ms=0.899360
SAMPLE tag=interval_d8_s101 mode=none rep=19 ms=0.899104
SAMPLE tag=interval_d8_s101 mode=none rep=20 ms=0.899328
SAMPLE tag=interval_d8_s101 mode=none rep=21 ms=0.898464
SAMPLE tag=interval_d8_s101 mode=none rep=22 ms=0.897472
SAMPLE tag=interval_d8_s101 mode=none rep=23 ms=0.897408
SAMPLE tag=interval_d8_s101 mode=none rep=24 ms=0.899648
SAMPLE tag=interval_d8_s101 mode=none rep=25 ms=0.897408
SAMPLE tag=interval_d8_s101 mode=none rep=26 ms=0.899136
SAMPLE tag=interval_d8_s101 mode=none rep=27 ms=0.897152
SAMPLE tag=interval_d8_s101 mode=none rep=28 ms=0.897824
SAMPLE tag=interval_d8_s101 mode=none rep=29 ms=0.897536
SAMPLE tag=interval_d8_s101 mode=none rep=30 ms=0.898048
none                      0.89789      0.89648        n/a
SAMPLE tag=interval_d8_s101 mode=grid rep=0 ms=1.408448
SAMPLE tag=interval_d8_s101 mode=grid rep=1 ms=1.408000
SAMPLE tag=interval_d8_s101 mode=grid rep=2 ms=1.408480
SAMPLE tag=interval_d8_s101 mode=grid rep=3 ms=1.408384
SAMPLE tag=interval_d8_s101 mode=grid rep=4 ms=1.409184
SAMPLE tag=interval_d8_s101 mode=grid rep=5 ms=1.409632
SAMPLE tag=interval_d8_s101 mode=grid rep=6 ms=1.409600
SAMPLE tag=interval_d8_s101 mode=grid rep=7 ms=1.409216
SAMPLE tag=interval_d8_s101 mode=grid rep=8 ms=1.407872
SAMPLE tag=interval_d8_s101 mode=grid rep=9 ms=1.408416
SAMPLE tag=interval_d8_s101 mode=grid rep=10 ms=1.409760
SAMPLE tag=interval_d8_s101 mode=grid rep=11 ms=1.407904
SAMPLE tag=interval_d8_s101 mode=grid rep=12 ms=1.409440
SAMPLE tag=interval_d8_s101 mode=grid rep=13 ms=1.408064
SAMPLE tag=interval_d8_s101 mode=grid rep=14 ms=1.409440
SAMPLE tag=interval_d8_s101 mode=grid rep=15 ms=1.407904
SAMPLE tag=interval_d8_s101 mode=grid rep=16 ms=1.408512
SAMPLE tag=interval_d8_s101 mode=grid rep=17 ms=1.408544
SAMPLE tag=interval_d8_s101 mode=grid rep=18 ms=1.409280
SAMPLE tag=interval_d8_s101 mode=grid rep=19 ms=1.408480
SAMPLE tag=interval_d8_s101 mode=grid rep=20 ms=1.409408
SAMPLE tag=interval_d8_s101 mode=grid rep=21 ms=1.409472
SAMPLE tag=interval_d8_s101 mode=grid rep=22 ms=1.409376
SAMPLE tag=interval_d8_s101 mode=grid rep=23 ms=1.409536
SAMPLE tag=interval_d8_s101 mode=grid rep=24 ms=1.407936
SAMPLE tag=interval_d8_s101 mode=grid rep=25 ms=1.409536
SAMPLE tag=interval_d8_s101 mode=grid rep=26 ms=1.409568
SAMPLE tag=interval_d8_s101 mode=grid rep=27 ms=1.408160
SAMPLE tag=interval_d8_s101 mode=grid rep=28 ms=1.409600
SAMPLE tag=interval_d8_s101 mode=grid rep=29 ms=1.409856
SAMPLE tag=interval_d8_s101 mode=grid rep=30 ms=1.410336
grid                      1.40922      1.40787       PASS
SAMPLE tag=interval_d8_s101 mode=interval-spin rep=0 ms=0.901888
SAMPLE tag=interval_d8_s101 mode=interval-spin rep=1 ms=0.900864
SAMPLE tag=interval_d8_s101 mode=interval-spin rep=2 ms=0.901056
SAMPLE tag=interval_d8_s101 mode=interval-spin rep=3 ms=0.900352
SAMPLE tag=interval_d8_s101 mode=interval-spin rep=4 ms=0.902656
SAMPLE tag=interval_d8_s101 mode=interval-spin rep=5 ms=0.902528
SAMPLE tag=interval_d8_s101 mode=interval-spin rep=6 ms=0.901920
SAMPLE tag=interval_d8_s101 mode=interval-spin rep=7 ms=0.901024
SAMPLE tag=interval_d8_s101 mode=interval-spin rep=8 ms=0.901472
SAMPLE tag=interval_d8_s101 mode=interval-spin rep=9 ms=0.901312
SAMPLE tag=interval_d8_s101 mode=interval-spin rep=10 ms=0.901024
SAMPLE tag=interval_d8_s101 mode=interval-spin rep=11 ms=0.901472
SAMPLE tag=interval_d8_s101 mode=interval-spin rep=12 ms=0.901344
SAMPLE tag=interval_d8_s101 mode=interval-spin rep=13 ms=0.902400
SAMPLE tag=interval_d8_s101 mode=interval-spin rep=14 ms=0.902144
SAMPLE tag=interval_d8_s101 mode=interval-spin rep=15 ms=0.902208
SAMPLE tag=interval_d8_s101 mode=interval-spin rep=16 ms=0.902336
SAMPLE tag=interval_d8_s101 mode=interval-spin rep=17 ms=0.901344
SAMPLE tag=interval_d8_s101 mode=interval-spin rep=18 ms=0.901600
SAMPLE tag=interval_d8_s101 mode=interval-spin rep=19 ms=0.901632
SAMPLE tag=interval_d8_s101 mode=interval-spin rep=20 ms=0.903104
SAMPLE tag=interval_d8_s101 mode=interval-spin rep=21 ms=0.901536
SAMPLE tag=interval_d8_s101 mode=interval-spin rep=22 ms=0.902336
SAMPLE tag=interval_d8_s101 mode=interval-spin rep=23 ms=0.901408
SAMPLE tag=interval_d8_s101 mode=interval-spin rep=24 ms=0.901280
SAMPLE tag=interval_d8_s101 mode=interval-spin rep=25 ms=0.901632
SAMPLE tag=interval_d8_s101 mode=interval-spin rep=26 ms=0.901536
SAMPLE tag=interval_d8_s101 mode=interval-spin rep=27 ms=0.902272
SAMPLE tag=interval_d8_s101 mode=interval-spin rep=28 ms=0.902304
SAMPLE tag=interval_d8_s101 mode=interval-spin rep=29 ms=0.902400
SAMPLE tag=interval_d8_s101 mode=interval-spin rep=30 ms=0.902304
interval-spin             0.90163      0.90035       PASS
SAMPLE tag=interval_d8_s101 mode=interval-backoff rep=0 ms=0.903872
SAMPLE tag=interval_d8_s101 mode=interval-backoff rep=1 ms=0.903456
SAMPLE tag=interval_d8_s101 mode=interval-backoff rep=2 ms=0.902272
SAMPLE tag=interval_d8_s101 mode=interval-backoff rep=3 ms=0.902976
SAMPLE tag=interval_d8_s101 mode=interval-backoff rep=4 ms=0.903552
SAMPLE tag=interval_d8_s101 mode=interval-backoff rep=5 ms=0.903520
SAMPLE tag=interval_d8_s101 mode=interval-backoff rep=6 ms=0.903296
SAMPLE tag=interval_d8_s101 mode=interval-backoff rep=7 ms=0.902112
SAMPLE tag=interval_d8_s101 mode=interval-backoff rep=8 ms=0.903008
SAMPLE tag=interval_d8_s101 mode=interval-backoff rep=9 ms=0.902336
SAMPLE tag=interval_d8_s101 mode=interval-backoff rep=10 ms=0.901728
SAMPLE tag=interval_d8_s101 mode=interval-backoff rep=11 ms=0.902624
SAMPLE tag=interval_d8_s101 mode=interval-backoff rep=12 ms=0.903712
SAMPLE tag=interval_d8_s101 mode=interval-backoff rep=13 ms=0.903968
SAMPLE tag=interval_d8_s101 mode=interval-backoff rep=14 ms=0.903712
SAMPLE tag=interval_d8_s101 mode=interval-backoff rep=15 ms=0.902208
SAMPLE tag=interval_d8_s101 mode=interval-backoff rep=16 ms=0.901792
SAMPLE tag=interval_d8_s101 mode=interval-backoff rep=17 ms=0.902048
SAMPLE tag=interval_d8_s101 mode=interval-backoff rep=18 ms=0.901792
SAMPLE tag=interval_d8_s101 mode=interval-backoff rep=19 ms=0.902528
SAMPLE tag=interval_d8_s101 mode=interval-backoff rep=20 ms=0.903040
SAMPLE tag=interval_d8_s101 mode=interval-backoff rep=21 ms=0.903200
SAMPLE tag=interval_d8_s101 mode=interval-backoff rep=22 ms=0.901504
SAMPLE tag=interval_d8_s101 mode=interval-backoff rep=23 ms=0.903072
SAMPLE tag=interval_d8_s101 mode=interval-backoff rep=24 ms=0.901920
SAMPLE tag=interval_d8_s101 mode=interval-backoff rep=25 ms=0.904256
SAMPLE tag=interval_d8_s101 mode=interval-backoff rep=26 ms=0.903680
SAMPLE tag=interval_d8_s101 mode=interval-backoff rep=27 ms=0.902432
SAMPLE tag=interval_d8_s101 mode=interval-backoff rep=28 ms=0.904128
SAMPLE tag=interval_d8_s101 mode=interval-backoff rep=29 ms=0.903584
SAMPLE tag=interval_d8_s101 mode=interval-backoff rep=30 ms=0.903520
interval-backoff          0.90304      0.90150       PASS
SAMPLE tag=interval_d8_s101 mode=exact-backoff rep=0 ms=0.903776
SAMPLE tag=interval_d8_s101 mode=exact-backoff rep=1 ms=0.903168
SAMPLE tag=interval_d8_s101 mode=exact-backoff rep=2 ms=0.902880
SAMPLE tag=interval_d8_s101 mode=exact-backoff rep=3 ms=0.903520
SAMPLE tag=interval_d8_s101 mode=exact-backoff rep=4 ms=0.903744
SAMPLE tag=interval_d8_s101 mode=exact-backoff rep=5 ms=0.903456
SAMPLE tag=interval_d8_s101 mode=exact-backoff rep=6 ms=0.903712
SAMPLE tag=interval_d8_s101 mode=exact-backoff rep=7 ms=0.903808
SAMPLE tag=interval_d8_s101 mode=exact-backoff rep=8 ms=0.902496
SAMPLE tag=interval_d8_s101 mode=exact-backoff rep=9 ms=0.903168
SAMPLE tag=interval_d8_s101 mode=exact-backoff rep=10 ms=0.903584
SAMPLE tag=interval_d8_s101 mode=exact-backoff rep=11 ms=0.912352
SAMPLE tag=interval_d8_s101 mode=exact-backoff rep=12 ms=0.903840
SAMPLE tag=interval_d8_s101 mode=exact-backoff rep=13 ms=0.903520
SAMPLE tag=interval_d8_s101 mode=exact-backoff rep=14 ms=0.904096
SAMPLE tag=interval_d8_s101 mode=exact-backoff rep=15 ms=0.904032
SAMPLE tag=interval_d8_s101 mode=exact-backoff rep=16 ms=0.903296
SAMPLE tag=interval_d8_s101 mode=exact-backoff rep=17 ms=0.903232
SAMPLE tag=interval_d8_s101 mode=exact-backoff rep=18 ms=0.905568
SAMPLE tag=interval_d8_s101 mode=exact-backoff rep=19 ms=0.905088
SAMPLE tag=interval_d8_s101 mode=exact-backoff rep=20 ms=0.903776
SAMPLE tag=interval_d8_s101 mode=exact-backoff rep=21 ms=0.903360
SAMPLE tag=interval_d8_s101 mode=exact-backoff rep=22 ms=0.904224
SAMPLE tag=interval_d8_s101 mode=exact-backoff rep=23 ms=0.903648
SAMPLE tag=interval_d8_s101 mode=exact-backoff rep=24 ms=0.903744
SAMPLE tag=interval_d8_s101 mode=exact-backoff rep=25 ms=0.903040
SAMPLE tag=interval_d8_s101 mode=exact-backoff rep=26 ms=0.903328
SAMPLE tag=interval_d8_s101 mode=exact-backoff rep=27 ms=0.903296
SAMPLE tag=interval_d8_s101 mode=exact-backoff rep=28 ms=0.903840
SAMPLE tag=interval_d8_s101 mode=exact-backoff rep=29 ms=0.903360
SAMPLE tag=interval_d8_s101 mode=exact-backoff rep=30 ms=0.903456
exact-backoff             0.90358      0.90250       PASS
BRACKET floor=1.40922 ceiling=0.89789 space=36.285% impl=interval-backoff impl_ms=0.90304 captured=35.919% of_space=99.0%
SUMMARY_PILOT semantics=2 tag=interval_d8_s101 structure=interval degree=8 eff_degree=8.00 tightness=1.0000 producers=148 consumers=148 threads=128 sms=148 producer_occ=16 consumer_occ=10 trigger_floor=ready trigger_impl=entry trigger_ceiling=entry ready=400000 tail=1000000 prologue=200000 epilogue=1000000 skew_bins=8 repeats=31 floor_ms=1.409216 ceiling_ms=0.897888 interval_spin_ms=0.901632 interval_backoff_ms=0.903040 exact_backoff_ms=0.903584 impl=interval-backoff impl_ms=0.903040 space_pct=36.2846 captured_pct=35.9190 of_space_pct=98.992 valid=1
Device: NVIDIA B200 | SMs=148 | SM clock~1.97 GHz | CC 10.0
Pilot semantics=2 tag=interval_d32_s101 structure=interval degree=32 effective_degree=32.00 tightness=1.0000 grid=148 ready=400000 tail=1000000 prologue=200000 epilogue=1000000 skew_bins=8 repeats=31 producer_occ=16 consumer_occ=10
mode                    median_ms       min_ms      valid
SAMPLE tag=interval_d32_s101 mode=none rep=0 ms=0.897760
SAMPLE tag=interval_d32_s101 mode=none rep=1 ms=0.899264
SAMPLE tag=interval_d32_s101 mode=none rep=2 ms=0.898560
SAMPLE tag=interval_d32_s101 mode=none rep=3 ms=0.897984
SAMPLE tag=interval_d32_s101 mode=none rep=4 ms=0.898784
SAMPLE tag=interval_d32_s101 mode=none rep=5 ms=0.898080
SAMPLE tag=interval_d32_s101 mode=none rep=6 ms=0.897760
SAMPLE tag=interval_d32_s101 mode=none rep=7 ms=0.897632
SAMPLE tag=interval_d32_s101 mode=none rep=8 ms=0.897472
SAMPLE tag=interval_d32_s101 mode=none rep=9 ms=0.898272
SAMPLE tag=interval_d32_s101 mode=none rep=10 ms=0.898304
SAMPLE tag=interval_d32_s101 mode=none rep=11 ms=0.898112
SAMPLE tag=interval_d32_s101 mode=none rep=12 ms=0.897312
SAMPLE tag=interval_d32_s101 mode=none rep=13 ms=0.897632
SAMPLE tag=interval_d32_s101 mode=none rep=14 ms=0.897760
SAMPLE tag=interval_d32_s101 mode=none rep=15 ms=0.896992
SAMPLE tag=interval_d32_s101 mode=none rep=16 ms=0.898336
SAMPLE tag=interval_d32_s101 mode=none rep=17 ms=0.897504
SAMPLE tag=interval_d32_s101 mode=none rep=18 ms=0.898656
SAMPLE tag=interval_d32_s101 mode=none rep=19 ms=0.899136
SAMPLE tag=interval_d32_s101 mode=none rep=20 ms=0.897856
SAMPLE tag=interval_d32_s101 mode=none rep=21 ms=0.898816
SAMPLE tag=interval_d32_s101 mode=none rep=22 ms=0.897472
SAMPLE tag=interval_d32_s101 mode=none rep=23 ms=0.898464
SAMPLE tag=interval_d32_s101 mode=none rep=24 ms=0.899424
SAMPLE tag=interval_d32_s101 mode=none rep=25 ms=0.897344
SAMPLE tag=interval_d32_s101 mode=none rep=26 ms=0.897856
SAMPLE tag=interval_d32_s101 mode=none rep=27 ms=0.898304
SAMPLE tag=interval_d32_s101 mode=none rep=28 ms=0.899296
SAMPLE tag=interval_d32_s101 mode=none rep=29 ms=0.899136
SAMPLE tag=interval_d32_s101 mode=none rep=30 ms=0.899200
none                      0.89811      0.89699        n/a
SAMPLE tag=interval_d32_s101 mode=grid rep=0 ms=1.408928
SAMPLE tag=interval_d32_s101 mode=grid rep=1 ms=1.407936
SAMPLE tag=interval_d32_s101 mode=grid rep=2 ms=1.407840
SAMPLE tag=interval_d32_s101 mode=grid rep=3 ms=1.408448
SAMPLE tag=interval_d32_s101 mode=grid rep=4 ms=1.409312
SAMPLE tag=interval_d32_s101 mode=grid rep=5 ms=1.409504
SAMPLE tag=interval_d32_s101 mode=grid rep=6 ms=1.409088
SAMPLE tag=interval_d32_s101 mode=grid rep=7 ms=1.409600
SAMPLE tag=interval_d32_s101 mode=grid rep=8 ms=1.409504
SAMPLE tag=interval_d32_s101 mode=grid rep=9 ms=1.407904
SAMPLE tag=interval_d32_s101 mode=grid rep=10 ms=1.409504
SAMPLE tag=interval_d32_s101 mode=grid rep=11 ms=1.409216
SAMPLE tag=interval_d32_s101 mode=grid rep=12 ms=1.409280
SAMPLE tag=interval_d32_s101 mode=grid rep=13 ms=1.409504
SAMPLE tag=interval_d32_s101 mode=grid rep=14 ms=1.409632
SAMPLE tag=interval_d32_s101 mode=grid rep=15 ms=1.408160
SAMPLE tag=interval_d32_s101 mode=grid rep=16 ms=1.409280
SAMPLE tag=interval_d32_s101 mode=grid rep=17 ms=1.409600
SAMPLE tag=interval_d32_s101 mode=grid rep=18 ms=1.408480
SAMPLE tag=interval_d32_s101 mode=grid rep=19 ms=1.408032
SAMPLE tag=interval_d32_s101 mode=grid rep=20 ms=1.407584
SAMPLE tag=interval_d32_s101 mode=grid rep=21 ms=1.407392
SAMPLE tag=interval_d32_s101 mode=grid rep=22 ms=1.407872
SAMPLE tag=interval_d32_s101 mode=grid rep=23 ms=1.409152
SAMPLE tag=interval_d32_s101 mode=grid rep=24 ms=1.409152
SAMPLE tag=interval_d32_s101 mode=grid rep=25 ms=1.408576
SAMPLE tag=interval_d32_s101 mode=grid rep=26 ms=1.409856
SAMPLE tag=interval_d32_s101 mode=grid rep=27 ms=1.409600
SAMPLE tag=interval_d32_s101 mode=grid rep=28 ms=1.409184
SAMPLE tag=interval_d32_s101 mode=grid rep=29 ms=1.407680
SAMPLE tag=interval_d32_s101 mode=grid rep=30 ms=1.409664
grid                      1.40915      1.40739       PASS
SAMPLE tag=interval_d32_s101 mode=interval-spin rep=0 ms=0.908256
SAMPLE tag=interval_d32_s101 mode=interval-spin rep=1 ms=0.908256
SAMPLE tag=interval_d32_s101 mode=interval-spin rep=2 ms=0.907936
SAMPLE tag=interval_d32_s101 mode=interval-spin rep=3 ms=0.907392
SAMPLE tag=interval_d32_s101 mode=interval-spin rep=4 ms=0.907136
SAMPLE tag=interval_d32_s101 mode=interval-spin rep=5 ms=0.908384
SAMPLE tag=interval_d32_s101 mode=interval-spin rep=6 ms=0.906720
SAMPLE tag=interval_d32_s101 mode=interval-spin rep=7 ms=0.907296
SAMPLE tag=interval_d32_s101 mode=interval-spin rep=8 ms=0.908224
SAMPLE tag=interval_d32_s101 mode=interval-spin rep=9 ms=0.906944
SAMPLE tag=interval_d32_s101 mode=interval-spin rep=10 ms=0.908320
SAMPLE tag=interval_d32_s101 mode=interval-spin rep=11 ms=0.907008
SAMPLE tag=interval_d32_s101 mode=interval-spin rep=12 ms=0.907616
SAMPLE tag=interval_d32_s101 mode=interval-spin rep=13 ms=0.908704
SAMPLE tag=interval_d32_s101 mode=interval-spin rep=14 ms=0.906976
SAMPLE tag=interval_d32_s101 mode=interval-spin rep=15 ms=0.908480
SAMPLE tag=interval_d32_s101 mode=interval-spin rep=16 ms=0.908000
SAMPLE tag=interval_d32_s101 mode=interval-spin rep=17 ms=0.908704
SAMPLE tag=interval_d32_s101 mode=interval-spin rep=18 ms=0.907520
SAMPLE tag=interval_d32_s101 mode=interval-spin rep=19 ms=0.907680
SAMPLE tag=interval_d32_s101 mode=interval-spin rep=20 ms=0.908096
SAMPLE tag=interval_d32_s101 mode=interval-spin rep=21 ms=0.908128
SAMPLE tag=interval_d32_s101 mode=interval-spin rep=22 ms=0.907200
SAMPLE tag=interval_d32_s101 mode=interval-spin rep=23 ms=0.907712
SAMPLE tag=interval_d32_s101 mode=interval-spin rep=24 ms=0.907392
SAMPLE tag=interval_d32_s101 mode=interval-spin rep=25 ms=0.907136
SAMPLE tag=interval_d32_s101 mode=interval-spin rep=26 ms=0.907360
SAMPLE tag=interval_d32_s101 mode=interval-spin rep=27 ms=0.907456
SAMPLE tag=interval_d32_s101 mode=interval-spin rep=28 ms=0.908384
SAMPLE tag=interval_d32_s101 mode=interval-spin rep=29 ms=0.907712
SAMPLE tag=interval_d32_s101 mode=interval-spin rep=30 ms=0.906656
interval-spin             0.90768      0.90666       PASS
SAMPLE tag=interval_d32_s101 mode=interval-backoff rep=0 ms=0.908128
SAMPLE tag=interval_d32_s101 mode=interval-backoff rep=1 ms=0.908128
SAMPLE tag=interval_d32_s101 mode=interval-backoff rep=2 ms=0.909216
SAMPLE tag=interval_d32_s101 mode=interval-backoff rep=3 ms=0.909056
SAMPLE tag=interval_d32_s101 mode=interval-backoff rep=4 ms=0.907456
SAMPLE tag=interval_d32_s101 mode=interval-backoff rep=5 ms=0.907904
SAMPLE tag=interval_d32_s101 mode=interval-backoff rep=6 ms=0.907328
SAMPLE tag=interval_d32_s101 mode=interval-backoff rep=7 ms=0.907360
SAMPLE tag=interval_d32_s101 mode=interval-backoff rep=8 ms=0.910208
SAMPLE tag=interval_d32_s101 mode=interval-backoff rep=9 ms=0.906528
SAMPLE tag=interval_d32_s101 mode=interval-backoff rep=10 ms=0.908128
SAMPLE tag=interval_d32_s101 mode=interval-backoff rep=11 ms=0.909376
SAMPLE tag=interval_d32_s101 mode=interval-backoff rep=12 ms=0.908480
SAMPLE tag=interval_d32_s101 mode=interval-backoff rep=13 ms=0.910400
SAMPLE tag=interval_d32_s101 mode=interval-backoff rep=14 ms=0.907936
SAMPLE tag=interval_d32_s101 mode=interval-backoff rep=15 ms=0.907424
SAMPLE tag=interval_d32_s101 mode=interval-backoff rep=16 ms=0.908512
SAMPLE tag=interval_d32_s101 mode=interval-backoff rep=17 ms=0.907104
SAMPLE tag=interval_d32_s101 mode=interval-backoff rep=18 ms=0.910304
SAMPLE tag=interval_d32_s101 mode=interval-backoff rep=19 ms=0.908416
SAMPLE tag=interval_d32_s101 mode=interval-backoff rep=20 ms=0.908896
SAMPLE tag=interval_d32_s101 mode=interval-backoff rep=21 ms=0.909472
SAMPLE tag=interval_d32_s101 mode=interval-backoff rep=22 ms=0.907872
SAMPLE tag=interval_d32_s101 mode=interval-backoff rep=23 ms=0.909632
SAMPLE tag=interval_d32_s101 mode=interval-backoff rep=24 ms=0.907968
SAMPLE tag=interval_d32_s101 mode=interval-backoff rep=25 ms=0.907840
SAMPLE tag=interval_d32_s101 mode=interval-backoff rep=26 ms=0.907360
SAMPLE tag=interval_d32_s101 mode=interval-backoff rep=27 ms=0.906656
SAMPLE tag=interval_d32_s101 mode=interval-backoff rep=28 ms=0.908768
SAMPLE tag=interval_d32_s101 mode=interval-backoff rep=29 ms=0.908416
SAMPLE tag=interval_d32_s101 mode=interval-backoff rep=30 ms=0.907776
interval-backoff          0.90813      0.90653       PASS
SAMPLE tag=interval_d32_s101 mode=exact-backoff rep=0 ms=0.913824
SAMPLE tag=interval_d32_s101 mode=exact-backoff rep=1 ms=0.913472
SAMPLE tag=interval_d32_s101 mode=exact-backoff rep=2 ms=0.913568
SAMPLE tag=interval_d32_s101 mode=exact-backoff rep=3 ms=0.913728
SAMPLE tag=interval_d32_s101 mode=exact-backoff rep=4 ms=0.915104
SAMPLE tag=interval_d32_s101 mode=exact-backoff rep=5 ms=0.914368
SAMPLE tag=interval_d32_s101 mode=exact-backoff rep=6 ms=0.916640
SAMPLE tag=interval_d32_s101 mode=exact-backoff rep=7 ms=0.914592
SAMPLE tag=interval_d32_s101 mode=exact-backoff rep=8 ms=0.913664
SAMPLE tag=interval_d32_s101 mode=exact-backoff rep=9 ms=0.914336
SAMPLE tag=interval_d32_s101 mode=exact-backoff rep=10 ms=0.913600
SAMPLE tag=interval_d32_s101 mode=exact-backoff rep=11 ms=0.912512
SAMPLE tag=interval_d32_s101 mode=exact-backoff rep=12 ms=0.913856
SAMPLE tag=interval_d32_s101 mode=exact-backoff rep=13 ms=0.914528
SAMPLE tag=interval_d32_s101 mode=exact-backoff rep=14 ms=0.913696
SAMPLE tag=interval_d32_s101 mode=exact-backoff rep=15 ms=0.913472
SAMPLE tag=interval_d32_s101 mode=exact-backoff rep=16 ms=0.914368
SAMPLE tag=interval_d32_s101 mode=exact-backoff rep=17 ms=0.913760
SAMPLE tag=interval_d32_s101 mode=exact-backoff rep=18 ms=0.914048
SAMPLE tag=interval_d32_s101 mode=exact-backoff rep=19 ms=0.913248
SAMPLE tag=interval_d32_s101 mode=exact-backoff rep=20 ms=0.914208
SAMPLE tag=interval_d32_s101 mode=exact-backoff rep=21 ms=0.913568
SAMPLE tag=interval_d32_s101 mode=exact-backoff rep=22 ms=0.913536
SAMPLE tag=interval_d32_s101 mode=exact-backoff rep=23 ms=0.912576
SAMPLE tag=interval_d32_s101 mode=exact-backoff rep=24 ms=0.914432
SAMPLE tag=interval_d32_s101 mode=exact-backoff rep=25 ms=0.915488
SAMPLE tag=interval_d32_s101 mode=exact-backoff rep=26 ms=0.914368
SAMPLE tag=interval_d32_s101 mode=exact-backoff rep=27 ms=0.913920
SAMPLE tag=interval_d32_s101 mode=exact-backoff rep=28 ms=0.915296
SAMPLE tag=interval_d32_s101 mode=exact-backoff rep=29 ms=0.914016
SAMPLE tag=interval_d32_s101 mode=exact-backoff rep=30 ms=0.913728
exact-backoff             0.91386      0.91251       PASS
BRACKET floor=1.40915 ceiling=0.89811 space=36.266% impl=interval-backoff impl_ms=0.90813 captured=35.555% of_space=98.0%
SUMMARY_PILOT semantics=2 tag=interval_d32_s101 structure=interval degree=32 eff_degree=32.00 tightness=1.0000 producers=148 consumers=148 threads=128 sms=148 producer_occ=16 consumer_occ=10 trigger_floor=ready trigger_impl=entry trigger_ceiling=entry ready=400000 tail=1000000 prologue=200000 epilogue=1000000 skew_bins=8 repeats=31 floor_ms=1.409152 ceiling_ms=0.898112 interval_spin_ms=0.907680 interval_backoff_ms=0.908128 exact_backoff_ms=0.913856 impl=interval-backoff impl_ms=0.908128 space_pct=36.2658 captured_pct=35.5550 of_space_pct=98.040 valid=1
Device: NVIDIA B200 | SMs=148 | SM clock~1.97 GHz | CC 10.0
Pilot semantics=2 tag=interval_d64_s101 structure=interval degree=64 effective_degree=64.00 tightness=1.0000 grid=148 ready=400000 tail=1000000 prologue=200000 epilogue=1000000 skew_bins=8 repeats=31 producer_occ=16 consumer_occ=10
mode                    median_ms       min_ms      valid
SAMPLE tag=interval_d64_s101 mode=none rep=0 ms=0.898848
SAMPLE tag=interval_d64_s101 mode=none rep=1 ms=0.897888
SAMPLE tag=interval_d64_s101 mode=none rep=2 ms=0.898464
SAMPLE tag=interval_d64_s101 mode=none rep=3 ms=0.898816
SAMPLE tag=interval_d64_s101 mode=none rep=4 ms=0.899328
SAMPLE tag=interval_d64_s101 mode=none rep=5 ms=0.899424
SAMPLE tag=interval_d64_s101 mode=none rep=6 ms=0.899232
SAMPLE tag=interval_d64_s101 mode=none rep=7 ms=0.898592
SAMPLE tag=interval_d64_s101 mode=none rep=8 ms=0.897568
SAMPLE tag=interval_d64_s101 mode=none rep=9 ms=0.897376
SAMPLE tag=interval_d64_s101 mode=none rep=10 ms=0.899712
SAMPLE tag=interval_d64_s101 mode=none rep=11 ms=0.898432
SAMPLE tag=interval_d64_s101 mode=none rep=12 ms=0.897632
SAMPLE tag=interval_d64_s101 mode=none rep=13 ms=0.898016
SAMPLE tag=interval_d64_s101 mode=none rep=14 ms=0.897632
SAMPLE tag=interval_d64_s101 mode=none rep=15 ms=0.899584
SAMPLE tag=interval_d64_s101 mode=none rep=16 ms=0.898720
SAMPLE tag=interval_d64_s101 mode=none rep=17 ms=0.897824
SAMPLE tag=interval_d64_s101 mode=none rep=18 ms=0.899776
SAMPLE tag=interval_d64_s101 mode=none rep=19 ms=0.899072
SAMPLE tag=interval_d64_s101 mode=none rep=20 ms=0.897856
SAMPLE tag=interval_d64_s101 mode=none rep=21 ms=0.897952
SAMPLE tag=interval_d64_s101 mode=none rep=22 ms=0.897824
SAMPLE tag=interval_d64_s101 mode=none rep=23 ms=0.897696
SAMPLE tag=interval_d64_s101 mode=none rep=24 ms=0.898016
SAMPLE tag=interval_d64_s101 mode=none rep=25 ms=0.897600
SAMPLE tag=interval_d64_s101 mode=none rep=26 ms=0.899392
SAMPLE tag=interval_d64_s101 mode=none rep=27 ms=0.897920
SAMPLE tag=interval_d64_s101 mode=none rep=28 ms=0.897472
SAMPLE tag=interval_d64_s101 mode=none rep=29 ms=0.897984
SAMPLE tag=interval_d64_s101 mode=none rep=30 ms=0.899296
none                      0.89802      0.89738        n/a
SAMPLE tag=interval_d64_s101 mode=grid rep=0 ms=1.408832
SAMPLE tag=interval_d64_s101 mode=grid rep=1 ms=1.408320
SAMPLE tag=interval_d64_s101 mode=grid rep=2 ms=1.409344
SAMPLE tag=interval_d64_s101 mode=grid rep=3 ms=1.409376
SAMPLE tag=interval_d64_s101 mode=grid rep=4 ms=1.409088
SAMPLE tag=interval_d64_s101 mode=grid rep=5 ms=1.409792
SAMPLE tag=interval_d64_s101 mode=grid rep=6 ms=1.408832
SAMPLE tag=interval_d64_s101 mode=grid rep=7 ms=1.409600
SAMPLE tag=interval_d64_s101 mode=grid rep=8 ms=1.409440
SAMPLE tag=interval_d64_s101 mode=grid rep=9 ms=1.409408
SAMPLE tag=interval_d64_s101 mode=grid rep=10 ms=1.408000
SAMPLE tag=interval_d64_s101 mode=grid rep=11 ms=1.409792
SAMPLE tag=interval_d64_s101 mode=grid rep=12 ms=1.409728
SAMPLE tag=interval_d64_s101 mode=grid rep=13 ms=1.409120
SAMPLE tag=interval_d64_s101 mode=grid rep=14 ms=1.409120
SAMPLE tag=interval_d64_s101 mode=grid rep=15 ms=1.408928
SAMPLE tag=interval_d64_s101 mode=grid rep=16 ms=1.409472
SAMPLE tag=interval_d64_s101 mode=grid rep=17 ms=1.408768
SAMPLE tag=interval_d64_s101 mode=grid rep=18 ms=1.409088
SAMPLE tag=interval_d64_s101 mode=grid rep=19 ms=1.408768
SAMPLE tag=interval_d64_s101 mode=grid rep=20 ms=1.408064
SAMPLE tag=interval_d64_s101 mode=grid rep=21 ms=1.407936
SAMPLE tag=interval_d64_s101 mode=grid rep=22 ms=1.409952
SAMPLE tag=interval_d64_s101 mode=grid rep=23 ms=1.408576
SAMPLE tag=interval_d64_s101 mode=grid rep=24 ms=1.408256
SAMPLE tag=interval_d64_s101 mode=grid rep=25 ms=1.408800
SAMPLE tag=interval_d64_s101 mode=grid rep=26 ms=1.408256
SAMPLE tag=interval_d64_s101 mode=grid rep=27 ms=1.409600
SAMPLE tag=interval_d64_s101 mode=grid rep=28 ms=1.409568
SAMPLE tag=interval_d64_s101 mode=grid rep=29 ms=1.408480
SAMPLE tag=interval_d64_s101 mode=grid rep=30 ms=1.408480
grid                      1.40909      1.40794       PASS
SAMPLE tag=interval_d64_s101 mode=interval-spin rep=0 ms=0.915104
SAMPLE tag=interval_d64_s101 mode=interval-spin rep=1 ms=0.914944
SAMPLE tag=interval_d64_s101 mode=interval-spin rep=2 ms=0.915776
SAMPLE tag=interval_d64_s101 mode=interval-spin rep=3 ms=0.915776
SAMPLE tag=interval_d64_s101 mode=interval-spin rep=4 ms=0.915904
SAMPLE tag=interval_d64_s101 mode=interval-spin rep=5 ms=0.915584
SAMPLE tag=interval_d64_s101 mode=interval-spin rep=6 ms=0.916640
SAMPLE tag=interval_d64_s101 mode=interval-spin rep=7 ms=0.915360
SAMPLE tag=interval_d64_s101 mode=interval-spin rep=8 ms=0.915648
SAMPLE tag=interval_d64_s101 mode=interval-spin rep=9 ms=0.917120
SAMPLE tag=interval_d64_s101 mode=interval-spin rep=10 ms=0.915968
SAMPLE tag=interval_d64_s101 mode=interval-spin rep=11 ms=0.915648
SAMPLE tag=interval_d64_s101 mode=interval-spin rep=12 ms=0.916096
SAMPLE tag=interval_d64_s101 mode=interval-spin rep=13 ms=0.914880
SAMPLE tag=interval_d64_s101 mode=interval-spin rep=14 ms=0.915424
SAMPLE tag=interval_d64_s101 mode=interval-spin rep=15 ms=0.916832
SAMPLE tag=interval_d64_s101 mode=interval-spin rep=16 ms=0.916192
SAMPLE tag=interval_d64_s101 mode=interval-spin rep=17 ms=0.916608
SAMPLE tag=interval_d64_s101 mode=interval-spin rep=18 ms=0.916768
SAMPLE tag=interval_d64_s101 mode=interval-spin rep=19 ms=0.916032
SAMPLE tag=interval_d64_s101 mode=interval-spin rep=20 ms=0.915584
SAMPLE tag=interval_d64_s101 mode=interval-spin rep=21 ms=0.914848
SAMPLE tag=interval_d64_s101 mode=interval-spin rep=22 ms=0.914880
SAMPLE tag=interval_d64_s101 mode=interval-spin rep=23 ms=0.915712
SAMPLE tag=interval_d64_s101 mode=interval-spin rep=24 ms=0.915584
SAMPLE tag=interval_d64_s101 mode=interval-spin rep=25 ms=0.916192
SAMPLE tag=interval_d64_s101 mode=interval-spin rep=26 ms=0.916032
SAMPLE tag=interval_d64_s101 mode=interval-spin rep=27 ms=0.915264
SAMPLE tag=interval_d64_s101 mode=interval-spin rep=28 ms=0.916416
SAMPLE tag=interval_d64_s101 mode=interval-spin rep=29 ms=0.916544
SAMPLE tag=interval_d64_s101 mode=interval-spin rep=30 ms=0.916288
interval-spin             0.91578      0.91485       PASS
SAMPLE tag=interval_d64_s101 mode=interval-backoff rep=0 ms=0.918080
SAMPLE tag=interval_d64_s101 mode=interval-backoff rep=1 ms=0.915584
SAMPLE tag=interval_d64_s101 mode=interval-backoff rep=2 ms=0.916032
SAMPLE tag=interval_d64_s101 mode=interval-backoff rep=3 ms=0.915200
SAMPLE tag=interval_d64_s101 mode=interval-backoff rep=4 ms=0.917696
SAMPLE tag=interval_d64_s101 mode=interval-backoff rep=5 ms=0.916032
SAMPLE tag=interval_d64_s101 mode=interval-backoff rep=6 ms=0.915776
SAMPLE tag=interval_d64_s101 mode=interval-backoff rep=7 ms=0.915968
SAMPLE tag=interval_d64_s101 mode=interval-backoff rep=8 ms=0.916064
SAMPLE tag=interval_d64_s101 mode=interval-backoff rep=9 ms=0.915392
SAMPLE tag=interval_d64_s101 mode=interval-backoff rep=10 ms=0.917248
SAMPLE tag=interval_d64_s101 mode=interval-backoff rep=11 ms=0.916320
SAMPLE tag=interval_d64_s101 mode=interval-backoff rep=12 ms=0.916608
SAMPLE tag=interval_d64_s101 mode=interval-backoff rep=13 ms=0.917024
SAMPLE tag=interval_d64_s101 mode=interval-backoff rep=14 ms=0.916256
SAMPLE tag=interval_d64_s101 mode=interval-backoff rep=15 ms=0.916160
SAMPLE tag=interval_d64_s101 mode=interval-backoff rep=16 ms=0.915808
SAMPLE tag=interval_d64_s101 mode=interval-backoff rep=17 ms=0.916832
SAMPLE tag=interval_d64_s101 mode=interval-backoff rep=18 ms=0.916096
SAMPLE tag=interval_d64_s101 mode=interval-backoff rep=19 ms=0.915552
SAMPLE tag=interval_d64_s101 mode=interval-backoff rep=20 ms=0.915872
SAMPLE tag=interval_d64_s101 mode=interval-backoff rep=21 ms=0.915648
SAMPLE tag=interval_d64_s101 mode=interval-backoff rep=22 ms=0.915488
SAMPLE tag=interval_d64_s101 mode=interval-backoff rep=23 ms=0.916288
SAMPLE tag=interval_d64_s101 mode=interval-backoff rep=24 ms=0.915040
SAMPLE tag=interval_d64_s101 mode=interval-backoff rep=25 ms=0.917152
SAMPLE tag=interval_d64_s101 mode=interval-backoff rep=26 ms=0.916288
SAMPLE tag=interval_d64_s101 mode=interval-backoff rep=27 ms=0.915488
SAMPLE tag=interval_d64_s101 mode=interval-backoff rep=28 ms=0.917280
SAMPLE tag=interval_d64_s101 mode=interval-backoff rep=29 ms=0.916160
SAMPLE tag=interval_d64_s101 mode=interval-backoff rep=30 ms=0.915456
interval-backoff          0.91606      0.91504       PASS
SAMPLE tag=interval_d64_s101 mode=exact-backoff rep=0 ms=0.928160
SAMPLE tag=interval_d64_s101 mode=exact-backoff rep=1 ms=0.928096
SAMPLE tag=interval_d64_s101 mode=exact-backoff rep=2 ms=0.928064
SAMPLE tag=interval_d64_s101 mode=exact-backoff rep=3 ms=0.928256
SAMPLE tag=interval_d64_s101 mode=exact-backoff rep=4 ms=0.928288
SAMPLE tag=interval_d64_s101 mode=exact-backoff rep=5 ms=0.928096
SAMPLE tag=interval_d64_s101 mode=exact-backoff rep=6 ms=0.928032
SAMPLE tag=interval_d64_s101 mode=exact-backoff rep=7 ms=0.928160
SAMPLE tag=interval_d64_s101 mode=exact-backoff rep=8 ms=0.927008
SAMPLE tag=interval_d64_s101 mode=exact-backoff rep=9 ms=0.928160
SAMPLE tag=interval_d64_s101 mode=exact-backoff rep=10 ms=0.929408
SAMPLE tag=interval_d64_s101 mode=exact-backoff rep=11 ms=0.927936
SAMPLE tag=interval_d64_s101 mode=exact-backoff rep=12 ms=0.928416
SAMPLE tag=interval_d64_s101 mode=exact-backoff rep=13 ms=0.927968
SAMPLE tag=interval_d64_s101 mode=exact-backoff rep=14 ms=0.928096
SAMPLE tag=interval_d64_s101 mode=exact-backoff rep=15 ms=0.927648
SAMPLE tag=interval_d64_s101 mode=exact-backoff rep=16 ms=0.928288
SAMPLE tag=interval_d64_s101 mode=exact-backoff rep=17 ms=0.928352
SAMPLE tag=interval_d64_s101 mode=exact-backoff rep=18 ms=0.929024
SAMPLE tag=interval_d64_s101 mode=exact-backoff rep=19 ms=0.928864
SAMPLE tag=interval_d64_s101 mode=exact-backoff rep=20 ms=0.928544
SAMPLE tag=interval_d64_s101 mode=exact-backoff rep=21 ms=0.929376
SAMPLE tag=interval_d64_s101 mode=exact-backoff rep=22 ms=0.928288
SAMPLE tag=interval_d64_s101 mode=exact-backoff rep=23 ms=0.927680
SAMPLE tag=interval_d64_s101 mode=exact-backoff rep=24 ms=0.928512
SAMPLE tag=interval_d64_s101 mode=exact-backoff rep=25 ms=0.927680
SAMPLE tag=interval_d64_s101 mode=exact-backoff rep=26 ms=0.927936
SAMPLE tag=interval_d64_s101 mode=exact-backoff rep=27 ms=0.928096
SAMPLE tag=interval_d64_s101 mode=exact-backoff rep=28 ms=0.928832
SAMPLE tag=interval_d64_s101 mode=exact-backoff rep=29 ms=0.928224
SAMPLE tag=interval_d64_s101 mode=exact-backoff rep=30 ms=0.927936
exact-backoff             0.92816      0.92701       PASS
BRACKET floor=1.40909 ceiling=0.89802 space=36.270% impl=interval-backoff impl_ms=0.91606 captured=34.989% of_space=96.5%
SUMMARY_PILOT semantics=2 tag=interval_d64_s101 structure=interval degree=64 eff_degree=64.00 tightness=1.0000 producers=148 consumers=148 threads=128 sms=148 producer_occ=16 consumer_occ=10 trigger_floor=ready trigger_impl=entry trigger_ceiling=entry ready=400000 tail=1000000 prologue=200000 epilogue=1000000 skew_bins=8 repeats=31 floor_ms=1.409088 ceiling_ms=0.898016 interval_spin_ms=0.915776 interval_backoff_ms=0.916064 exact_backoff_ms=0.928160 impl=interval-backoff impl_ms=0.916064 space_pct=36.2697 captured_pct=34.9889 of_space_pct=96.469 valid=1
Device: NVIDIA B200 | SMs=148 | SM clock~1.97 GHz | CC 10.0
Pilot semantics=2 tag=strided_d32_s101 structure=strided degree=32 effective_degree=141.76 tightness=0.2264 grid=148 ready=400000 tail=1000000 prologue=200000 epilogue=1000000 skew_bins=8 repeats=31 producer_occ=16 consumer_occ=10
mode                    median_ms       min_ms      valid
SAMPLE tag=strided_d32_s101 mode=none rep=0 ms=0.899168
SAMPLE tag=strided_d32_s101 mode=none rep=1 ms=0.897760
SAMPLE tag=strided_d32_s101 mode=none rep=2 ms=0.899008
SAMPLE tag=strided_d32_s101 mode=none rep=3 ms=0.898784
SAMPLE tag=strided_d32_s101 mode=none rep=4 ms=0.898784
SAMPLE tag=strided_d32_s101 mode=none rep=5 ms=0.898208
SAMPLE tag=strided_d32_s101 mode=none rep=6 ms=0.897632
SAMPLE tag=strided_d32_s101 mode=none rep=7 ms=0.899072
SAMPLE tag=strided_d32_s101 mode=none rep=8 ms=0.897760
SAMPLE tag=strided_d32_s101 mode=none rep=9 ms=0.898144
SAMPLE tag=strided_d32_s101 mode=none rep=10 ms=0.898976
SAMPLE tag=strided_d32_s101 mode=none rep=11 ms=0.897024
SAMPLE tag=strided_d32_s101 mode=none rep=12 ms=0.899584
SAMPLE tag=strided_d32_s101 mode=none rep=13 ms=0.897760
SAMPLE tag=strided_d32_s101 mode=none rep=14 ms=0.899712
SAMPLE tag=strided_d32_s101 mode=none rep=15 ms=0.898176
SAMPLE tag=strided_d32_s101 mode=none rep=16 ms=0.897952
SAMPLE tag=strided_d32_s101 mode=none rep=17 ms=0.899840
SAMPLE tag=strided_d32_s101 mode=none rep=18 ms=0.897728
SAMPLE tag=strided_d32_s101 mode=none rep=19 ms=0.899872
SAMPLE tag=strided_d32_s101 mode=none rep=20 ms=0.898528
SAMPLE tag=strided_d32_s101 mode=none rep=21 ms=0.899200
SAMPLE tag=strided_d32_s101 mode=none rep=22 ms=0.897856
SAMPLE tag=strided_d32_s101 mode=none rep=23 ms=0.897664
SAMPLE tag=strided_d32_s101 mode=none rep=24 ms=0.899296
SAMPLE tag=strided_d32_s101 mode=none rep=25 ms=0.899328
SAMPLE tag=strided_d32_s101 mode=none rep=26 ms=0.898144
SAMPLE tag=strided_d32_s101 mode=none rep=27 ms=0.898496
SAMPLE tag=strided_d32_s101 mode=none rep=28 ms=0.897760
SAMPLE tag=strided_d32_s101 mode=none rep=29 ms=0.899264
SAMPLE tag=strided_d32_s101 mode=none rep=30 ms=0.899040
none                      0.89853      0.89702        n/a
SAMPLE tag=strided_d32_s101 mode=grid rep=0 ms=1.409184
SAMPLE tag=strided_d32_s101 mode=grid rep=1 ms=1.408800
SAMPLE tag=strided_d32_s101 mode=grid rep=2 ms=1.409472
SAMPLE tag=strided_d32_s101 mode=grid rep=3 ms=1.408224
SAMPLE tag=strided_d32_s101 mode=grid rep=4 ms=1.409280
SAMPLE tag=strided_d32_s101 mode=grid rep=5 ms=1.408128
SAMPLE tag=strided_d32_s101 mode=grid rep=6 ms=1.409792
SAMPLE tag=strided_d32_s101 mode=grid rep=7 ms=1.409568
SAMPLE tag=strided_d32_s101 mode=grid rep=8 ms=1.408064
SAMPLE tag=strided_d32_s101 mode=grid rep=9 ms=1.408864
SAMPLE tag=strided_d32_s101 mode=grid rep=10 ms=1.409536
SAMPLE tag=strided_d32_s101 mode=grid rep=11 ms=1.409888
SAMPLE tag=strided_d32_s101 mode=grid rep=12 ms=1.408896
SAMPLE tag=strided_d32_s101 mode=grid rep=13 ms=1.409216
SAMPLE tag=strided_d32_s101 mode=grid rep=14 ms=1.409408
SAMPLE tag=strided_d32_s101 mode=grid rep=15 ms=1.409568
SAMPLE tag=strided_d32_s101 mode=grid rep=16 ms=1.408640
SAMPLE tag=strided_d32_s101 mode=grid rep=17 ms=1.409408
SAMPLE tag=strided_d32_s101 mode=grid rep=18 ms=1.410240
SAMPLE tag=strided_d32_s101 mode=grid rep=19 ms=1.408992
SAMPLE tag=strided_d32_s101 mode=grid rep=20 ms=1.408480
SAMPLE tag=strided_d32_s101 mode=grid rep=21 ms=1.408096
SAMPLE tag=strided_d32_s101 mode=grid rep=22 ms=1.408256
SAMPLE tag=strided_d32_s101 mode=grid rep=23 ms=1.409696
SAMPLE tag=strided_d32_s101 mode=grid rep=24 ms=1.408928
SAMPLE tag=strided_d32_s101 mode=grid rep=25 ms=1.409120
SAMPLE tag=strided_d32_s101 mode=grid rep=26 ms=1.409504
SAMPLE tag=strided_d32_s101 mode=grid rep=27 ms=1.410080
SAMPLE tag=strided_d32_s101 mode=grid rep=28 ms=1.409632
SAMPLE tag=strided_d32_s101 mode=grid rep=29 ms=1.409536
SAMPLE tag=strided_d32_s101 mode=grid rep=30 ms=1.409504
grid                      1.40928      1.40806       PASS
SAMPLE tag=strided_d32_s101 mode=interval-spin rep=0 ms=0.935360
SAMPLE tag=strided_d32_s101 mode=interval-spin rep=1 ms=0.935872
SAMPLE tag=strided_d32_s101 mode=interval-spin rep=2 ms=0.935520
SAMPLE tag=strided_d32_s101 mode=interval-spin rep=3 ms=0.935712
SAMPLE tag=strided_d32_s101 mode=interval-spin rep=4 ms=0.936576
SAMPLE tag=strided_d32_s101 mode=interval-spin rep=5 ms=0.934496
SAMPLE tag=strided_d32_s101 mode=interval-spin rep=6 ms=0.936608
SAMPLE tag=strided_d32_s101 mode=interval-spin rep=7 ms=0.936864
SAMPLE tag=strided_d32_s101 mode=interval-spin rep=8 ms=0.936064
SAMPLE tag=strided_d32_s101 mode=interval-spin rep=9 ms=0.936000
SAMPLE tag=strided_d32_s101 mode=interval-spin rep=10 ms=0.935616
SAMPLE tag=strided_d32_s101 mode=interval-spin rep=11 ms=0.937216
SAMPLE tag=strided_d32_s101 mode=interval-spin rep=12 ms=0.935584
SAMPLE tag=strided_d32_s101 mode=interval-spin rep=13 ms=0.936256
SAMPLE tag=strided_d32_s101 mode=interval-spin rep=14 ms=0.935360
SAMPLE tag=strided_d32_s101 mode=interval-spin rep=15 ms=0.935232
SAMPLE tag=strided_d32_s101 mode=interval-spin rep=16 ms=0.935296
SAMPLE tag=strided_d32_s101 mode=interval-spin rep=17 ms=0.936384
SAMPLE tag=strided_d32_s101 mode=interval-spin rep=18 ms=0.936032
SAMPLE tag=strided_d32_s101 mode=interval-spin rep=19 ms=0.936416
SAMPLE tag=strided_d32_s101 mode=interval-spin rep=20 ms=0.935936
SAMPLE tag=strided_d32_s101 mode=interval-spin rep=21 ms=0.934336
SAMPLE tag=strided_d32_s101 mode=interval-spin rep=22 ms=0.934944
SAMPLE tag=strided_d32_s101 mode=interval-spin rep=23 ms=0.936192
SAMPLE tag=strided_d32_s101 mode=interval-spin rep=24 ms=0.936128
SAMPLE tag=strided_d32_s101 mode=interval-spin rep=25 ms=0.934784
SAMPLE tag=strided_d32_s101 mode=interval-spin rep=26 ms=0.936448
SAMPLE tag=strided_d32_s101 mode=interval-spin rep=27 ms=0.934880
SAMPLE tag=strided_d32_s101 mode=interval-spin rep=28 ms=0.936864
SAMPLE tag=strided_d32_s101 mode=interval-spin rep=29 ms=0.936704
SAMPLE tag=strided_d32_s101 mode=interval-spin rep=30 ms=0.936192
interval-spin             0.93600      0.93434       PASS
SAMPLE tag=strided_d32_s101 mode=interval-backoff rep=0 ms=0.936544
SAMPLE tag=strided_d32_s101 mode=interval-backoff rep=1 ms=0.934240
SAMPLE tag=strided_d32_s101 mode=interval-backoff rep=2 ms=0.935808
SAMPLE tag=strided_d32_s101 mode=interval-backoff rep=3 ms=0.937440
SAMPLE tag=strided_d32_s101 mode=interval-backoff rep=4 ms=0.936032
SAMPLE tag=strided_d32_s101 mode=interval-backoff rep=5 ms=0.936064
SAMPLE tag=strided_d32_s101 mode=interval-backoff rep=6 ms=0.935776
SAMPLE tag=strided_d32_s101 mode=interval-backoff rep=7 ms=0.934048
SAMPLE tag=strided_d32_s101 mode=interval-backoff rep=8 ms=0.934336
SAMPLE tag=strided_d32_s101 mode=interval-backoff rep=9 ms=0.935744
SAMPLE tag=strided_d32_s101 mode=interval-backoff rep=10 ms=0.935200
SAMPLE tag=strided_d32_s101 mode=interval-backoff rep=11 ms=0.935904
SAMPLE tag=strided_d32_s101 mode=interval-backoff rep=12 ms=0.934624
SAMPLE tag=strided_d32_s101 mode=interval-backoff rep=13 ms=0.934720
SAMPLE tag=strided_d32_s101 mode=interval-backoff rep=14 ms=0.936704
SAMPLE tag=strided_d32_s101 mode=interval-backoff rep=15 ms=0.936224
SAMPLE tag=strided_d32_s101 mode=interval-backoff rep=16 ms=0.937280
SAMPLE tag=strided_d32_s101 mode=interval-backoff rep=17 ms=0.936256
SAMPLE tag=strided_d32_s101 mode=interval-backoff rep=18 ms=0.934656
SAMPLE tag=strided_d32_s101 mode=interval-backoff rep=19 ms=0.934592
SAMPLE tag=strided_d32_s101 mode=interval-backoff rep=20 ms=0.934464
SAMPLE tag=strided_d32_s101 mode=interval-backoff rep=21 ms=0.934976
SAMPLE tag=strided_d32_s101 mode=interval-backoff rep=22 ms=0.935008
SAMPLE tag=strided_d32_s101 mode=interval-backoff rep=23 ms=0.934400
SAMPLE tag=strided_d32_s101 mode=interval-backoff rep=24 ms=0.935776
SAMPLE tag=strided_d32_s101 mode=interval-backoff rep=25 ms=0.937056
SAMPLE tag=strided_d32_s101 mode=interval-backoff rep=26 ms=0.936928
SAMPLE tag=strided_d32_s101 mode=interval-backoff rep=27 ms=0.935072
SAMPLE tag=strided_d32_s101 mode=interval-backoff rep=28 ms=0.934336
SAMPLE tag=strided_d32_s101 mode=interval-backoff rep=29 ms=0.935968
SAMPLE tag=strided_d32_s101 mode=interval-backoff rep=30 ms=0.934208
interval-backoff          0.93574      0.93405       PASS
SAMPLE tag=strided_d32_s101 mode=exact-backoff rep=0 ms=0.915360
SAMPLE tag=strided_d32_s101 mode=exact-backoff rep=1 ms=0.915488
SAMPLE tag=strided_d32_s101 mode=exact-backoff rep=2 ms=0.914880
SAMPLE tag=strided_d32_s101 mode=exact-backoff rep=3 ms=0.915296
SAMPLE tag=strided_d32_s101 mode=exact-backoff rep=4 ms=0.916224
SAMPLE tag=strided_d32_s101 mode=exact-backoff rep=5 ms=0.916992
SAMPLE tag=strided_d32_s101 mode=exact-backoff rep=6 ms=0.917536
SAMPLE tag=strided_d32_s101 mode=exact-backoff rep=7 ms=0.916480
SAMPLE tag=strided_d32_s101 mode=exact-backoff rep=8 ms=0.916704
SAMPLE tag=strided_d32_s101 mode=exact-backoff rep=9 ms=0.917056
SAMPLE tag=strided_d32_s101 mode=exact-backoff rep=10 ms=0.915712
SAMPLE tag=strided_d32_s101 mode=exact-backoff rep=11 ms=0.915712
SAMPLE tag=strided_d32_s101 mode=exact-backoff rep=12 ms=0.915840
SAMPLE tag=strided_d32_s101 mode=exact-backoff rep=13 ms=0.916704
SAMPLE tag=strided_d32_s101 mode=exact-backoff rep=14 ms=0.916512
SAMPLE tag=strided_d32_s101 mode=exact-backoff rep=15 ms=0.916096
SAMPLE tag=strided_d32_s101 mode=exact-backoff rep=16 ms=0.916192
SAMPLE tag=strided_d32_s101 mode=exact-backoff rep=17 ms=0.916128
SAMPLE tag=strided_d32_s101 mode=exact-backoff rep=18 ms=0.916512
SAMPLE tag=strided_d32_s101 mode=exact-backoff rep=19 ms=0.915520
SAMPLE tag=strided_d32_s101 mode=exact-backoff rep=20 ms=0.915520
SAMPLE tag=strided_d32_s101 mode=exact-backoff rep=21 ms=0.917536
SAMPLE tag=strided_d32_s101 mode=exact-backoff rep=22 ms=0.917472
SAMPLE tag=strided_d32_s101 mode=exact-backoff rep=23 ms=0.917504
SAMPLE tag=strided_d32_s101 mode=exact-backoff rep=24 ms=0.916288
SAMPLE tag=strided_d32_s101 mode=exact-backoff rep=25 ms=0.915904
SAMPLE tag=strided_d32_s101 mode=exact-backoff rep=26 ms=0.917088
SAMPLE tag=strided_d32_s101 mode=exact-backoff rep=27 ms=0.915872
SAMPLE tag=strided_d32_s101 mode=exact-backoff rep=28 ms=0.916096
SAMPLE tag=strided_d32_s101 mode=exact-backoff rep=29 ms=0.915680
SAMPLE tag=strided_d32_s101 mode=exact-backoff rep=30 ms=0.916608
exact-backoff             0.91619      0.91488       PASS
BRACKET floor=1.40928 ceiling=0.89853 space=36.242% impl=interval-backoff impl_ms=0.93574 captured=33.601% of_space=92.7%
SUMMARY_PILOT semantics=2 tag=strided_d32_s101 structure=strided degree=32 eff_degree=141.76 tightness=0.2264 producers=148 consumers=148 threads=128 sms=148 producer_occ=16 consumer_occ=10 trigger_floor=ready trigger_impl=entry trigger_ceiling=entry ready=400000 tail=1000000 prologue=200000 epilogue=1000000 skew_bins=8 repeats=31 floor_ms=1.409280 ceiling_ms=0.898528 interval_spin_ms=0.936000 interval_backoff_ms=0.935744 exact_backoff_ms=0.916192 impl=interval-backoff impl_ms=0.935744 space_pct=36.2421 captured_pct=33.6013 of_space_pct=92.713 valid=1
Device: NVIDIA B200 | SMs=148 | SM clock~1.97 GHz | CC 10.0
Pilot semantics=2 tag=tail0_d8_s101 structure=interval degree=8 effective_degree=8.00 tightness=1.0000 grid=148 ready=400000 tail=0 prologue=200000 epilogue=1000000 skew_bins=8 repeats=31 producer_occ=16 consumer_occ=10
mode                    median_ms       min_ms      valid
SAMPLE tag=tail0_d8_s101 mode=none rep=0 ms=0.621472
SAMPLE tag=tail0_d8_s101 mode=none rep=1 ms=0.621376
SAMPLE tag=tail0_d8_s101 mode=none rep=2 ms=0.622304
SAMPLE tag=tail0_d8_s101 mode=none rep=3 ms=0.620864
SAMPLE tag=tail0_d8_s101 mode=none rep=4 ms=0.622176
SAMPLE tag=tail0_d8_s101 mode=none rep=5 ms=0.619424
SAMPLE tag=tail0_d8_s101 mode=none rep=6 ms=0.621696
SAMPLE tag=tail0_d8_s101 mode=none rep=7 ms=0.618816
SAMPLE tag=tail0_d8_s101 mode=none rep=8 ms=0.618496
SAMPLE tag=tail0_d8_s101 mode=none rep=9 ms=0.621120
SAMPLE tag=tail0_d8_s101 mode=none rep=10 ms=0.620768
SAMPLE tag=tail0_d8_s101 mode=none rep=11 ms=0.620416
SAMPLE tag=tail0_d8_s101 mode=none rep=12 ms=0.619776
SAMPLE tag=tail0_d8_s101 mode=none rep=13 ms=0.620832
SAMPLE tag=tail0_d8_s101 mode=none rep=14 ms=0.620544
SAMPLE tag=tail0_d8_s101 mode=none rep=15 ms=0.618752
SAMPLE tag=tail0_d8_s101 mode=none rep=16 ms=0.618464
SAMPLE tag=tail0_d8_s101 mode=none rep=17 ms=0.620416
SAMPLE tag=tail0_d8_s101 mode=none rep=18 ms=0.619232
SAMPLE tag=tail0_d8_s101 mode=none rep=19 ms=0.621024
SAMPLE tag=tail0_d8_s101 mode=none rep=20 ms=0.619808
SAMPLE tag=tail0_d8_s101 mode=none rep=21 ms=0.620288
SAMPLE tag=tail0_d8_s101 mode=none rep=22 ms=0.618816
SAMPLE tag=tail0_d8_s101 mode=none rep=23 ms=0.619648
SAMPLE tag=tail0_d8_s101 mode=none rep=24 ms=0.618976
SAMPLE tag=tail0_d8_s101 mode=none rep=25 ms=0.620320
SAMPLE tag=tail0_d8_s101 mode=none rep=26 ms=0.619936
SAMPLE tag=tail0_d8_s101 mode=none rep=27 ms=0.619328
SAMPLE tag=tail0_d8_s101 mode=none rep=28 ms=0.620768
SAMPLE tag=tail0_d8_s101 mode=none rep=29 ms=0.620800
SAMPLE tag=tail0_d8_s101 mode=none rep=30 ms=0.620896
none                      0.62042      0.61846        n/a
SAMPLE tag=tail0_d8_s101 mode=grid rep=0 ms=1.000384
SAMPLE tag=tail0_d8_s101 mode=grid rep=1 ms=1.001760
SAMPLE tag=tail0_d8_s101 mode=grid rep=2 ms=1.001696
SAMPLE tag=tail0_d8_s101 mode=grid rep=3 ms=1.001088
SAMPLE tag=tail0_d8_s101 mode=grid rep=4 ms=1.002304
SAMPLE tag=tail0_d8_s101 mode=grid rep=5 ms=1.001664
SAMPLE tag=tail0_d8_s101 mode=grid rep=6 ms=1.001344
SAMPLE tag=tail0_d8_s101 mode=grid rep=7 ms=1.001696
SAMPLE tag=tail0_d8_s101 mode=grid rep=8 ms=1.001760
SAMPLE tag=tail0_d8_s101 mode=grid rep=9 ms=1.000704
SAMPLE tag=tail0_d8_s101 mode=grid rep=10 ms=1.002016
SAMPLE tag=tail0_d8_s101 mode=grid rep=11 ms=1.002016
SAMPLE tag=tail0_d8_s101 mode=grid rep=12 ms=1.000736
SAMPLE tag=tail0_d8_s101 mode=grid rep=13 ms=1.000608
SAMPLE tag=tail0_d8_s101 mode=grid rep=14 ms=1.003936
SAMPLE tag=tail0_d8_s101 mode=grid rep=15 ms=1.001952
SAMPLE tag=tail0_d8_s101 mode=grid rep=16 ms=1.001184
SAMPLE tag=tail0_d8_s101 mode=grid rep=17 ms=1.001088
SAMPLE tag=tail0_d8_s101 mode=grid rep=18 ms=1.002304
SAMPLE tag=tail0_d8_s101 mode=grid rep=19 ms=1.001216
SAMPLE tag=tail0_d8_s101 mode=grid rep=20 ms=1.000768
SAMPLE tag=tail0_d8_s101 mode=grid rep=21 ms=1.000640
SAMPLE tag=tail0_d8_s101 mode=grid rep=22 ms=1.001984
SAMPLE tag=tail0_d8_s101 mode=grid rep=23 ms=1.001056
SAMPLE tag=tail0_d8_s101 mode=grid rep=24 ms=1.001600
SAMPLE tag=tail0_d8_s101 mode=grid rep=25 ms=1.000544
SAMPLE tag=tail0_d8_s101 mode=grid rep=26 ms=1.000896
SAMPLE tag=tail0_d8_s101 mode=grid rep=27 ms=1.001888
SAMPLE tag=tail0_d8_s101 mode=grid rep=28 ms=1.001824
SAMPLE tag=tail0_d8_s101 mode=grid rep=29 ms=1.002144
SAMPLE tag=tail0_d8_s101 mode=grid rep=30 ms=1.001440
grid                      1.00160      1.00038       PASS
SAMPLE tag=tail0_d8_s101 mode=interval-spin rep=0 ms=0.901696
SAMPLE tag=tail0_d8_s101 mode=interval-spin rep=1 ms=0.901600
SAMPLE tag=tail0_d8_s101 mode=interval-spin rep=2 ms=0.902208
SAMPLE tag=tail0_d8_s101 mode=interval-spin rep=3 ms=0.902592
SAMPLE tag=tail0_d8_s101 mode=interval-spin rep=4 ms=0.901024
SAMPLE tag=tail0_d8_s101 mode=interval-spin rep=5 ms=0.901184
SAMPLE tag=tail0_d8_s101 mode=interval-spin rep=6 ms=0.901920
SAMPLE tag=tail0_d8_s101 mode=interval-spin rep=7 ms=0.902432
SAMPLE tag=tail0_d8_s101 mode=interval-spin rep=8 ms=0.901184
SAMPLE tag=tail0_d8_s101 mode=interval-spin rep=9 ms=0.900832
SAMPLE tag=tail0_d8_s101 mode=interval-spin rep=10 ms=0.902304
SAMPLE tag=tail0_d8_s101 mode=interval-spin rep=11 ms=0.905568
SAMPLE tag=tail0_d8_s101 mode=interval-spin rep=12 ms=0.900608
SAMPLE tag=tail0_d8_s101 mode=interval-spin rep=13 ms=0.901856
SAMPLE tag=tail0_d8_s101 mode=interval-spin rep=14 ms=0.902592
SAMPLE tag=tail0_d8_s101 mode=interval-spin rep=15 ms=0.902176
SAMPLE tag=tail0_d8_s101 mode=interval-spin rep=16 ms=0.901760
SAMPLE tag=tail0_d8_s101 mode=interval-spin rep=17 ms=0.901920
SAMPLE tag=tail0_d8_s101 mode=interval-spin rep=18 ms=0.901728
SAMPLE tag=tail0_d8_s101 mode=interval-spin rep=19 ms=0.902528
SAMPLE tag=tail0_d8_s101 mode=interval-spin rep=20 ms=0.901632
SAMPLE tag=tail0_d8_s101 mode=interval-spin rep=21 ms=0.901728
SAMPLE tag=tail0_d8_s101 mode=interval-spin rep=22 ms=0.900768
SAMPLE tag=tail0_d8_s101 mode=interval-spin rep=23 ms=0.900960
SAMPLE tag=tail0_d8_s101 mode=interval-spin rep=24 ms=0.901280
SAMPLE tag=tail0_d8_s101 mode=interval-spin rep=25 ms=0.901376
SAMPLE tag=tail0_d8_s101 mode=interval-spin rep=26 ms=0.901504
SAMPLE tag=tail0_d8_s101 mode=interval-spin rep=27 ms=0.900704
SAMPLE tag=tail0_d8_s101 mode=interval-spin rep=28 ms=0.900704
SAMPLE tag=tail0_d8_s101 mode=interval-spin rep=29 ms=0.902240
SAMPLE tag=tail0_d8_s101 mode=interval-spin rep=30 ms=0.902208
interval-spin             0.90173      0.90061       PASS
SAMPLE tag=tail0_d8_s101 mode=interval-backoff rep=0 ms=0.902688
SAMPLE tag=tail0_d8_s101 mode=interval-backoff rep=1 ms=0.902336
SAMPLE tag=tail0_d8_s101 mode=interval-backoff rep=2 ms=0.901248
SAMPLE tag=tail0_d8_s101 mode=interval-backoff rep=3 ms=0.902048
SAMPLE tag=tail0_d8_s101 mode=interval-backoff rep=4 ms=0.901440
SAMPLE tag=tail0_d8_s101 mode=interval-backoff rep=5 ms=0.901120
SAMPLE tag=tail0_d8_s101 mode=interval-backoff rep=6 ms=0.902464
SAMPLE tag=tail0_d8_s101 mode=interval-backoff rep=7 ms=0.902944
SAMPLE tag=tail0_d8_s101 mode=interval-backoff rep=8 ms=0.903072
SAMPLE tag=tail0_d8_s101 mode=interval-backoff rep=9 ms=0.902240
SAMPLE tag=tail0_d8_s101 mode=interval-backoff rep=10 ms=0.900032
SAMPLE tag=tail0_d8_s101 mode=interval-backoff rep=11 ms=0.902080
SAMPLE tag=tail0_d8_s101 mode=interval-backoff rep=12 ms=0.901920
SAMPLE tag=tail0_d8_s101 mode=interval-backoff rep=13 ms=0.901920
SAMPLE tag=tail0_d8_s101 mode=interval-backoff rep=14 ms=0.901824
SAMPLE tag=tail0_d8_s101 mode=interval-backoff rep=15 ms=0.902496
SAMPLE tag=tail0_d8_s101 mode=interval-backoff rep=16 ms=0.901856
SAMPLE tag=tail0_d8_s101 mode=interval-backoff rep=17 ms=0.901408
SAMPLE tag=tail0_d8_s101 mode=interval-backoff rep=18 ms=0.901120
SAMPLE tag=tail0_d8_s101 mode=interval-backoff rep=19 ms=0.900512
SAMPLE tag=tail0_d8_s101 mode=interval-backoff rep=20 ms=0.900608
SAMPLE tag=tail0_d8_s101 mode=interval-backoff rep=21 ms=0.900512
SAMPLE tag=tail0_d8_s101 mode=interval-backoff rep=22 ms=0.903136
SAMPLE tag=tail0_d8_s101 mode=interval-backoff rep=23 ms=0.903616
SAMPLE tag=tail0_d8_s101 mode=interval-backoff rep=24 ms=0.902432
SAMPLE tag=tail0_d8_s101 mode=interval-backoff rep=25 ms=0.902176
SAMPLE tag=tail0_d8_s101 mode=interval-backoff rep=26 ms=0.901952
SAMPLE tag=tail0_d8_s101 mode=interval-backoff rep=27 ms=0.900512
SAMPLE tag=tail0_d8_s101 mode=interval-backoff rep=28 ms=0.901216
SAMPLE tag=tail0_d8_s101 mode=interval-backoff rep=29 ms=0.902848
SAMPLE tag=tail0_d8_s101 mode=interval-backoff rep=30 ms=0.901312
interval-backoff          0.90192      0.90003       PASS
SAMPLE tag=tail0_d8_s101 mode=exact-backoff rep=0 ms=0.903648
SAMPLE tag=tail0_d8_s101 mode=exact-backoff rep=1 ms=0.903552
SAMPLE tag=tail0_d8_s101 mode=exact-backoff rep=2 ms=0.905120
SAMPLE tag=tail0_d8_s101 mode=exact-backoff rep=3 ms=0.903552
SAMPLE tag=tail0_d8_s101 mode=exact-backoff rep=4 ms=0.904320
SAMPLE tag=tail0_d8_s101 mode=exact-backoff rep=5 ms=0.904448
SAMPLE tag=tail0_d8_s101 mode=exact-backoff rep=6 ms=0.903296
SAMPLE tag=tail0_d8_s101 mode=exact-backoff rep=7 ms=0.903712
SAMPLE tag=tail0_d8_s101 mode=exact-backoff rep=8 ms=0.902784
SAMPLE tag=tail0_d8_s101 mode=exact-backoff rep=9 ms=0.904288
SAMPLE tag=tail0_d8_s101 mode=exact-backoff rep=10 ms=0.902944
SAMPLE tag=tail0_d8_s101 mode=exact-backoff rep=11 ms=0.902336
SAMPLE tag=tail0_d8_s101 mode=exact-backoff rep=12 ms=0.904288
SAMPLE tag=tail0_d8_s101 mode=exact-backoff rep=13 ms=0.904000
SAMPLE tag=tail0_d8_s101 mode=exact-backoff rep=14 ms=0.902816
SAMPLE tag=tail0_d8_s101 mode=exact-backoff rep=15 ms=0.903584
SAMPLE tag=tail0_d8_s101 mode=exact-backoff rep=16 ms=0.904128
SAMPLE tag=tail0_d8_s101 mode=exact-backoff rep=17 ms=0.903872
SAMPLE tag=tail0_d8_s101 mode=exact-backoff rep=18 ms=0.903584
SAMPLE tag=tail0_d8_s101 mode=exact-backoff rep=19 ms=0.904064
SAMPLE tag=tail0_d8_s101 mode=exact-backoff rep=20 ms=0.902624
SAMPLE tag=tail0_d8_s101 mode=exact-backoff rep=21 ms=0.903552
SAMPLE tag=tail0_d8_s101 mode=exact-backoff rep=22 ms=0.902464
SAMPLE tag=tail0_d8_s101 mode=exact-backoff rep=23 ms=0.904288
SAMPLE tag=tail0_d8_s101 mode=exact-backoff rep=24 ms=0.902624
SAMPLE tag=tail0_d8_s101 mode=exact-backoff rep=25 ms=0.903360
SAMPLE tag=tail0_d8_s101 mode=exact-backoff rep=26 ms=0.903616
SAMPLE tag=tail0_d8_s101 mode=exact-backoff rep=27 ms=0.904224
SAMPLE tag=tail0_d8_s101 mode=exact-backoff rep=28 ms=0.903712
SAMPLE tag=tail0_d8_s101 mode=exact-backoff rep=29 ms=0.903680
SAMPLE tag=tail0_d8_s101 mode=exact-backoff rep=30 ms=0.903424
exact-backoff             0.90362      0.90234       PASS
BRACKET floor=1.00160 ceiling=0.62042 space=38.058% impl=interval-backoff impl_ms=0.90192 captured=9.952% of_space=26.2%
SUMMARY_PILOT semantics=2 tag=tail0_d8_s101 structure=interval degree=8 eff_degree=8.00 tightness=1.0000 producers=148 consumers=148 threads=128 sms=148 producer_occ=16 consumer_occ=10 trigger_floor=ready trigger_impl=entry trigger_ceiling=entry ready=400000 tail=0 prologue=200000 epilogue=1000000 skew_bins=8 repeats=31 floor_ms=1.001600 ceiling_ms=0.620416 interval_spin_ms=0.901728 interval_backoff_ms=0.901920 exact_backoff_ms=0.903616 impl=interval-backoff impl_ms=0.901920 space_pct=38.0575 captured_pct=9.9521 of_space_pct=26.150 valid=1
Device: NVIDIA B200 | SMs=148 | SM clock~1.97 GHz | CC 10.0
Pilot semantics=2 tag=tail2m_d8_s101 structure=interval degree=8 effective_degree=8.00 tightness=1.0000 grid=148 ready=400000 tail=2000000 prologue=200000 epilogue=1000000 skew_bins=8 repeats=31 producer_occ=16 consumer_occ=10
mode                    median_ms       min_ms      valid
SAMPLE tag=tail2m_d8_s101 mode=none rep=0 ms=1.408192
SAMPLE tag=tail2m_d8_s101 mode=none rep=1 ms=1.408704
SAMPLE tag=tail2m_d8_s101 mode=none rep=2 ms=1.407456
SAMPLE tag=tail2m_d8_s101 mode=none rep=3 ms=1.408160
SAMPLE tag=tail2m_d8_s101 mode=none rep=4 ms=1.408320
SAMPLE tag=tail2m_d8_s101 mode=none rep=5 ms=1.406688
SAMPLE tag=tail2m_d8_s101 mode=none rep=6 ms=1.407648
SAMPLE tag=tail2m_d8_s101 mode=none rep=7 ms=1.407200
SAMPLE tag=tail2m_d8_s101 mode=none rep=8 ms=1.407488
SAMPLE tag=tail2m_d8_s101 mode=none rep=9 ms=1.408768
SAMPLE tag=tail2m_d8_s101 mode=none rep=10 ms=1.407936
SAMPLE tag=tail2m_d8_s101 mode=none rep=11 ms=1.408288
SAMPLE tag=tail2m_d8_s101 mode=none rep=12 ms=1.407488
SAMPLE tag=tail2m_d8_s101 mode=none rep=13 ms=1.407392
SAMPLE tag=tail2m_d8_s101 mode=none rep=14 ms=1.407616
SAMPLE tag=tail2m_d8_s101 mode=none rep=15 ms=1.407456
SAMPLE tag=tail2m_d8_s101 mode=none rep=16 ms=1.407776
SAMPLE tag=tail2m_d8_s101 mode=none rep=17 ms=1.408096
SAMPLE tag=tail2m_d8_s101 mode=none rep=18 ms=1.408576
SAMPLE tag=tail2m_d8_s101 mode=none rep=19 ms=1.407936
SAMPLE tag=tail2m_d8_s101 mode=none rep=20 ms=1.407808
SAMPLE tag=tail2m_d8_s101 mode=none rep=21 ms=1.408128
SAMPLE tag=tail2m_d8_s101 mode=none rep=22 ms=1.408096
SAMPLE tag=tail2m_d8_s101 mode=none rep=23 ms=1.407200
SAMPLE tag=tail2m_d8_s101 mode=none rep=24 ms=1.408576
SAMPLE tag=tail2m_d8_s101 mode=none rep=25 ms=1.408000
SAMPLE tag=tail2m_d8_s101 mode=none rep=26 ms=1.408512
SAMPLE tag=tail2m_d8_s101 mode=none rep=27 ms=1.407136
SAMPLE tag=tail2m_d8_s101 mode=none rep=28 ms=1.407360
SAMPLE tag=tail2m_d8_s101 mode=none rep=29 ms=1.407904
SAMPLE tag=tail2m_d8_s101 mode=none rep=30 ms=1.407968
none                      1.40794      1.40669        n/a
SAMPLE tag=tail2m_d8_s101 mode=grid rep=0 ms=1.917024
SAMPLE tag=tail2m_d8_s101 mode=grid rep=1 ms=1.918880
SAMPLE tag=tail2m_d8_s101 mode=grid rep=2 ms=1.917056
SAMPLE tag=tail2m_d8_s101 mode=grid rep=3 ms=1.918080
SAMPLE tag=tail2m_d8_s101 mode=grid rep=4 ms=1.917472
SAMPLE tag=tail2m_d8_s101 mode=grid rep=5 ms=1.917504
SAMPLE tag=tail2m_d8_s101 mode=grid rep=6 ms=1.917632
SAMPLE tag=tail2m_d8_s101 mode=grid rep=7 ms=1.919328
SAMPLE tag=tail2m_d8_s101 mode=grid rep=8 ms=1.917824
SAMPLE tag=tail2m_d8_s101 mode=grid rep=9 ms=1.918144
SAMPLE tag=tail2m_d8_s101 mode=grid rep=10 ms=1.918976
SAMPLE tag=tail2m_d8_s101 mode=grid rep=11 ms=1.917056
SAMPLE tag=tail2m_d8_s101 mode=grid rep=12 ms=1.917376
SAMPLE tag=tail2m_d8_s101 mode=grid rep=13 ms=1.917600
SAMPLE tag=tail2m_d8_s101 mode=grid rep=14 ms=1.917248
SAMPLE tag=tail2m_d8_s101 mode=grid rep=15 ms=1.919040
SAMPLE tag=tail2m_d8_s101 mode=grid rep=16 ms=1.916704
SAMPLE tag=tail2m_d8_s101 mode=grid rep=17 ms=1.917280
SAMPLE tag=tail2m_d8_s101 mode=grid rep=18 ms=1.917600
SAMPLE tag=tail2m_d8_s101 mode=grid rep=19 ms=1.918112
SAMPLE tag=tail2m_d8_s101 mode=grid rep=20 ms=1.917120
SAMPLE tag=tail2m_d8_s101 mode=grid rep=21 ms=1.918176
SAMPLE tag=tail2m_d8_s101 mode=grid rep=22 ms=1.917440
SAMPLE tag=tail2m_d8_s101 mode=grid rep=23 ms=1.917856
SAMPLE tag=tail2m_d8_s101 mode=grid rep=24 ms=1.918560
SAMPLE tag=tail2m_d8_s101 mode=grid rep=25 ms=1.918464
SAMPLE tag=tail2m_d8_s101 mode=grid rep=26 ms=1.917408
SAMPLE tag=tail2m_d8_s101 mode=grid rep=27 ms=1.919072
SAMPLE tag=tail2m_d8_s101 mode=grid rep=28 ms=1.917952
SAMPLE tag=tail2m_d8_s101 mode=grid rep=29 ms=1.916800
SAMPLE tag=tail2m_d8_s101 mode=grid rep=30 ms=1.918176
grid                      1.91763      1.91670       PASS
SAMPLE tag=tail2m_d8_s101 mode=interval-spin rep=0 ms=1.408768
SAMPLE tag=tail2m_d8_s101 mode=interval-spin rep=1 ms=1.407424
SAMPLE tag=tail2m_d8_s101 mode=interval-spin rep=2 ms=1.407392
SAMPLE tag=tail2m_d8_s101 mode=interval-spin rep=3 ms=1.407872
SAMPLE tag=tail2m_d8_s101 mode=interval-spin rep=4 ms=1.408128
SAMPLE tag=tail2m_d8_s101 mode=interval-spin rep=5 ms=1.407136
SAMPLE tag=tail2m_d8_s101 mode=interval-spin rep=6 ms=1.407264
SAMPLE tag=tail2m_d8_s101 mode=interval-spin rep=7 ms=1.408320
SAMPLE tag=tail2m_d8_s101 mode=interval-spin rep=8 ms=1.407584
SAMPLE tag=tail2m_d8_s101 mode=interval-spin rep=9 ms=1.408288
SAMPLE tag=tail2m_d8_s101 mode=interval-spin rep=10 ms=1.408832
SAMPLE tag=tail2m_d8_s101 mode=interval-spin rep=11 ms=1.406880
SAMPLE tag=tail2m_d8_s101 mode=interval-spin rep=12 ms=1.407488
SAMPLE tag=tail2m_d8_s101 mode=interval-spin rep=13 ms=1.408576
SAMPLE tag=tail2m_d8_s101 mode=interval-spin rep=14 ms=1.409504
SAMPLE tag=tail2m_d8_s101 mode=interval-spin rep=15 ms=1.409024
SAMPLE tag=tail2m_d8_s101 mode=interval-spin rep=16 ms=1.408768
SAMPLE tag=tail2m_d8_s101 mode=interval-spin rep=17 ms=1.408064
SAMPLE tag=tail2m_d8_s101 mode=interval-spin rep=18 ms=1.408224
SAMPLE tag=tail2m_d8_s101 mode=interval-spin rep=19 ms=1.409952
SAMPLE tag=tail2m_d8_s101 mode=interval-spin rep=20 ms=1.407296
SAMPLE tag=tail2m_d8_s101 mode=interval-spin rep=21 ms=1.407744
SAMPLE tag=tail2m_d8_s101 mode=interval-spin rep=22 ms=1.407168
SAMPLE tag=tail2m_d8_s101 mode=interval-spin rep=23 ms=1.409312
SAMPLE tag=tail2m_d8_s101 mode=interval-spin rep=24 ms=1.408832
SAMPLE tag=tail2m_d8_s101 mode=interval-spin rep=25 ms=1.407488
SAMPLE tag=tail2m_d8_s101 mode=interval-spin rep=26 ms=1.407456
SAMPLE tag=tail2m_d8_s101 mode=interval-spin rep=27 ms=1.407648
SAMPLE tag=tail2m_d8_s101 mode=interval-spin rep=28 ms=1.408320
SAMPLE tag=tail2m_d8_s101 mode=interval-spin rep=29 ms=1.406976
SAMPLE tag=tail2m_d8_s101 mode=interval-spin rep=30 ms=1.408096
interval-spin             1.40806      1.40688       PASS
SAMPLE tag=tail2m_d8_s101 mode=interval-backoff rep=0 ms=1.407296
SAMPLE tag=tail2m_d8_s101 mode=interval-backoff rep=1 ms=1.407936
SAMPLE tag=tail2m_d8_s101 mode=interval-backoff rep=2 ms=1.407456
SAMPLE tag=tail2m_d8_s101 mode=interval-backoff rep=3 ms=1.408032
SAMPLE tag=tail2m_d8_s101 mode=interval-backoff rep=4 ms=1.409312
SAMPLE tag=tail2m_d8_s101 mode=interval-backoff rep=5 ms=1.409056
SAMPLE tag=tail2m_d8_s101 mode=interval-backoff rep=6 ms=1.407904
SAMPLE tag=tail2m_d8_s101 mode=interval-backoff rep=7 ms=1.407520
SAMPLE tag=tail2m_d8_s101 mode=interval-backoff rep=8 ms=1.407744
SAMPLE tag=tail2m_d8_s101 mode=interval-backoff rep=9 ms=1.408512
SAMPLE tag=tail2m_d8_s101 mode=interval-backoff rep=10 ms=1.408480
SAMPLE tag=tail2m_d8_s101 mode=interval-backoff rep=11 ms=1.408352
SAMPLE tag=tail2m_d8_s101 mode=interval-backoff rep=12 ms=1.409376
SAMPLE tag=tail2m_d8_s101 mode=interval-backoff rep=13 ms=1.408768
SAMPLE tag=tail2m_d8_s101 mode=interval-backoff rep=14 ms=1.407584
SAMPLE tag=tail2m_d8_s101 mode=interval-backoff rep=15 ms=1.407424
SAMPLE tag=tail2m_d8_s101 mode=interval-backoff rep=16 ms=1.408000
SAMPLE tag=tail2m_d8_s101 mode=interval-backoff rep=17 ms=1.407296
SAMPLE tag=tail2m_d8_s101 mode=interval-backoff rep=18 ms=1.407968
SAMPLE tag=tail2m_d8_s101 mode=interval-backoff rep=19 ms=1.408608
SAMPLE tag=tail2m_d8_s101 mode=interval-backoff rep=20 ms=1.407808
SAMPLE tag=tail2m_d8_s101 mode=interval-backoff rep=21 ms=1.407200
SAMPLE tag=tail2m_d8_s101 mode=interval-backoff rep=22 ms=1.408800
SAMPLE tag=tail2m_d8_s101 mode=interval-backoff rep=23 ms=1.407488
SAMPLE tag=tail2m_d8_s101 mode=interval-backoff rep=24 ms=1.407200
SAMPLE tag=tail2m_d8_s101 mode=interval-backoff rep=25 ms=1.407488
SAMPLE tag=tail2m_d8_s101 mode=interval-backoff rep=26 ms=1.408480
SAMPLE tag=tail2m_d8_s101 mode=interval-backoff rep=27 ms=1.408096
SAMPLE tag=tail2m_d8_s101 mode=interval-backoff rep=28 ms=1.408384
SAMPLE tag=tail2m_d8_s101 mode=interval-backoff rep=29 ms=1.409312
SAMPLE tag=tail2m_d8_s101 mode=interval-backoff rep=30 ms=1.407552
interval-backoff          1.40797      1.40720       PASS
SAMPLE tag=tail2m_d8_s101 mode=exact-backoff rep=0 ms=1.409408
SAMPLE tag=tail2m_d8_s101 mode=exact-backoff rep=1 ms=1.409600
SAMPLE tag=tail2m_d8_s101 mode=exact-backoff rep=2 ms=1.409088
SAMPLE tag=tail2m_d8_s101 mode=exact-backoff rep=3 ms=1.407360
SAMPLE tag=tail2m_d8_s101 mode=exact-backoff rep=4 ms=1.407840
SAMPLE tag=tail2m_d8_s101 mode=exact-backoff rep=5 ms=1.407392
SAMPLE tag=tail2m_d8_s101 mode=exact-backoff rep=6 ms=1.407296
SAMPLE tag=tail2m_d8_s101 mode=exact-backoff rep=7 ms=1.408928
SAMPLE tag=tail2m_d8_s101 mode=exact-backoff rep=8 ms=1.409312
SAMPLE tag=tail2m_d8_s101 mode=exact-backoff rep=9 ms=1.407520
SAMPLE tag=tail2m_d8_s101 mode=exact-backoff rep=10 ms=1.408160
SAMPLE tag=tail2m_d8_s101 mode=exact-backoff rep=11 ms=1.409440
SAMPLE tag=tail2m_d8_s101 mode=exact-backoff rep=12 ms=1.407776
SAMPLE tag=tail2m_d8_s101 mode=exact-backoff rep=13 ms=1.408512
SAMPLE tag=tail2m_d8_s101 mode=exact-backoff rep=14 ms=1.409120
SAMPLE tag=tail2m_d8_s101 mode=exact-backoff rep=15 ms=1.407488
SAMPLE tag=tail2m_d8_s101 mode=exact-backoff rep=16 ms=1.407200
SAMPLE tag=tail2m_d8_s101 mode=exact-backoff rep=17 ms=1.409216
SAMPLE tag=tail2m_d8_s101 mode=exact-backoff rep=18 ms=1.407264
SAMPLE tag=tail2m_d8_s101 mode=exact-backoff rep=19 ms=1.409152
SAMPLE tag=tail2m_d8_s101 mode=exact-backoff rep=20 ms=1.407136
SAMPLE tag=tail2m_d8_s101 mode=exact-backoff rep=21 ms=1.407776
SAMPLE tag=tail2m_d8_s101 mode=exact-backoff rep=22 ms=1.409216
SAMPLE tag=tail2m_d8_s101 mode=exact-backoff rep=23 ms=1.408768
SAMPLE tag=tail2m_d8_s101 mode=exact-backoff rep=24 ms=1.408256
SAMPLE tag=tail2m_d8_s101 mode=exact-backoff rep=25 ms=1.409184
SAMPLE tag=tail2m_d8_s101 mode=exact-backoff rep=26 ms=1.408224
SAMPLE tag=tail2m_d8_s101 mode=exact-backoff rep=27 ms=1.411840
SAMPLE tag=tail2m_d8_s101 mode=exact-backoff rep=28 ms=1.407488
SAMPLE tag=tail2m_d8_s101 mode=exact-backoff rep=29 ms=1.409088
SAMPLE tag=tail2m_d8_s101 mode=exact-backoff rep=30 ms=1.408896
exact-backoff             1.40851      1.40714       PASS
BRACKET floor=1.91763 ceiling=1.40794 space=26.579% impl=interval-backoff impl_ms=1.40797 captured=26.578% of_space=100.0%
SUMMARY_PILOT semantics=2 tag=tail2m_d8_s101 structure=interval degree=8 eff_degree=8.00 tightness=1.0000 producers=148 consumers=148 threads=128 sms=148 producer_occ=16 consumer_occ=10 trigger_floor=ready trigger_impl=entry trigger_ceiling=entry ready=400000 tail=2000000 prologue=200000 epilogue=1000000 skew_bins=8 repeats=31 floor_ms=1.917632 ceiling_ms=1.407936 interval_spin_ms=1.408064 interval_backoff_ms=1.407968 exact_backoff_ms=1.408512 impl=interval-backoff impl_ms=1.407968 space_pct=26.5794 captured_pct=26.5778 of_space_pct=99.994 valid=1
Device: NVIDIA B200 | SMs=148 | SM clock~1.97 GHz | CC 10.0
Pilot semantics=2 tag=grid64_d8_s101 structure=interval degree=8 effective_degree=8.00 tightness=1.0000 grid=64 ready=400000 tail=1000000 prologue=200000 epilogue=1000000 skew_bins=8 repeats=31 producer_occ=16 consumer_occ=10
mode                    median_ms       min_ms      valid
SAMPLE tag=grid64_d8_s101 mode=none rep=0 ms=0.897216
SAMPLE tag=grid64_d8_s101 mode=none rep=1 ms=0.896960
SAMPLE tag=grid64_d8_s101 mode=none rep=2 ms=0.896864
SAMPLE tag=grid64_d8_s101 mode=none rep=3 ms=0.896416
SAMPLE tag=grid64_d8_s101 mode=none rep=4 ms=0.897472
SAMPLE tag=grid64_d8_s101 mode=none rep=5 ms=0.897568
SAMPLE tag=grid64_d8_s101 mode=none rep=6 ms=0.898464
SAMPLE tag=grid64_d8_s101 mode=none rep=7 ms=0.897312
SAMPLE tag=grid64_d8_s101 mode=none rep=8 ms=0.897472
SAMPLE tag=grid64_d8_s101 mode=none rep=9 ms=0.897504
SAMPLE tag=grid64_d8_s101 mode=none rep=10 ms=0.896640
SAMPLE tag=grid64_d8_s101 mode=none rep=11 ms=0.897312
SAMPLE tag=grid64_d8_s101 mode=none rep=12 ms=0.897664
SAMPLE tag=grid64_d8_s101 mode=none rep=13 ms=0.897472
SAMPLE tag=grid64_d8_s101 mode=none rep=14 ms=0.898016
SAMPLE tag=grid64_d8_s101 mode=none rep=15 ms=0.897600
SAMPLE tag=grid64_d8_s101 mode=none rep=16 ms=0.897760
SAMPLE tag=grid64_d8_s101 mode=none rep=17 ms=0.897888
SAMPLE tag=grid64_d8_s101 mode=none rep=18 ms=0.896992
SAMPLE tag=grid64_d8_s101 mode=none rep=19 ms=0.897184
SAMPLE tag=grid64_d8_s101 mode=none rep=20 ms=0.898528
SAMPLE tag=grid64_d8_s101 mode=none rep=21 ms=0.896704
SAMPLE tag=grid64_d8_s101 mode=none rep=22 ms=0.898304
SAMPLE tag=grid64_d8_s101 mode=none rep=23 ms=0.896544
SAMPLE tag=grid64_d8_s101 mode=none rep=24 ms=0.897568
SAMPLE tag=grid64_d8_s101 mode=none rep=25 ms=0.897664
SAMPLE tag=grid64_d8_s101 mode=none rep=26 ms=0.897952
SAMPLE tag=grid64_d8_s101 mode=none rep=27 ms=0.897696
SAMPLE tag=grid64_d8_s101 mode=none rep=28 ms=0.897376
SAMPLE tag=grid64_d8_s101 mode=none rep=29 ms=0.897312
SAMPLE tag=grid64_d8_s101 mode=none rep=30 ms=0.897824
none                      0.89747      0.89642        n/a
SAMPLE tag=grid64_d8_s101 mode=grid rep=0 ms=1.408544
SAMPLE tag=grid64_d8_s101 mode=grid rep=1 ms=1.409376
SAMPLE tag=grid64_d8_s101 mode=grid rep=2 ms=1.409920
SAMPLE tag=grid64_d8_s101 mode=grid rep=3 ms=1.409280
SAMPLE tag=grid64_d8_s101 mode=grid rep=4 ms=1.407648
SAMPLE tag=grid64_d8_s101 mode=grid rep=5 ms=1.409216
SAMPLE tag=grid64_d8_s101 mode=grid rep=6 ms=1.409056
SAMPLE tag=grid64_d8_s101 mode=grid rep=7 ms=1.409504
SAMPLE tag=grid64_d8_s101 mode=grid rep=8 ms=1.407584
SAMPLE tag=grid64_d8_s101 mode=grid rep=9 ms=1.408928
SAMPLE tag=grid64_d8_s101 mode=grid rep=10 ms=1.409472
SAMPLE tag=grid64_d8_s101 mode=grid rep=11 ms=1.409504
SAMPLE tag=grid64_d8_s101 mode=grid rep=12 ms=1.408192
SAMPLE tag=grid64_d8_s101 mode=grid rep=13 ms=1.407680
SAMPLE tag=grid64_d8_s101 mode=grid rep=14 ms=1.407488
SAMPLE tag=grid64_d8_s101 mode=grid rep=15 ms=1.407392
SAMPLE tag=grid64_d8_s101 mode=grid rep=16 ms=1.407392
SAMPLE tag=grid64_d8_s101 mode=grid rep=17 ms=1.408960
SAMPLE tag=grid64_d8_s101 mode=grid rep=18 ms=1.408320
SAMPLE tag=grid64_d8_s101 mode=grid rep=19 ms=1.408160
SAMPLE tag=grid64_d8_s101 mode=grid rep=20 ms=1.408416
SAMPLE tag=grid64_d8_s101 mode=grid rep=21 ms=1.408480
SAMPLE tag=grid64_d8_s101 mode=grid rep=22 ms=1.407552
SAMPLE tag=grid64_d8_s101 mode=grid rep=23 ms=1.408032
SAMPLE tag=grid64_d8_s101 mode=grid rep=24 ms=1.408544
SAMPLE tag=grid64_d8_s101 mode=grid rep=25 ms=1.408960
SAMPLE tag=grid64_d8_s101 mode=grid rep=26 ms=1.408704
SAMPLE tag=grid64_d8_s101 mode=grid rep=27 ms=1.408576
SAMPLE tag=grid64_d8_s101 mode=grid rep=28 ms=1.408832
SAMPLE tag=grid64_d8_s101 mode=grid rep=29 ms=1.408800
SAMPLE tag=grid64_d8_s101 mode=grid rep=30 ms=1.408128
grid                      1.40854      1.40739       PASS
SAMPLE tag=grid64_d8_s101 mode=interval-spin rep=0 ms=0.900320
SAMPLE tag=grid64_d8_s101 mode=interval-spin rep=1 ms=0.900192
SAMPLE tag=grid64_d8_s101 mode=interval-spin rep=2 ms=0.900544
SAMPLE tag=grid64_d8_s101 mode=interval-spin rep=3 ms=0.901632
SAMPLE tag=grid64_d8_s101 mode=interval-spin rep=4 ms=0.901760
SAMPLE tag=grid64_d8_s101 mode=interval-spin rep=5 ms=0.900640
SAMPLE tag=grid64_d8_s101 mode=interval-spin rep=6 ms=0.900864
SAMPLE tag=grid64_d8_s101 mode=interval-spin rep=7 ms=0.900960
SAMPLE tag=grid64_d8_s101 mode=interval-spin rep=8 ms=0.901632
SAMPLE tag=grid64_d8_s101 mode=interval-spin rep=9 ms=0.900384
SAMPLE tag=grid64_d8_s101 mode=interval-spin rep=10 ms=0.900736
SAMPLE tag=grid64_d8_s101 mode=interval-spin rep=11 ms=0.901344
SAMPLE tag=grid64_d8_s101 mode=interval-spin rep=12 ms=0.900768
SAMPLE tag=grid64_d8_s101 mode=interval-spin rep=13 ms=0.901248
SAMPLE tag=grid64_d8_s101 mode=interval-spin rep=14 ms=0.901280
SAMPLE tag=grid64_d8_s101 mode=interval-spin rep=15 ms=0.901824
SAMPLE tag=grid64_d8_s101 mode=interval-spin rep=16 ms=0.901056
SAMPLE tag=grid64_d8_s101 mode=interval-spin rep=17 ms=0.900320
SAMPLE tag=grid64_d8_s101 mode=interval-spin rep=18 ms=0.901792
SAMPLE tag=grid64_d8_s101 mode=interval-spin rep=19 ms=0.901664
SAMPLE tag=grid64_d8_s101 mode=interval-spin rep=20 ms=0.901760
SAMPLE tag=grid64_d8_s101 mode=interval-spin rep=21 ms=0.901824
SAMPLE tag=grid64_d8_s101 mode=interval-spin rep=22 ms=0.900864
SAMPLE tag=grid64_d8_s101 mode=interval-spin rep=23 ms=0.901728
SAMPLE tag=grid64_d8_s101 mode=interval-spin rep=24 ms=0.902016
SAMPLE tag=grid64_d8_s101 mode=interval-spin rep=25 ms=0.899936
SAMPLE tag=grid64_d8_s101 mode=interval-spin rep=26 ms=0.900064
SAMPLE tag=grid64_d8_s101 mode=interval-spin rep=27 ms=0.900064
SAMPLE tag=grid64_d8_s101 mode=interval-spin rep=28 ms=0.901376
SAMPLE tag=grid64_d8_s101 mode=interval-spin rep=29 ms=0.901728
SAMPLE tag=grid64_d8_s101 mode=interval-spin rep=30 ms=0.901984
interval-spin             0.90125      0.89994       PASS
SAMPLE tag=grid64_d8_s101 mode=interval-backoff rep=0 ms=0.902528
SAMPLE tag=grid64_d8_s101 mode=interval-backoff rep=1 ms=0.900928
SAMPLE tag=grid64_d8_s101 mode=interval-backoff rep=2 ms=0.902496
SAMPLE tag=grid64_d8_s101 mode=interval-backoff rep=3 ms=0.902432
SAMPLE tag=grid64_d8_s101 mode=interval-backoff rep=4 ms=0.902592
SAMPLE tag=grid64_d8_s101 mode=interval-backoff rep=5 ms=0.901792
SAMPLE tag=grid64_d8_s101 mode=interval-backoff rep=6 ms=0.901120
SAMPLE tag=grid64_d8_s101 mode=interval-backoff rep=7 ms=0.901984
SAMPLE tag=grid64_d8_s101 mode=interval-backoff rep=8 ms=0.902080
SAMPLE tag=grid64_d8_s101 mode=interval-backoff rep=9 ms=0.901888
SAMPLE tag=grid64_d8_s101 mode=interval-backoff rep=10 ms=0.901888
SAMPLE tag=grid64_d8_s101 mode=interval-backoff rep=11 ms=0.902368
SAMPLE tag=grid64_d8_s101 mode=interval-backoff rep=12 ms=0.900704
SAMPLE tag=grid64_d8_s101 mode=interval-backoff rep=13 ms=0.902016
SAMPLE tag=grid64_d8_s101 mode=interval-backoff rep=14 ms=0.903808
SAMPLE tag=grid64_d8_s101 mode=interval-backoff rep=15 ms=0.901600
SAMPLE tag=grid64_d8_s101 mode=interval-backoff rep=16 ms=0.901568
SAMPLE tag=grid64_d8_s101 mode=interval-backoff rep=17 ms=0.902464
SAMPLE tag=grid64_d8_s101 mode=interval-backoff rep=18 ms=0.901120
SAMPLE tag=grid64_d8_s101 mode=interval-backoff rep=19 ms=0.902752
SAMPLE tag=grid64_d8_s101 mode=interval-backoff rep=20 ms=0.901952
SAMPLE tag=grid64_d8_s101 mode=interval-backoff rep=21 ms=0.901568
SAMPLE tag=grid64_d8_s101 mode=interval-backoff rep=22 ms=0.901184
SAMPLE tag=grid64_d8_s101 mode=interval-backoff rep=23 ms=0.902304
SAMPLE tag=grid64_d8_s101 mode=interval-backoff rep=24 ms=0.900800
SAMPLE tag=grid64_d8_s101 mode=interval-backoff rep=25 ms=0.901184
SAMPLE tag=grid64_d8_s101 mode=interval-backoff rep=26 ms=0.900352
SAMPLE tag=grid64_d8_s101 mode=interval-backoff rep=27 ms=0.903552
SAMPLE tag=grid64_d8_s101 mode=interval-backoff rep=28 ms=0.902688
SAMPLE tag=grid64_d8_s101 mode=interval-backoff rep=29 ms=0.902240
SAMPLE tag=grid64_d8_s101 mode=interval-backoff rep=30 ms=0.900288
interval-backoff          0.90195      0.90029       PASS
SAMPLE tag=grid64_d8_s101 mode=exact-backoff rep=0 ms=0.903168
SAMPLE tag=grid64_d8_s101 mode=exact-backoff rep=1 ms=0.904832
SAMPLE tag=grid64_d8_s101 mode=exact-backoff rep=2 ms=0.902976
SAMPLE tag=grid64_d8_s101 mode=exact-backoff rep=3 ms=0.901760
SAMPLE tag=grid64_d8_s101 mode=exact-backoff rep=4 ms=0.903776
SAMPLE tag=grid64_d8_s101 mode=exact-backoff rep=5 ms=0.903648
SAMPLE tag=grid64_d8_s101 mode=exact-backoff rep=6 ms=0.903072
SAMPLE tag=grid64_d8_s101 mode=exact-backoff rep=7 ms=0.902176
SAMPLE tag=grid64_d8_s101 mode=exact-backoff rep=8 ms=0.904224
SAMPLE tag=grid64_d8_s101 mode=exact-backoff rep=9 ms=0.904320
SAMPLE tag=grid64_d8_s101 mode=exact-backoff rep=10 ms=0.903552
SAMPLE tag=grid64_d8_s101 mode=exact-backoff rep=11 ms=0.902080
SAMPLE tag=grid64_d8_s101 mode=exact-backoff rep=12 ms=0.904320
SAMPLE tag=grid64_d8_s101 mode=exact-backoff rep=13 ms=0.904096
SAMPLE tag=grid64_d8_s101 mode=exact-backoff rep=14 ms=0.903648
SAMPLE tag=grid64_d8_s101 mode=exact-backoff rep=15 ms=0.903136
SAMPLE tag=grid64_d8_s101 mode=exact-backoff rep=16 ms=0.903072
SAMPLE tag=grid64_d8_s101 mode=exact-backoff rep=17 ms=0.902848
SAMPLE tag=grid64_d8_s101 mode=exact-backoff rep=18 ms=0.903200
SAMPLE tag=grid64_d8_s101 mode=exact-backoff rep=19 ms=0.904320
SAMPLE tag=grid64_d8_s101 mode=exact-backoff rep=20 ms=0.903200
SAMPLE tag=grid64_d8_s101 mode=exact-backoff rep=21 ms=0.903808
SAMPLE tag=grid64_d8_s101 mode=exact-backoff rep=22 ms=0.902656
SAMPLE tag=grid64_d8_s101 mode=exact-backoff rep=23 ms=0.902304
SAMPLE tag=grid64_d8_s101 mode=exact-backoff rep=24 ms=0.904256
SAMPLE tag=grid64_d8_s101 mode=exact-backoff rep=25 ms=0.904448
SAMPLE tag=grid64_d8_s101 mode=exact-backoff rep=26 ms=0.902848
SAMPLE tag=grid64_d8_s101 mode=exact-backoff rep=27 ms=0.903360
SAMPLE tag=grid64_d8_s101 mode=exact-backoff rep=28 ms=0.903040
SAMPLE tag=grid64_d8_s101 mode=exact-backoff rep=29 ms=0.903552
SAMPLE tag=grid64_d8_s101 mode=exact-backoff rep=30 ms=0.903104
exact-backoff             0.90320      0.90176       PASS
BRACKET floor=1.40854 ceiling=0.89747 space=36.284% impl=interval-backoff impl_ms=0.90195 captured=35.966% of_space=99.1%
SUMMARY_PILOT semantics=2 tag=grid64_d8_s101 structure=interval degree=8 eff_degree=8.00 tightness=1.0000 producers=64 consumers=64 threads=128 sms=148 producer_occ=16 consumer_occ=10 trigger_floor=ready trigger_impl=entry trigger_ceiling=entry ready=400000 tail=1000000 prologue=200000 epilogue=1000000 skew_bins=8 repeats=31 floor_ms=1.408544 ceiling_ms=0.897472 interval_spin_ms=0.901248 interval_backoff_ms=0.901952 exact_backoff_ms=0.903200 impl=interval-backoff impl_ms=0.901952 space_pct=36.2837 captured_pct=35.9656 of_space_pct=99.123 valid=1
Device: NVIDIA B200 | SMs=148 | SM clock~1.97 GHz | CC 10.0
Pilot semantics=2 tag=interval_d1_s202 structure=interval degree=1 effective_degree=1.00 tightness=1.0000 grid=148 ready=400000 tail=1000000 prologue=200000 epilogue=1000000 skew_bins=8 repeats=31 producer_occ=16 consumer_occ=10
mode                    median_ms       min_ms      valid
SAMPLE tag=interval_d1_s202 mode=none rep=0 ms=0.897568
SAMPLE tag=interval_d1_s202 mode=none rep=1 ms=0.899168
SAMPLE tag=interval_d1_s202 mode=none rep=2 ms=0.898848
SAMPLE tag=interval_d1_s202 mode=none rep=3 ms=0.897568
SAMPLE tag=interval_d1_s202 mode=none rep=4 ms=0.898848
SAMPLE tag=interval_d1_s202 mode=none rep=5 ms=0.898816
SAMPLE tag=interval_d1_s202 mode=none rep=6 ms=0.899488
SAMPLE tag=interval_d1_s202 mode=none rep=7 ms=0.897824
SAMPLE tag=interval_d1_s202 mode=none rep=8 ms=0.899168
SAMPLE tag=interval_d1_s202 mode=none rep=9 ms=0.898112
SAMPLE tag=interval_d1_s202 mode=none rep=10 ms=0.897984
SAMPLE tag=interval_d1_s202 mode=none rep=11 ms=0.897696
SAMPLE tag=interval_d1_s202 mode=none rep=12 ms=0.897600
SAMPLE tag=interval_d1_s202 mode=none rep=13 ms=0.898592
SAMPLE tag=interval_d1_s202 mode=none rep=14 ms=0.898656
SAMPLE tag=interval_d1_s202 mode=none rep=15 ms=0.897536
SAMPLE tag=interval_d1_s202 mode=none rep=16 ms=0.899104
SAMPLE tag=interval_d1_s202 mode=none rep=17 ms=0.898304
SAMPLE tag=interval_d1_s202 mode=none rep=18 ms=0.897888
SAMPLE tag=interval_d1_s202 mode=none rep=19 ms=0.897504
SAMPLE tag=interval_d1_s202 mode=none rep=20 ms=0.897888
SAMPLE tag=interval_d1_s202 mode=none rep=21 ms=0.899360
SAMPLE tag=interval_d1_s202 mode=none rep=22 ms=0.898464
SAMPLE tag=interval_d1_s202 mode=none rep=23 ms=0.898048
SAMPLE tag=interval_d1_s202 mode=none rep=24 ms=0.899200
SAMPLE tag=interval_d1_s202 mode=none rep=25 ms=0.899296
SAMPLE tag=interval_d1_s202 mode=none rep=26 ms=0.899104
SAMPLE tag=interval_d1_s202 mode=none rep=27 ms=0.897952
SAMPLE tag=interval_d1_s202 mode=none rep=28 ms=0.898368
SAMPLE tag=interval_d1_s202 mode=none rep=29 ms=0.899072
SAMPLE tag=interval_d1_s202 mode=none rep=30 ms=0.897696
none                      0.89837      0.89750        n/a
SAMPLE tag=interval_d1_s202 mode=grid rep=0 ms=1.408224
SAMPLE tag=interval_d1_s202 mode=grid rep=1 ms=1.409056
SAMPLE tag=interval_d1_s202 mode=grid rep=2 ms=1.409376
SAMPLE tag=interval_d1_s202 mode=grid rep=3 ms=1.409440
SAMPLE tag=interval_d1_s202 mode=grid rep=4 ms=1.408640
SAMPLE tag=interval_d1_s202 mode=grid rep=5 ms=1.410144
SAMPLE tag=interval_d1_s202 mode=grid rep=6 ms=1.410144
SAMPLE tag=interval_d1_s202 mode=grid rep=7 ms=1.409504
SAMPLE tag=interval_d1_s202 mode=grid rep=8 ms=1.409184
SAMPLE tag=interval_d1_s202 mode=grid rep=9 ms=1.415808
SAMPLE tag=interval_d1_s202 mode=grid rep=10 ms=1.409376
SAMPLE tag=interval_d1_s202 mode=grid rep=11 ms=1.409440
SAMPLE tag=interval_d1_s202 mode=grid rep=12 ms=1.409472
SAMPLE tag=interval_d1_s202 mode=grid rep=13 ms=1.408032
SAMPLE tag=interval_d1_s202 mode=grid rep=14 ms=1.408832
SAMPLE tag=interval_d1_s202 mode=grid rep=15 ms=1.409376
SAMPLE tag=interval_d1_s202 mode=grid rep=16 ms=1.408608
SAMPLE tag=interval_d1_s202 mode=grid rep=17 ms=1.408064
SAMPLE tag=interval_d1_s202 mode=grid rep=18 ms=1.409760
SAMPLE tag=interval_d1_s202 mode=grid rep=19 ms=1.408832
SAMPLE tag=interval_d1_s202 mode=grid rep=20 ms=1.409088
SAMPLE tag=interval_d1_s202 mode=grid rep=21 ms=1.407552
SAMPLE tag=interval_d1_s202 mode=grid rep=22 ms=1.409248
SAMPLE tag=interval_d1_s202 mode=grid rep=23 ms=1.409792
SAMPLE tag=interval_d1_s202 mode=grid rep=24 ms=1.408896
SAMPLE tag=interval_d1_s202 mode=grid rep=25 ms=1.409024
SAMPLE tag=interval_d1_s202 mode=grid rep=26 ms=1.409280
SAMPLE tag=interval_d1_s202 mode=grid rep=27 ms=1.407744
SAMPLE tag=interval_d1_s202 mode=grid rep=28 ms=1.407840
SAMPLE tag=interval_d1_s202 mode=grid rep=29 ms=1.408256
SAMPLE tag=interval_d1_s202 mode=grid rep=30 ms=1.407968
grid                      1.40909      1.40755       PASS
SAMPLE tag=interval_d1_s202 mode=interval-spin rep=0 ms=0.900672
SAMPLE tag=interval_d1_s202 mode=interval-spin rep=1 ms=0.900896
SAMPLE tag=interval_d1_s202 mode=interval-spin rep=2 ms=0.899552
SAMPLE tag=interval_d1_s202 mode=interval-spin rep=3 ms=0.901056
SAMPLE tag=interval_d1_s202 mode=interval-spin rep=4 ms=0.899456
SAMPLE tag=interval_d1_s202 mode=interval-spin rep=5 ms=0.899648
SAMPLE tag=interval_d1_s202 mode=interval-spin rep=6 ms=0.899712
SAMPLE tag=interval_d1_s202 mode=interval-spin rep=7 ms=0.900480
SAMPLE tag=interval_d1_s202 mode=interval-spin rep=8 ms=0.900864
SAMPLE tag=interval_d1_s202 mode=interval-spin rep=9 ms=0.900800
SAMPLE tag=interval_d1_s202 mode=interval-spin rep=10 ms=0.899712
SAMPLE tag=interval_d1_s202 mode=interval-spin rep=11 ms=0.900416
SAMPLE tag=interval_d1_s202 mode=interval-spin rep=12 ms=0.900288
SAMPLE tag=interval_d1_s202 mode=interval-spin rep=13 ms=0.899488
SAMPLE tag=interval_d1_s202 mode=interval-spin rep=14 ms=0.900896
SAMPLE tag=interval_d1_s202 mode=interval-spin rep=15 ms=0.901184
SAMPLE tag=interval_d1_s202 mode=interval-spin rep=16 ms=0.899520
SAMPLE tag=interval_d1_s202 mode=interval-spin rep=17 ms=0.899712
SAMPLE tag=interval_d1_s202 mode=interval-spin rep=18 ms=0.899776
SAMPLE tag=interval_d1_s202 mode=interval-spin rep=19 ms=0.899616
SAMPLE tag=interval_d1_s202 mode=interval-spin rep=20 ms=0.899552
SAMPLE tag=interval_d1_s202 mode=interval-spin rep=21 ms=0.899872
SAMPLE tag=interval_d1_s202 mode=interval-spin rep=22 ms=0.899808
SAMPLE tag=interval_d1_s202 mode=interval-spin rep=23 ms=0.899680
SAMPLE tag=interval_d1_s202 mode=interval-spin rep=24 ms=0.900128
SAMPLE tag=interval_d1_s202 mode=interval-spin rep=25 ms=0.899712
SAMPLE tag=interval_d1_s202 mode=interval-spin rep=26 ms=0.900800
SAMPLE tag=interval_d1_s202 mode=interval-spin rep=27 ms=0.899296
SAMPLE tag=interval_d1_s202 mode=interval-spin rep=28 ms=0.899232
SAMPLE tag=interval_d1_s202 mode=interval-spin rep=29 ms=0.900416
SAMPLE tag=interval_d1_s202 mode=interval-spin rep=30 ms=0.899808
interval-spin             0.89981      0.89923       PASS
SAMPLE tag=interval_d1_s202 mode=interval-backoff rep=0 ms=0.899616
SAMPLE tag=interval_d1_s202 mode=interval-backoff rep=1 ms=0.900544
SAMPLE tag=interval_d1_s202 mode=interval-backoff rep=2 ms=0.900352
SAMPLE tag=interval_d1_s202 mode=interval-backoff rep=3 ms=0.900832
SAMPLE tag=interval_d1_s202 mode=interval-backoff rep=4 ms=0.901472
SAMPLE tag=interval_d1_s202 mode=interval-backoff rep=5 ms=0.899584
SAMPLE tag=interval_d1_s202 mode=interval-backoff rep=6 ms=0.899776
SAMPLE tag=interval_d1_s202 mode=interval-backoff rep=7 ms=0.900320
SAMPLE tag=interval_d1_s202 mode=interval-backoff rep=8 ms=0.902464
SAMPLE tag=interval_d1_s202 mode=interval-backoff rep=9 ms=0.901280
SAMPLE tag=interval_d1_s202 mode=interval-backoff rep=10 ms=0.899584
SAMPLE tag=interval_d1_s202 mode=interval-backoff rep=11 ms=0.902464
SAMPLE tag=interval_d1_s202 mode=interval-backoff rep=12 ms=0.901152
SAMPLE tag=interval_d1_s202 mode=interval-backoff rep=13 ms=0.902112
SAMPLE tag=interval_d1_s202 mode=interval-backoff rep=14 ms=0.901696
SAMPLE tag=interval_d1_s202 mode=interval-backoff rep=15 ms=0.900416
SAMPLE tag=interval_d1_s202 mode=interval-backoff rep=16 ms=0.899744
SAMPLE tag=interval_d1_s202 mode=interval-backoff rep=17 ms=0.899648
SAMPLE tag=interval_d1_s202 mode=interval-backoff rep=18 ms=0.899680
SAMPLE tag=interval_d1_s202 mode=interval-backoff rep=19 ms=0.899648
SAMPLE tag=interval_d1_s202 mode=interval-backoff rep=20 ms=0.899744
SAMPLE tag=interval_d1_s202 mode=interval-backoff rep=21 ms=0.901248
SAMPLE tag=interval_d1_s202 mode=interval-backoff rep=22 ms=0.900576
SAMPLE tag=interval_d1_s202 mode=interval-backoff rep=23 ms=0.900352
SAMPLE tag=interval_d1_s202 mode=interval-backoff rep=24 ms=0.900544
SAMPLE tag=interval_d1_s202 mode=interval-backoff rep=25 ms=0.901056
SAMPLE tag=interval_d1_s202 mode=interval-backoff rep=26 ms=0.900512
SAMPLE tag=interval_d1_s202 mode=interval-backoff rep=27 ms=0.901984
SAMPLE tag=interval_d1_s202 mode=interval-backoff rep=28 ms=0.900704
SAMPLE tag=interval_d1_s202 mode=interval-backoff rep=29 ms=0.901600
SAMPLE tag=interval_d1_s202 mode=interval-backoff rep=30 ms=0.901024
interval-backoff          0.90054      0.89958       PASS
SAMPLE tag=interval_d1_s202 mode=exact-backoff rep=0 ms=0.899456
SAMPLE tag=interval_d1_s202 mode=exact-backoff rep=1 ms=0.899360
SAMPLE tag=interval_d1_s202 mode=exact-backoff rep=2 ms=0.901024
SAMPLE tag=interval_d1_s202 mode=exact-backoff rep=3 ms=0.901344
SAMPLE tag=interval_d1_s202 mode=exact-backoff rep=4 ms=0.899616
SAMPLE tag=interval_d1_s202 mode=exact-backoff rep=5 ms=0.900000
SAMPLE tag=interval_d1_s202 mode=exact-backoff rep=6 ms=0.899424
SAMPLE tag=interval_d1_s202 mode=exact-backoff rep=7 ms=0.900448
SAMPLE tag=interval_d1_s202 mode=exact-backoff rep=8 ms=0.900128
SAMPLE tag=interval_d1_s202 mode=exact-backoff rep=9 ms=0.902304
SAMPLE tag=interval_d1_s202 mode=exact-backoff rep=10 ms=0.901056
SAMPLE tag=interval_d1_s202 mode=exact-backoff rep=11 ms=0.901088
SAMPLE tag=interval_d1_s202 mode=exact-backoff rep=12 ms=0.901376
SAMPLE tag=interval_d1_s202 mode=exact-backoff rep=13 ms=0.901664
SAMPLE tag=interval_d1_s202 mode=exact-backoff rep=14 ms=0.902144
SAMPLE tag=interval_d1_s202 mode=exact-backoff rep=15 ms=0.900800
SAMPLE tag=interval_d1_s202 mode=exact-backoff rep=16 ms=0.901312
SAMPLE tag=interval_d1_s202 mode=exact-backoff rep=17 ms=0.900512
SAMPLE tag=interval_d1_s202 mode=exact-backoff rep=18 ms=0.901184
SAMPLE tag=interval_d1_s202 mode=exact-backoff rep=19 ms=0.900064
SAMPLE tag=interval_d1_s202 mode=exact-backoff rep=20 ms=0.899680
SAMPLE tag=interval_d1_s202 mode=exact-backoff rep=21 ms=0.902304
SAMPLE tag=interval_d1_s202 mode=exact-backoff rep=22 ms=0.900448
SAMPLE tag=interval_d1_s202 mode=exact-backoff rep=23 ms=0.902464
SAMPLE tag=interval_d1_s202 mode=exact-backoff rep=24 ms=0.900416
SAMPLE tag=interval_d1_s202 mode=exact-backoff rep=25 ms=0.901568
SAMPLE tag=interval_d1_s202 mode=exact-backoff rep=26 ms=0.901984
SAMPLE tag=interval_d1_s202 mode=exact-backoff rep=27 ms=0.900160
SAMPLE tag=interval_d1_s202 mode=exact-backoff rep=28 ms=0.901568
SAMPLE tag=interval_d1_s202 mode=exact-backoff rep=29 ms=0.901344
SAMPLE tag=interval_d1_s202 mode=exact-backoff rep=30 ms=0.901504
exact-backoff             0.90106      0.89936       PASS
BRACKET floor=1.40909 ceiling=0.89837 space=36.245% impl=interval-backoff impl_ms=0.90054 captured=36.090% of_space=99.6%
SUMMARY_PILOT semantics=2 tag=interval_d1_s202 structure=interval degree=1 eff_degree=1.00 tightness=1.0000 producers=148 consumers=148 threads=128 sms=148 producer_occ=16 consumer_occ=10 trigger_floor=ready trigger_impl=entry trigger_ceiling=entry ready=400000 tail=1000000 prologue=200000 epilogue=1000000 skew_bins=8 repeats=31 floor_ms=1.409088 ceiling_ms=0.898368 interval_spin_ms=0.899808 interval_backoff_ms=0.900544 exact_backoff_ms=0.901056 impl=interval-backoff impl_ms=0.900544 space_pct=36.2447 captured_pct=36.0903 of_space_pct=99.574 valid=1
Device: NVIDIA B200 | SMs=148 | SM clock~1.97 GHz | CC 10.0
Pilot semantics=2 tag=interval_d8_s202 structure=interval degree=8 effective_degree=8.00 tightness=1.0000 grid=148 ready=400000 tail=1000000 prologue=200000 epilogue=1000000 skew_bins=8 repeats=31 producer_occ=16 consumer_occ=10
mode                    median_ms       min_ms      valid
SAMPLE tag=interval_d8_s202 mode=none rep=0 ms=0.899136
SAMPLE tag=interval_d8_s202 mode=none rep=1 ms=0.897696
SAMPLE tag=interval_d8_s202 mode=none rep=2 ms=0.898144
SAMPLE tag=interval_d8_s202 mode=none rep=3 ms=0.899072
SAMPLE tag=interval_d8_s202 mode=none rep=4 ms=0.898784
SAMPLE tag=interval_d8_s202 mode=none rep=5 ms=0.898560
SAMPLE tag=interval_d8_s202 mode=none rep=6 ms=0.899776
SAMPLE tag=interval_d8_s202 mode=none rep=7 ms=0.898752
SAMPLE tag=interval_d8_s202 mode=none rep=8 ms=0.898400
SAMPLE tag=interval_d8_s202 mode=none rep=9 ms=0.897504
SAMPLE tag=interval_d8_s202 mode=none rep=10 ms=0.898560
SAMPLE tag=interval_d8_s202 mode=none rep=11 ms=0.897952
SAMPLE tag=interval_d8_s202 mode=none rep=12 ms=0.897504
SAMPLE tag=interval_d8_s202 mode=none rep=13 ms=0.898720
SAMPLE tag=interval_d8_s202 mode=none rep=14 ms=0.897152
SAMPLE tag=interval_d8_s202 mode=none rep=15 ms=0.899360
SAMPLE tag=interval_d8_s202 mode=none rep=16 ms=0.898016
SAMPLE tag=interval_d8_s202 mode=none rep=17 ms=0.899584
SAMPLE tag=interval_d8_s202 mode=none rep=18 ms=0.898272
SAMPLE tag=interval_d8_s202 mode=none rep=19 ms=0.897536
SAMPLE tag=interval_d8_s202 mode=none rep=20 ms=0.898336
SAMPLE tag=interval_d8_s202 mode=none rep=21 ms=0.898656
SAMPLE tag=interval_d8_s202 mode=none rep=22 ms=0.898496
SAMPLE tag=interval_d8_s202 mode=none rep=23 ms=0.897472
SAMPLE tag=interval_d8_s202 mode=none rep=24 ms=0.898368
SAMPLE tag=interval_d8_s202 mode=none rep=25 ms=0.898176
SAMPLE tag=interval_d8_s202 mode=none rep=26 ms=0.897824
SAMPLE tag=interval_d8_s202 mode=none rep=27 ms=0.898560
SAMPLE tag=interval_d8_s202 mode=none rep=28 ms=0.897312
SAMPLE tag=interval_d8_s202 mode=none rep=29 ms=0.897856
SAMPLE tag=interval_d8_s202 mode=none rep=30 ms=0.899104
none                      0.89837      0.89715        n/a
SAMPLE tag=interval_d8_s202 mode=grid rep=0 ms=1.409056
SAMPLE tag=interval_d8_s202 mode=grid rep=1 ms=1.408960
SAMPLE tag=interval_d8_s202 mode=grid rep=2 ms=1.408512
SAMPLE tag=interval_d8_s202 mode=grid rep=3 ms=1.408512
SAMPLE tag=interval_d8_s202 mode=grid rep=4 ms=1.409280
SAMPLE tag=interval_d8_s202 mode=grid rep=5 ms=1.407904
SAMPLE tag=interval_d8_s202 mode=grid rep=6 ms=1.409632
SAMPLE tag=interval_d8_s202 mode=grid rep=7 ms=1.407680
SAMPLE tag=interval_d8_s202 mode=grid rep=8 ms=1.409248
SAMPLE tag=interval_d8_s202 mode=grid rep=9 ms=1.409280
SAMPLE tag=interval_d8_s202 mode=grid rep=10 ms=1.409920
SAMPLE tag=interval_d8_s202 mode=grid rep=11 ms=1.409504
SAMPLE tag=interval_d8_s202 mode=grid rep=12 ms=1.409248
SAMPLE tag=interval_d8_s202 mode=grid rep=13 ms=1.409856
SAMPLE tag=interval_d8_s202 mode=grid rep=14 ms=1.409440
SAMPLE tag=interval_d8_s202 mode=grid rep=15 ms=1.413664
SAMPLE tag=interval_d8_s202 mode=grid rep=16 ms=1.408672
SAMPLE tag=interval_d8_s202 mode=grid rep=17 ms=1.408960
SAMPLE tag=interval_d8_s202 mode=grid rep=18 ms=1.408576
SAMPLE tag=interval_d8_s202 mode=grid rep=19 ms=1.408224
SAMPLE tag=interval_d8_s202 mode=grid rep=20 ms=1.408704
SAMPLE tag=interval_d8_s202 mode=grid rep=21 ms=1.408128
SAMPLE tag=interval_d8_s202 mode=grid rep=22 ms=1.409056
SAMPLE tag=interval_d8_s202 mode=grid rep=23 ms=1.408448
SAMPLE tag=interval_d8_s202 mode=grid rep=24 ms=1.409376
SAMPLE tag=interval_d8_s202 mode=grid rep=25 ms=1.408256
SAMPLE tag=interval_d8_s202 mode=grid rep=26 ms=1.408128
SAMPLE tag=interval_d8_s202 mode=grid rep=27 ms=1.409664
SAMPLE tag=interval_d8_s202 mode=grid rep=28 ms=1.407680
SAMPLE tag=interval_d8_s202 mode=grid rep=29 ms=1.408608
SAMPLE tag=interval_d8_s202 mode=grid rep=30 ms=1.408736
grid                      1.40896      1.40768       PASS
SAMPLE tag=interval_d8_s202 mode=interval-spin rep=0 ms=0.900736
SAMPLE tag=interval_d8_s202 mode=interval-spin rep=1 ms=0.902400
SAMPLE tag=interval_d8_s202 mode=interval-spin rep=2 ms=0.902496
SAMPLE tag=interval_d8_s202 mode=interval-spin rep=3 ms=0.901408
SAMPLE tag=interval_d8_s202 mode=interval-spin rep=4 ms=0.901792
SAMPLE tag=interval_d8_s202 mode=interval-spin rep=5 ms=0.902528
SAMPLE tag=interval_d8_s202 mode=interval-spin rep=6 ms=0.902112
SAMPLE tag=interval_d8_s202 mode=interval-spin rep=7 ms=0.901024
SAMPLE tag=interval_d8_s202 mode=interval-spin rep=8 ms=0.901280
SAMPLE tag=interval_d8_s202 mode=interval-spin rep=9 ms=0.901088
SAMPLE tag=interval_d8_s202 mode=interval-spin rep=10 ms=0.902080
SAMPLE tag=interval_d8_s202 mode=interval-spin rep=11 ms=0.902144
SAMPLE tag=interval_d8_s202 mode=interval-spin rep=12 ms=0.901344
SAMPLE tag=interval_d8_s202 mode=interval-spin rep=13 ms=0.902560
SAMPLE tag=interval_d8_s202 mode=interval-spin rep=14 ms=0.902496
SAMPLE tag=interval_d8_s202 mode=interval-spin rep=15 ms=0.900768
SAMPLE tag=interval_d8_s202 mode=interval-spin rep=16 ms=0.901920
SAMPLE tag=interval_d8_s202 mode=interval-spin rep=17 ms=0.901632
SAMPLE tag=interval_d8_s202 mode=interval-spin rep=18 ms=0.901984
SAMPLE tag=interval_d8_s202 mode=interval-spin rep=19 ms=0.902112
SAMPLE tag=interval_d8_s202 mode=interval-spin rep=20 ms=0.902432
SAMPLE tag=interval_d8_s202 mode=interval-spin rep=21 ms=0.901632
SAMPLE tag=interval_d8_s202 mode=interval-spin rep=22 ms=0.901504
SAMPLE tag=interval_d8_s202 mode=interval-spin rep=23 ms=0.901984
SAMPLE tag=interval_d8_s202 mode=interval-spin rep=24 ms=0.901344
SAMPLE tag=interval_d8_s202 mode=interval-spin rep=25 ms=0.901408
SAMPLE tag=interval_d8_s202 mode=interval-spin rep=26 ms=0.901600
SAMPLE tag=interval_d8_s202 mode=interval-spin rep=27 ms=0.901056
SAMPLE tag=interval_d8_s202 mode=interval-spin rep=28 ms=0.902912
SAMPLE tag=interval_d8_s202 mode=interval-spin rep=29 ms=0.901408
SAMPLE tag=interval_d8_s202 mode=interval-spin rep=30 ms=0.902752
interval-spin             0.90179      0.90074       PASS
SAMPLE tag=interval_d8_s202 mode=interval-backoff rep=0 ms=0.902112
SAMPLE tag=interval_d8_s202 mode=interval-backoff rep=1 ms=0.901696
SAMPLE tag=interval_d8_s202 mode=interval-backoff rep=2 ms=0.903488
SAMPLE tag=interval_d8_s202 mode=interval-backoff rep=3 ms=0.903008
SAMPLE tag=interval_d8_s202 mode=interval-backoff rep=4 ms=0.902944
SAMPLE tag=interval_d8_s202 mode=interval-backoff rep=5 ms=0.903296
SAMPLE tag=interval_d8_s202 mode=interval-backoff rep=6 ms=0.902336
SAMPLE tag=interval_d8_s202 mode=interval-backoff rep=7 ms=0.901504
SAMPLE tag=interval_d8_s202 mode=interval-backoff rep=8 ms=0.901248
SAMPLE tag=interval_d8_s202 mode=interval-backoff rep=9 ms=0.903168
SAMPLE tag=interval_d8_s202 mode=interval-backoff rep=10 ms=0.902048
SAMPLE tag=interval_d8_s202 mode=interval-backoff rep=11 ms=0.902496
SAMPLE tag=interval_d8_s202 mode=interval-backoff rep=12 ms=0.902592
SAMPLE tag=interval_d8_s202 mode=interval-backoff rep=13 ms=0.900704
SAMPLE tag=interval_d8_s202 mode=interval-backoff rep=14 ms=0.901920
SAMPLE tag=interval_d8_s202 mode=interval-backoff rep=15 ms=0.903168
SAMPLE tag=interval_d8_s202 mode=interval-backoff rep=16 ms=0.901632
SAMPLE tag=interval_d8_s202 mode=interval-backoff rep=17 ms=0.901536
SAMPLE tag=interval_d8_s202 mode=interval-backoff rep=18 ms=0.902144
SAMPLE tag=interval_d8_s202 mode=interval-backoff rep=19 ms=0.902816
SAMPLE tag=interval_d8_s202 mode=interval-backoff rep=20 ms=0.902080
SAMPLE tag=interval_d8_s202 mode=interval-backoff rep=21 ms=0.902400
SAMPLE tag=interval_d8_s202 mode=interval-backoff rep=22 ms=0.903136
SAMPLE tag=interval_d8_s202 mode=interval-backoff rep=23 ms=0.901760
SAMPLE tag=interval_d8_s202 mode=interval-backoff rep=24 ms=0.901920
SAMPLE tag=interval_d8_s202 mode=interval-backoff rep=25 ms=0.901888
SAMPLE tag=interval_d8_s202 mode=interval-backoff rep=26 ms=0.902208
SAMPLE tag=interval_d8_s202 mode=interval-backoff rep=27 ms=0.901056
SAMPLE tag=interval_d8_s202 mode=interval-backoff rep=28 ms=0.902560
SAMPLE tag=interval_d8_s202 mode=interval-backoff rep=29 ms=0.901888
SAMPLE tag=interval_d8_s202 mode=interval-backoff rep=30 ms=0.901344
interval-backoff          0.90211      0.90070       PASS
SAMPLE tag=interval_d8_s202 mode=exact-backoff rep=0 ms=0.903392
SAMPLE tag=interval_d8_s202 mode=exact-backoff rep=1 ms=0.903776
SAMPLE tag=interval_d8_s202 mode=exact-backoff rep=2 ms=0.903328
SAMPLE tag=interval_d8_s202 mode=exact-backoff rep=3 ms=0.903328
SAMPLE tag=interval_d8_s202 mode=exact-backoff rep=4 ms=0.903424
SAMPLE tag=interval_d8_s202 mode=exact-backoff rep=5 ms=0.903520
SAMPLE tag=interval_d8_s202 mode=exact-backoff rep=6 ms=0.903968
SAMPLE tag=interval_d8_s202 mode=exact-backoff rep=7 ms=0.904576
SAMPLE tag=interval_d8_s202 mode=exact-backoff rep=8 ms=0.903328
SAMPLE tag=interval_d8_s202 mode=exact-backoff rep=9 ms=0.904256
SAMPLE tag=interval_d8_s202 mode=exact-backoff rep=10 ms=0.911168
SAMPLE tag=interval_d8_s202 mode=exact-backoff rep=11 ms=0.904928
SAMPLE tag=interval_d8_s202 mode=exact-backoff rep=12 ms=0.905408
SAMPLE tag=interval_d8_s202 mode=exact-backoff rep=13 ms=0.904160
SAMPLE tag=interval_d8_s202 mode=exact-backoff rep=14 ms=0.903264
SAMPLE tag=interval_d8_s202 mode=exact-backoff rep=15 ms=0.905088
SAMPLE tag=interval_d8_s202 mode=exact-backoff rep=16 ms=0.902816
SAMPLE tag=interval_d8_s202 mode=exact-backoff rep=17 ms=0.903136
SAMPLE tag=interval_d8_s202 mode=exact-backoff rep=18 ms=0.903616
SAMPLE tag=interval_d8_s202 mode=exact-backoff rep=19 ms=0.903840
SAMPLE tag=interval_d8_s202 mode=exact-backoff rep=20 ms=0.904480
SAMPLE tag=interval_d8_s202 mode=exact-backoff rep=21 ms=0.903584
SAMPLE tag=interval_d8_s202 mode=exact-backoff rep=22 ms=0.903232
SAMPLE tag=interval_d8_s202 mode=exact-backoff rep=23 ms=0.910496
SAMPLE tag=interval_d8_s202 mode=exact-backoff rep=24 ms=0.903712
SAMPLE tag=interval_d8_s202 mode=exact-backoff rep=25 ms=0.905184
SAMPLE tag=interval_d8_s202 mode=exact-backoff rep=26 ms=0.902688
SAMPLE tag=interval_d8_s202 mode=exact-backoff rep=27 ms=0.903840
SAMPLE tag=interval_d8_s202 mode=exact-backoff rep=28 ms=0.903392
SAMPLE tag=interval_d8_s202 mode=exact-backoff rep=29 ms=0.903520
SAMPLE tag=interval_d8_s202 mode=exact-backoff rep=30 ms=0.905344
exact-backoff             0.90371      0.90269       PASS
BRACKET floor=1.40896 ceiling=0.89837 space=36.239% impl=interval-backoff impl_ms=0.90211 captured=35.973% of_space=99.3%
SUMMARY_PILOT semantics=2 tag=interval_d8_s202 structure=interval degree=8 eff_degree=8.00 tightness=1.0000 producers=148 consumers=148 threads=128 sms=148 producer_occ=16 consumer_occ=10 trigger_floor=ready trigger_impl=entry trigger_ceiling=entry ready=400000 tail=1000000 prologue=200000 epilogue=1000000 skew_bins=8 repeats=31 floor_ms=1.408960 ceiling_ms=0.898368 interval_spin_ms=0.901792 interval_backoff_ms=0.902112 exact_backoff_ms=0.903712 impl=interval-backoff impl_ms=0.902112 space_pct=36.2389 captured_pct=35.9732 of_space_pct=99.267 valid=1
Device: NVIDIA B200 | SMs=148 | SM clock~1.97 GHz | CC 10.0
Pilot semantics=2 tag=interval_d32_s202 structure=interval degree=32 effective_degree=32.00 tightness=1.0000 grid=148 ready=400000 tail=1000000 prologue=200000 epilogue=1000000 skew_bins=8 repeats=31 producer_occ=16 consumer_occ=10
mode                    median_ms       min_ms      valid
SAMPLE tag=interval_d32_s202 mode=none rep=0 ms=0.898656
SAMPLE tag=interval_d32_s202 mode=none rep=1 ms=0.898944
SAMPLE tag=interval_d32_s202 mode=none rep=2 ms=0.899360
SAMPLE tag=interval_d32_s202 mode=none rep=3 ms=0.897824
SAMPLE tag=interval_d32_s202 mode=none rep=4 ms=0.899424
SAMPLE tag=interval_d32_s202 mode=none rep=5 ms=0.899168
SAMPLE tag=interval_d32_s202 mode=none rep=6 ms=0.897568
SAMPLE tag=interval_d32_s202 mode=none rep=7 ms=0.897824
SAMPLE tag=interval_d32_s202 mode=none rep=8 ms=0.898304
SAMPLE tag=interval_d32_s202 mode=none rep=9 ms=0.897600
SAMPLE tag=interval_d32_s202 mode=none rep=10 ms=0.898016
SAMPLE tag=interval_d32_s202 mode=none rep=11 ms=0.899200
SAMPLE tag=interval_d32_s202 mode=none rep=12 ms=0.899456
SAMPLE tag=interval_d32_s202 mode=none rep=13 ms=0.897888
SAMPLE tag=interval_d32_s202 mode=none rep=14 ms=0.899104
SAMPLE tag=interval_d32_s202 mode=none rep=15 ms=0.899232
SAMPLE tag=interval_d32_s202 mode=none rep=16 ms=0.897760
SAMPLE tag=interval_d32_s202 mode=none rep=17 ms=0.898240
SAMPLE tag=interval_d32_s202 mode=none rep=18 ms=0.898848
SAMPLE tag=interval_d32_s202 mode=none rep=19 ms=0.897760
SAMPLE tag=interval_d32_s202 mode=none rep=20 ms=0.900000
SAMPLE tag=interval_d32_s202 mode=none rep=21 ms=0.899136
SAMPLE tag=interval_d32_s202 mode=none rep=22 ms=0.897696
SAMPLE tag=interval_d32_s202 mode=none rep=23 ms=0.897696
SAMPLE tag=interval_d32_s202 mode=none rep=24 ms=0.899360
SAMPLE tag=interval_d32_s202 mode=none rep=25 ms=0.899200
SAMPLE tag=interval_d32_s202 mode=none rep=26 ms=0.897888
SAMPLE tag=interval_d32_s202 mode=none rep=27 ms=0.899200
SAMPLE tag=interval_d32_s202 mode=none rep=28 ms=0.899520
SAMPLE tag=interval_d32_s202 mode=none rep=29 ms=0.899264
SAMPLE tag=interval_d32_s202 mode=none rep=30 ms=0.899648
none                      0.89894      0.89757        n/a
SAMPLE tag=interval_d32_s202 mode=grid rep=0 ms=1.408672
SAMPLE tag=interval_d32_s202 mode=grid rep=1 ms=1.408224
SAMPLE tag=interval_d32_s202 mode=grid rep=2 ms=1.408096
SAMPLE tag=interval_d32_s202 mode=grid rep=3 ms=1.409504
SAMPLE tag=interval_d32_s202 mode=grid rep=4 ms=1.409568
SAMPLE tag=interval_d32_s202 mode=grid rep=5 ms=1.409920
SAMPLE tag=interval_d32_s202 mode=grid rep=6 ms=1.408032
SAMPLE tag=interval_d32_s202 mode=grid rep=7 ms=1.409632
SAMPLE tag=interval_d32_s202 mode=grid rep=8 ms=1.408416
SAMPLE tag=interval_d32_s202 mode=grid rep=9 ms=1.409568
SAMPLE tag=interval_d32_s202 mode=grid rep=10 ms=1.409344
SAMPLE tag=interval_d32_s202 mode=grid rep=11 ms=1.409792
SAMPLE tag=interval_d32_s202 mode=grid rep=12 ms=1.409632
SAMPLE tag=interval_d32_s202 mode=grid rep=13 ms=1.409120
SAMPLE tag=interval_d32_s202 mode=grid rep=14 ms=1.409728
SAMPLE tag=interval_d32_s202 mode=grid rep=15 ms=1.409088
SAMPLE tag=interval_d32_s202 mode=grid rep=16 ms=1.408384
SAMPLE tag=interval_d32_s202 mode=grid rep=17 ms=1.408608
SAMPLE tag=interval_d32_s202 mode=grid rep=18 ms=1.409056
SAMPLE tag=interval_d32_s202 mode=grid rep=19 ms=1.408896
SAMPLE tag=interval_d32_s202 mode=grid rep=20 ms=1.408480
SAMPLE tag=interval_d32_s202 mode=grid rep=21 ms=1.409472
SAMPLE tag=interval_d32_s202 mode=grid rep=22 ms=1.410496
SAMPLE tag=interval_d32_s202 mode=grid rep=23 ms=1.409472
SAMPLE tag=interval_d32_s202 mode=grid rep=24 ms=1.408480
SAMPLE tag=interval_d32_s202 mode=grid rep=25 ms=1.408224
SAMPLE tag=interval_d32_s202 mode=grid rep=26 ms=1.409728
SAMPLE tag=interval_d32_s202 mode=grid rep=27 ms=1.408768
SAMPLE tag=interval_d32_s202 mode=grid rep=28 ms=1.409696
SAMPLE tag=interval_d32_s202 mode=grid rep=29 ms=1.407712
SAMPLE tag=interval_d32_s202 mode=grid rep=30 ms=1.408192
grid                      1.40909      1.40771       PASS
SAMPLE tag=interval_d32_s202 mode=interval-spin rep=0 ms=0.907712
SAMPLE tag=interval_d32_s202 mode=interval-spin rep=1 ms=0.908192
SAMPLE tag=interval_d32_s202 mode=interval-spin rep=2 ms=0.907808
SAMPLE tag=interval_d32_s202 mode=interval-spin rep=3 ms=0.908320
SAMPLE tag=interval_d32_s202 mode=interval-spin rep=4 ms=0.906208
SAMPLE tag=interval_d32_s202 mode=interval-spin rep=5 ms=0.906592
SAMPLE tag=interval_d32_s202 mode=interval-spin rep=6 ms=0.907424
SAMPLE tag=interval_d32_s202 mode=interval-spin rep=7 ms=0.908480
SAMPLE tag=interval_d32_s202 mode=interval-spin rep=8 ms=0.907136
SAMPLE tag=interval_d32_s202 mode=interval-spin rep=9 ms=0.907808
SAMPLE tag=interval_d32_s202 mode=interval-spin rep=10 ms=0.906688
SAMPLE tag=interval_d32_s202 mode=interval-spin rep=11 ms=0.906592
SAMPLE tag=interval_d32_s202 mode=interval-spin rep=12 ms=0.906880
SAMPLE tag=interval_d32_s202 mode=interval-spin rep=13 ms=0.907520
SAMPLE tag=interval_d32_s202 mode=interval-spin rep=14 ms=0.907712
SAMPLE tag=interval_d32_s202 mode=interval-spin rep=15 ms=0.906720
SAMPLE tag=interval_d32_s202 mode=interval-spin rep=16 ms=0.907456
SAMPLE tag=interval_d32_s202 mode=interval-spin rep=17 ms=0.908128
SAMPLE tag=interval_d32_s202 mode=interval-spin rep=18 ms=0.907968
SAMPLE tag=interval_d32_s202 mode=interval-spin rep=19 ms=0.907328
SAMPLE tag=interval_d32_s202 mode=interval-spin rep=20 ms=0.907168
SAMPLE tag=interval_d32_s202 mode=interval-spin rep=21 ms=0.908064
SAMPLE tag=interval_d32_s202 mode=interval-spin rep=22 ms=0.907424
SAMPLE tag=interval_d32_s202 mode=interval-spin rep=23 ms=0.907904
SAMPLE tag=interval_d32_s202 mode=interval-spin rep=24 ms=0.907136
SAMPLE tag=interval_d32_s202 mode=interval-spin rep=25 ms=0.907872
SAMPLE tag=interval_d32_s202 mode=interval-spin rep=26 ms=0.907200
SAMPLE tag=interval_d32_s202 mode=interval-spin rep=27 ms=0.906720
SAMPLE tag=interval_d32_s202 mode=interval-spin rep=28 ms=0.907392
SAMPLE tag=interval_d32_s202 mode=interval-spin rep=29 ms=0.907840
SAMPLE tag=interval_d32_s202 mode=interval-spin rep=30 ms=0.906784
interval-spin             0.90742      0.90621       PASS
SAMPLE tag=interval_d32_s202 mode=interval-backoff rep=0 ms=0.908352
SAMPLE tag=interval_d32_s202 mode=interval-backoff rep=1 ms=0.908160
SAMPLE tag=interval_d32_s202 mode=interval-backoff rep=2 ms=0.906528
SAMPLE tag=interval_d32_s202 mode=interval-backoff rep=3 ms=0.908736
SAMPLE tag=interval_d32_s202 mode=interval-backoff rep=4 ms=0.908128
SAMPLE tag=interval_d32_s202 mode=interval-backoff rep=5 ms=0.909376
SAMPLE tag=interval_d32_s202 mode=interval-backoff rep=6 ms=0.908128
SAMPLE tag=interval_d32_s202 mode=interval-backoff rep=7 ms=0.907520
SAMPLE tag=interval_d32_s202 mode=interval-backoff rep=8 ms=0.906528
SAMPLE tag=interval_d32_s202 mode=interval-backoff rep=9 ms=0.908096
SAMPLE tag=interval_d32_s202 mode=interval-backoff rep=10 ms=0.908000
SAMPLE tag=interval_d32_s202 mode=interval-backoff rep=11 ms=0.908544
SAMPLE tag=interval_d32_s202 mode=interval-backoff rep=12 ms=0.906848
SAMPLE tag=interval_d32_s202 mode=interval-backoff rep=13 ms=0.908096
SAMPLE tag=interval_d32_s202 mode=interval-backoff rep=14 ms=0.907968
SAMPLE tag=interval_d32_s202 mode=interval-backoff rep=15 ms=0.908096
SAMPLE tag=interval_d32_s202 mode=interval-backoff rep=16 ms=0.907840
SAMPLE tag=interval_d32_s202 mode=interval-backoff rep=17 ms=0.907648
SAMPLE tag=interval_d32_s202 mode=interval-backoff rep=18 ms=0.907104
SAMPLE tag=interval_d32_s202 mode=interval-backoff rep=19 ms=0.908384
SAMPLE tag=interval_d32_s202 mode=interval-backoff rep=20 ms=0.907904
SAMPLE tag=interval_d32_s202 mode=interval-backoff rep=21 ms=0.909280
SAMPLE tag=interval_d32_s202 mode=interval-backoff rep=22 ms=0.907264
SAMPLE tag=interval_d32_s202 mode=interval-backoff rep=23 ms=0.907168
SAMPLE tag=interval_d32_s202 mode=interval-backoff rep=24 ms=0.907616
SAMPLE tag=interval_d32_s202 mode=interval-backoff rep=25 ms=0.907904
SAMPLE tag=interval_d32_s202 mode=interval-backoff rep=26 ms=0.906944
SAMPLE tag=interval_d32_s202 mode=interval-backoff rep=27 ms=0.907808
SAMPLE tag=interval_d32_s202 mode=interval-backoff rep=28 ms=0.908576
SAMPLE tag=interval_d32_s202 mode=interval-backoff rep=29 ms=0.907040
SAMPLE tag=interval_d32_s202 mode=interval-backoff rep=30 ms=0.907168
interval-backoff          0.90790      0.90653       PASS
SAMPLE tag=interval_d32_s202 mode=exact-backoff rep=0 ms=0.914144
SAMPLE tag=interval_d32_s202 mode=exact-backoff rep=1 ms=0.913632
SAMPLE tag=interval_d32_s202 mode=exact-backoff rep=2 ms=0.914368
SAMPLE tag=interval_d32_s202 mode=exact-backoff rep=3 ms=0.913664
SAMPLE tag=interval_d32_s202 mode=exact-backoff rep=4 ms=0.913408
SAMPLE tag=interval_d32_s202 mode=exact-backoff rep=5 ms=0.913344
SAMPLE tag=interval_d32_s202 mode=exact-backoff rep=6 ms=0.915520
SAMPLE tag=interval_d32_s202 mode=exact-backoff rep=7 ms=0.914624
SAMPLE tag=interval_d32_s202 mode=exact-backoff rep=8 ms=0.914656
SAMPLE tag=interval_d32_s202 mode=exact-backoff rep=9 ms=0.914560
SAMPLE tag=interval_d32_s202 mode=exact-backoff rep=10 ms=0.914752
SAMPLE tag=interval_d32_s202 mode=exact-backoff rep=11 ms=0.913536
SAMPLE tag=interval_d32_s202 mode=exact-backoff rep=12 ms=0.913376
SAMPLE tag=interval_d32_s202 mode=exact-backoff rep=13 ms=0.915648
SAMPLE tag=interval_d32_s202 mode=exact-backoff rep=14 ms=0.914048
SAMPLE tag=interval_d32_s202 mode=exact-backoff rep=15 ms=0.913824
SAMPLE tag=interval_d32_s202 mode=exact-backoff rep=16 ms=0.913728
SAMPLE tag=interval_d32_s202 mode=exact-backoff rep=17 ms=0.915232
SAMPLE tag=interval_d32_s202 mode=exact-backoff rep=18 ms=0.915808
SAMPLE tag=interval_d32_s202 mode=exact-backoff rep=19 ms=0.914688
SAMPLE tag=interval_d32_s202 mode=exact-backoff rep=20 ms=0.913920
SAMPLE tag=interval_d32_s202 mode=exact-backoff rep=21 ms=0.913248
SAMPLE tag=interval_d32_s202 mode=exact-backoff rep=22 ms=0.913568
SAMPLE tag=interval_d32_s202 mode=exact-backoff rep=23 ms=0.915136
SAMPLE tag=interval_d32_s202 mode=exact-backoff rep=24 ms=0.912864
SAMPLE tag=interval_d32_s202 mode=exact-backoff rep=25 ms=0.914880
SAMPLE tag=interval_d32_s202 mode=exact-backoff rep=26 ms=0.915616
SAMPLE tag=interval_d32_s202 mode=exact-backoff rep=27 ms=0.915328
SAMPLE tag=interval_d32_s202 mode=exact-backoff rep=28 ms=0.913888
SAMPLE tag=interval_d32_s202 mode=exact-backoff rep=29 ms=0.913888
SAMPLE tag=interval_d32_s202 mode=exact-backoff rep=30 ms=0.913568
exact-backoff             0.91405      0.91286       PASS
BRACKET floor=1.40909 ceiling=0.89894 space=36.204% impl=interval-backoff impl_ms=0.90790 captured=35.568% of_space=98.2%
SUMMARY_PILOT semantics=2 tag=interval_d32_s202 structure=interval degree=32 eff_degree=32.00 tightness=1.0000 producers=148 consumers=148 threads=128 sms=148 producer_occ=16 consumer_occ=10 trigger_floor=ready trigger_impl=entry trigger_ceiling=entry ready=400000 tail=1000000 prologue=200000 epilogue=1000000 skew_bins=8 repeats=31 floor_ms=1.409088 ceiling_ms=0.898944 interval_spin_ms=0.907424 interval_backoff_ms=0.907904 exact_backoff_ms=0.914048 impl=interval-backoff impl_ms=0.907904 space_pct=36.2038 captured_pct=35.5680 of_space_pct=98.244 valid=1
Device: NVIDIA B200 | SMs=148 | SM clock~1.97 GHz | CC 10.0
Pilot semantics=2 tag=interval_d64_s202 structure=interval degree=64 effective_degree=64.00 tightness=1.0000 grid=148 ready=400000 tail=1000000 prologue=200000 epilogue=1000000 skew_bins=8 repeats=31 producer_occ=16 consumer_occ=10
mode                    median_ms       min_ms      valid
SAMPLE tag=interval_d64_s202 mode=none rep=0 ms=0.899232
SAMPLE tag=interval_d64_s202 mode=none rep=1 ms=0.898464
SAMPLE tag=interval_d64_s202 mode=none rep=2 ms=0.898880
SAMPLE tag=interval_d64_s202 mode=none rep=3 ms=0.898912
SAMPLE tag=interval_d64_s202 mode=none rep=4 ms=0.898464
SAMPLE tag=interval_d64_s202 mode=none rep=5 ms=0.898912
SAMPLE tag=interval_d64_s202 mode=none rep=6 ms=0.897632
SAMPLE tag=interval_d64_s202 mode=none rep=7 ms=0.898624
SAMPLE tag=interval_d64_s202 mode=none rep=8 ms=0.897472
SAMPLE tag=interval_d64_s202 mode=none rep=9 ms=0.898272
SAMPLE tag=interval_d64_s202 mode=none rep=10 ms=0.897440
SAMPLE tag=interval_d64_s202 mode=none rep=11 ms=0.897856
SAMPLE tag=interval_d64_s202 mode=none rep=12 ms=0.897344
SAMPLE tag=interval_d64_s202 mode=none rep=13 ms=0.899072
SAMPLE tag=interval_d64_s202 mode=none rep=14 ms=0.898816
SAMPLE tag=interval_d64_s202 mode=none rep=15 ms=0.897728
SAMPLE tag=interval_d64_s202 mode=none rep=16 ms=0.897536
SAMPLE tag=interval_d64_s202 mode=none rep=17 ms=0.897856
SAMPLE tag=interval_d64_s202 mode=none rep=18 ms=0.897440
SAMPLE tag=interval_d64_s202 mode=none rep=19 ms=0.897504
SAMPLE tag=interval_d64_s202 mode=none rep=20 ms=0.897856
SAMPLE tag=interval_d64_s202 mode=none rep=21 ms=0.897568
SAMPLE tag=interval_d64_s202 mode=none rep=22 ms=0.897376
SAMPLE tag=interval_d64_s202 mode=none rep=23 ms=0.899040
SAMPLE tag=interval_d64_s202 mode=none rep=24 ms=0.899552
SAMPLE tag=interval_d64_s202 mode=none rep=25 ms=0.897568
SAMPLE tag=interval_d64_s202 mode=none rep=26 ms=0.897856
SAMPLE tag=interval_d64_s202 mode=none rep=27 ms=0.898112
SAMPLE tag=interval_d64_s202 mode=none rep=28 ms=0.899360
SAMPLE tag=interval_d64_s202 mode=none rep=29 ms=0.899104
SAMPLE tag=interval_d64_s202 mode=none rep=30 ms=0.899040
none                      0.89811      0.89734        n/a
SAMPLE tag=interval_d64_s202 mode=grid rep=0 ms=1.409344
SAMPLE tag=interval_d64_s202 mode=grid rep=1 ms=1.409056
SAMPLE tag=interval_d64_s202 mode=grid rep=2 ms=1.408896
SAMPLE tag=interval_d64_s202 mode=grid rep=3 ms=1.410528
SAMPLE tag=interval_d64_s202 mode=grid rep=4 ms=1.409728
SAMPLE tag=interval_d64_s202 mode=grid rep=5 ms=1.409536
SAMPLE tag=interval_d64_s202 mode=grid rep=6 ms=1.409536
SAMPLE tag=interval_d64_s202 mode=grid rep=7 ms=1.408576
SAMPLE tag=interval_d64_s202 mode=grid rep=8 ms=1.410112
SAMPLE tag=interval_d64_s202 mode=grid rep=9 ms=1.409280
SAMPLE tag=interval_d64_s202 mode=grid rep=10 ms=1.409408
SAMPLE tag=interval_d64_s202 mode=grid rep=11 ms=1.409216
SAMPLE tag=interval_d64_s202 mode=grid rep=12 ms=1.409472
SAMPLE tag=interval_d64_s202 mode=grid rep=13 ms=1.408096
SAMPLE tag=interval_d64_s202 mode=grid rep=14 ms=1.409760
SAMPLE tag=interval_d64_s202 mode=grid rep=15 ms=1.409728
SAMPLE tag=interval_d64_s202 mode=grid rep=16 ms=1.408800
SAMPLE tag=interval_d64_s202 mode=grid rep=17 ms=1.408448
SAMPLE tag=interval_d64_s202 mode=grid rep=18 ms=1.409536
SAMPLE tag=interval_d64_s202 mode=grid rep=19 ms=1.408576
SAMPLE tag=interval_d64_s202 mode=grid rep=20 ms=1.409472
SAMPLE tag=interval_d64_s202 mode=grid rep=21 ms=1.409280
SAMPLE tag=interval_d64_s202 mode=grid rep=22 ms=1.410080
SAMPLE tag=interval_d64_s202 mode=grid rep=23 ms=1.409536
SAMPLE tag=interval_d64_s202 mode=grid rep=24 ms=1.409504
SAMPLE tag=interval_d64_s202 mode=grid rep=25 ms=1.408896
SAMPLE tag=interval_d64_s202 mode=grid rep=26 ms=1.407968
SAMPLE tag=interval_d64_s202 mode=grid rep=27 ms=1.409536
SAMPLE tag=interval_d64_s202 mode=grid rep=28 ms=1.409088
SAMPLE tag=interval_d64_s202 mode=grid rep=29 ms=1.409504
SAMPLE tag=interval_d64_s202 mode=grid rep=30 ms=1.407808
grid                      1.40941      1.40781       PASS
SAMPLE tag=interval_d64_s202 mode=interval-spin rep=0 ms=0.915904
SAMPLE tag=interval_d64_s202 mode=interval-spin rep=1 ms=0.915776
SAMPLE tag=interval_d64_s202 mode=interval-spin rep=2 ms=0.915296
SAMPLE tag=interval_d64_s202 mode=interval-spin rep=3 ms=0.914688
SAMPLE tag=interval_d64_s202 mode=interval-spin rep=4 ms=0.916544
SAMPLE tag=interval_d64_s202 mode=interval-spin rep=5 ms=0.916064
SAMPLE tag=interval_d64_s202 mode=interval-spin rep=6 ms=0.914848
SAMPLE tag=interval_d64_s202 mode=interval-spin rep=7 ms=0.916480
SAMPLE tag=interval_d64_s202 mode=interval-spin rep=8 ms=0.915712
SAMPLE tag=interval_d64_s202 mode=interval-spin rep=9 ms=0.915200
SAMPLE tag=interval_d64_s202 mode=interval-spin rep=10 ms=0.916480
SAMPLE tag=interval_d64_s202 mode=interval-spin rep=11 ms=0.916896
SAMPLE tag=interval_d64_s202 mode=interval-spin rep=12 ms=0.915072
SAMPLE tag=interval_d64_s202 mode=interval-spin rep=13 ms=0.915968
SAMPLE tag=interval_d64_s202 mode=interval-spin rep=14 ms=0.916896
SAMPLE tag=interval_d64_s202 mode=interval-spin rep=15 ms=0.915712
SAMPLE tag=interval_d64_s202 mode=interval-spin rep=16 ms=0.915680
SAMPLE tag=interval_d64_s202 mode=interval-spin rep=17 ms=0.915904
SAMPLE tag=interval_d64_s202 mode=interval-spin rep=18 ms=0.916000
SAMPLE tag=interval_d64_s202 mode=interval-spin rep=19 ms=0.916128
SAMPLE tag=interval_d64_s202 mode=interval-spin rep=20 ms=0.916512
SAMPLE tag=interval_d64_s202 mode=interval-spin rep=21 ms=0.916544
SAMPLE tag=interval_d64_s202 mode=interval-spin rep=22 ms=0.914752
SAMPLE tag=interval_d64_s202 mode=interval-spin rep=23 ms=0.915616
SAMPLE tag=interval_d64_s202 mode=interval-spin rep=24 ms=0.916448
SAMPLE tag=interval_d64_s202 mode=interval-spin rep=25 ms=0.916032
SAMPLE tag=interval_d64_s202 mode=interval-spin rep=26 ms=0.915456
SAMPLE tag=interval_d64_s202 mode=interval-spin rep=27 ms=0.915232
SAMPLE tag=interval_d64_s202 mode=interval-spin rep=28 ms=0.916128
SAMPLE tag=interval_d64_s202 mode=interval-spin rep=29 ms=0.915200
SAMPLE tag=interval_d64_s202 mode=interval-spin rep=30 ms=0.914784
interval-spin             0.91590      0.91469       PASS
SAMPLE tag=interval_d64_s202 mode=interval-backoff rep=0 ms=0.915840
SAMPLE tag=interval_d64_s202 mode=interval-backoff rep=1 ms=0.917664
SAMPLE tag=interval_d64_s202 mode=interval-backoff rep=2 ms=0.914656
SAMPLE tag=interval_d64_s202 mode=interval-backoff rep=3 ms=0.916096
SAMPLE tag=interval_d64_s202 mode=interval-backoff rep=4 ms=0.915584
SAMPLE tag=interval_d64_s202 mode=interval-backoff rep=5 ms=0.915904
SAMPLE tag=interval_d64_s202 mode=interval-backoff rep=6 ms=0.916000
SAMPLE tag=interval_d64_s202 mode=interval-backoff rep=7 ms=0.915840
SAMPLE tag=interval_d64_s202 mode=interval-backoff rep=8 ms=0.917664
SAMPLE tag=interval_d64_s202 mode=interval-backoff rep=9 ms=0.915104
SAMPLE tag=interval_d64_s202 mode=interval-backoff rep=10 ms=0.916064
SAMPLE tag=interval_d64_s202 mode=interval-backoff rep=11 ms=0.916832
SAMPLE tag=interval_d64_s202 mode=interval-backoff rep=12 ms=0.915104
SAMPLE tag=interval_d64_s202 mode=interval-backoff rep=13 ms=0.915872
SAMPLE tag=interval_d64_s202 mode=interval-backoff rep=14 ms=0.916416
SAMPLE tag=interval_d64_s202 mode=interval-backoff rep=15 ms=0.916288
SAMPLE tag=interval_d64_s202 mode=interval-backoff rep=16 ms=0.916128
SAMPLE tag=interval_d64_s202 mode=interval-backoff rep=17 ms=0.917344
SAMPLE tag=interval_d64_s202 mode=interval-backoff rep=18 ms=0.915808
SAMPLE tag=interval_d64_s202 mode=interval-backoff rep=19 ms=0.916448
SAMPLE tag=interval_d64_s202 mode=interval-backoff rep=20 ms=0.917568
SAMPLE tag=interval_d64_s202 mode=interval-backoff rep=21 ms=0.915776
SAMPLE tag=interval_d64_s202 mode=interval-backoff rep=22 ms=0.915872
SAMPLE tag=interval_d64_s202 mode=interval-backoff rep=23 ms=0.916160
SAMPLE tag=interval_d64_s202 mode=interval-backoff rep=24 ms=0.916832
SAMPLE tag=interval_d64_s202 mode=interval-backoff rep=25 ms=0.915616
SAMPLE tag=interval_d64_s202 mode=interval-backoff rep=26 ms=0.916032
SAMPLE tag=interval_d64_s202 mode=interval-backoff rep=27 ms=0.914752
SAMPLE tag=interval_d64_s202 mode=interval-backoff rep=28 ms=0.917248
SAMPLE tag=interval_d64_s202 mode=interval-backoff rep=29 ms=0.915968
SAMPLE tag=interval_d64_s202 mode=interval-backoff rep=30 ms=0.915296
interval-backoff          0.91600      0.91466       PASS
SAMPLE tag=interval_d64_s202 mode=exact-backoff rep=0 ms=0.927936
SAMPLE tag=interval_d64_s202 mode=exact-backoff rep=1 ms=0.928416
SAMPLE tag=interval_d64_s202 mode=exact-backoff rep=2 ms=0.929984
SAMPLE tag=interval_d64_s202 mode=exact-backoff rep=3 ms=0.928256
SAMPLE tag=interval_d64_s202 mode=exact-backoff rep=4 ms=0.928384
SAMPLE tag=interval_d64_s202 mode=exact-backoff rep=5 ms=0.929664
SAMPLE tag=interval_d64_s202 mode=exact-backoff rep=6 ms=0.928128
SAMPLE tag=interval_d64_s202 mode=exact-backoff rep=7 ms=0.928544
SAMPLE tag=interval_d64_s202 mode=exact-backoff rep=8 ms=0.928800
SAMPLE tag=interval_d64_s202 mode=exact-backoff rep=9 ms=0.928896
SAMPLE tag=interval_d64_s202 mode=exact-backoff rep=10 ms=0.926848
SAMPLE tag=interval_d64_s202 mode=exact-backoff rep=11 ms=0.928640
SAMPLE tag=interval_d64_s202 mode=exact-backoff rep=12 ms=0.927392
SAMPLE tag=interval_d64_s202 mode=exact-backoff rep=13 ms=0.928320
SAMPLE tag=interval_d64_s202 mode=exact-backoff rep=14 ms=0.928512
SAMPLE tag=interval_d64_s202 mode=exact-backoff rep=15 ms=0.926752
SAMPLE tag=interval_d64_s202 mode=exact-backoff rep=16 ms=0.928736
SAMPLE tag=interval_d64_s202 mode=exact-backoff rep=17 ms=0.928288
SAMPLE tag=interval_d64_s202 mode=exact-backoff rep=18 ms=0.928736
SAMPLE tag=interval_d64_s202 mode=exact-backoff rep=19 ms=0.927712
SAMPLE tag=interval_d64_s202 mode=exact-backoff rep=20 ms=0.927776
SAMPLE tag=interval_d64_s202 mode=exact-backoff rep=21 ms=0.928640
SAMPLE tag=interval_d64_s202 mode=exact-backoff rep=22 ms=0.927904
SAMPLE tag=interval_d64_s202 mode=exact-backoff rep=23 ms=0.928960
SAMPLE tag=interval_d64_s202 mode=exact-backoff rep=24 ms=0.928096
SAMPLE tag=interval_d64_s202 mode=exact-backoff rep=25 ms=0.929856
SAMPLE tag=interval_d64_s202 mode=exact-backoff rep=26 ms=0.928640
SAMPLE tag=interval_d64_s202 mode=exact-backoff rep=27 ms=0.927552
SAMPLE tag=interval_d64_s202 mode=exact-backoff rep=28 ms=0.928672
SAMPLE tag=interval_d64_s202 mode=exact-backoff rep=29 ms=0.927968
SAMPLE tag=interval_d64_s202 mode=exact-backoff rep=30 ms=0.928000
exact-backoff             0.92838      0.92675       PASS
BRACKET floor=1.40941 ceiling=0.89811 space=36.277% impl=interval-backoff impl_ms=0.91600 captured=35.008% of_space=96.5%
SUMMARY_PILOT semantics=2 tag=interval_d64_s202 structure=interval degree=64 eff_degree=64.00 tightness=1.0000 producers=148 consumers=148 threads=128 sms=148 producer_occ=16 consumer_occ=10 trigger_floor=ready trigger_impl=entry trigger_ceiling=entry ready=400000 tail=1000000 prologue=200000 epilogue=1000000 skew_bins=8 repeats=31 floor_ms=1.409408 ceiling_ms=0.898112 interval_spin_ms=0.915904 interval_backoff_ms=0.916000 exact_backoff_ms=0.928384 impl=interval-backoff impl_ms=0.916000 space_pct=36.2774 captured_pct=35.0082 of_space_pct=96.501 valid=1
Device: NVIDIA B200 | SMs=148 | SM clock~1.97 GHz | CC 10.0
Pilot semantics=2 tag=strided_d32_s202 structure=strided degree=32 effective_degree=141.76 tightness=0.2264 grid=148 ready=400000 tail=1000000 prologue=200000 epilogue=1000000 skew_bins=8 repeats=31 producer_occ=16 consumer_occ=10
mode                    median_ms       min_ms      valid
SAMPLE tag=strided_d32_s202 mode=none rep=0 ms=0.898624
SAMPLE tag=strided_d32_s202 mode=none rep=1 ms=0.898784
SAMPLE tag=strided_d32_s202 mode=none rep=2 ms=0.898368
SAMPLE tag=strided_d32_s202 mode=none rep=3 ms=0.899040
SAMPLE tag=strided_d32_s202 mode=none rep=4 ms=0.898784
SAMPLE tag=strided_d32_s202 mode=none rep=5 ms=0.897984
SAMPLE tag=strided_d32_s202 mode=none rep=6 ms=0.897920
SAMPLE tag=strided_d32_s202 mode=none rep=7 ms=0.898176
SAMPLE tag=strided_d32_s202 mode=none rep=8 ms=0.897600
SAMPLE tag=strided_d32_s202 mode=none rep=9 ms=0.897888
SAMPLE tag=strided_d32_s202 mode=none rep=10 ms=0.898656
SAMPLE tag=strided_d32_s202 mode=none rep=11 ms=0.897536
SAMPLE tag=strided_d32_s202 mode=none rep=12 ms=0.897472
SAMPLE tag=strided_d32_s202 mode=none rep=13 ms=0.899520
SAMPLE tag=strided_d32_s202 mode=none rep=14 ms=0.897920
SAMPLE tag=strided_d32_s202 mode=none rep=15 ms=0.897440
SAMPLE tag=strided_d32_s202 mode=none rep=16 ms=0.899136
SAMPLE tag=strided_d32_s202 mode=none rep=17 ms=0.897568
SAMPLE tag=strided_d32_s202 mode=none rep=18 ms=0.899168
SAMPLE tag=strided_d32_s202 mode=none rep=19 ms=0.899104
SAMPLE tag=strided_d32_s202 mode=none rep=20 ms=0.897536
SAMPLE tag=strided_d32_s202 mode=none rep=21 ms=0.898848
SAMPLE tag=strided_d32_s202 mode=none rep=22 ms=0.897600
SAMPLE tag=strided_d32_s202 mode=none rep=23 ms=0.897952
SAMPLE tag=strided_d32_s202 mode=none rep=24 ms=0.897952
SAMPLE tag=strided_d32_s202 mode=none rep=25 ms=0.899360
SAMPLE tag=strided_d32_s202 mode=none rep=26 ms=0.898112
SAMPLE tag=strided_d32_s202 mode=none rep=27 ms=0.898176
SAMPLE tag=strided_d32_s202 mode=none rep=28 ms=0.898688
SAMPLE tag=strided_d32_s202 mode=none rep=29 ms=0.897536
SAMPLE tag=strided_d32_s202 mode=none rep=30 ms=0.898368
none                      0.89818      0.89744        n/a
SAMPLE tag=strided_d32_s202 mode=grid rep=0 ms=1.412320
SAMPLE tag=strided_d32_s202 mode=grid rep=1 ms=1.407840
SAMPLE tag=strided_d32_s202 mode=grid rep=2 ms=1.408800
SAMPLE tag=strided_d32_s202 mode=grid rep=3 ms=1.409152
SAMPLE tag=strided_d32_s202 mode=grid rep=4 ms=1.409504
SAMPLE tag=strided_d32_s202 mode=grid rep=5 ms=1.409664
SAMPLE tag=strided_d32_s202 mode=grid rep=6 ms=1.407840
SAMPLE tag=strided_d32_s202 mode=grid rep=7 ms=1.409472
SAMPLE tag=strided_d32_s202 mode=grid rep=8 ms=1.409824
SAMPLE tag=strided_d32_s202 mode=grid rep=9 ms=1.408160
SAMPLE tag=strided_d32_s202 mode=grid rep=10 ms=1.409824
SAMPLE tag=strided_d32_s202 mode=grid rep=11 ms=1.409344
SAMPLE tag=strided_d32_s202 mode=grid rep=12 ms=1.409856
SAMPLE tag=strided_d32_s202 mode=grid rep=13 ms=1.409312
SAMPLE tag=strided_d32_s202 mode=grid rep=14 ms=1.409792
SAMPLE tag=strided_d32_s202 mode=grid rep=15 ms=1.408928
SAMPLE tag=strided_d32_s202 mode=grid rep=16 ms=1.409056
SAMPLE tag=strided_d32_s202 mode=grid rep=17 ms=1.407744
SAMPLE tag=strided_d32_s202 mode=grid rep=18 ms=1.408544
SAMPLE tag=strided_d32_s202 mode=grid rep=19 ms=1.408480
SAMPLE tag=strided_d32_s202 mode=grid rep=20 ms=1.408288
SAMPLE tag=strided_d32_s202 mode=grid rep=21 ms=1.407872
SAMPLE tag=strided_d32_s202 mode=grid rep=22 ms=1.409312
SAMPLE tag=strided_d32_s202 mode=grid rep=23 ms=1.408160
SAMPLE tag=strided_d32_s202 mode=grid rep=24 ms=1.409888
SAMPLE tag=strided_d32_s202 mode=grid rep=25 ms=1.409088
SAMPLE tag=strided_d32_s202 mode=grid rep=26 ms=1.407872
SAMPLE tag=strided_d32_s202 mode=grid rep=27 ms=1.408736
SAMPLE tag=strided_d32_s202 mode=grid rep=28 ms=1.407648
SAMPLE tag=strided_d32_s202 mode=grid rep=29 ms=1.409280
SAMPLE tag=strided_d32_s202 mode=grid rep=30 ms=1.407936
grid                      1.40906      1.40765       PASS
SAMPLE tag=strided_d32_s202 mode=interval-spin rep=0 ms=0.935328
SAMPLE tag=strided_d32_s202 mode=interval-spin rep=1 ms=0.937024
SAMPLE tag=strided_d32_s202 mode=interval-spin rep=2 ms=0.935648
SAMPLE tag=strided_d32_s202 mode=interval-spin rep=3 ms=0.937632
SAMPLE tag=strided_d32_s202 mode=interval-spin rep=4 ms=0.937472
SAMPLE tag=strided_d32_s202 mode=interval-spin rep=5 ms=0.935840
SAMPLE tag=strided_d32_s202 mode=interval-spin rep=6 ms=0.937504
SAMPLE tag=strided_d32_s202 mode=interval-spin rep=7 ms=0.935840
SAMPLE tag=strided_d32_s202 mode=interval-spin rep=8 ms=0.936800
SAMPLE tag=strided_d32_s202 mode=interval-spin rep=9 ms=0.937312
SAMPLE tag=strided_d32_s202 mode=interval-spin rep=10 ms=0.937120
SAMPLE tag=strided_d32_s202 mode=interval-spin rep=11 ms=0.937376
SAMPLE tag=strided_d32_s202 mode=interval-spin rep=12 ms=0.935968
SAMPLE tag=strided_d32_s202 mode=interval-spin rep=13 ms=0.936384
SAMPLE tag=strided_d32_s202 mode=interval-spin rep=14 ms=0.937376
SAMPLE tag=strided_d32_s202 mode=interval-spin rep=15 ms=0.936544
SAMPLE tag=strided_d32_s202 mode=interval-spin rep=16 ms=0.936704
SAMPLE tag=strided_d32_s202 mode=interval-spin rep=17 ms=0.935968
SAMPLE tag=strided_d32_s202 mode=interval-spin rep=18 ms=0.936352
SAMPLE tag=strided_d32_s202 mode=interval-spin rep=19 ms=0.935776
SAMPLE tag=strided_d32_s202 mode=interval-spin rep=20 ms=0.936640
SAMPLE tag=strided_d32_s202 mode=interval-spin rep=21 ms=0.937312
SAMPLE tag=strided_d32_s202 mode=interval-spin rep=22 ms=0.936768
SAMPLE tag=strided_d32_s202 mode=interval-spin rep=23 ms=0.936512
SAMPLE tag=strided_d32_s202 mode=interval-spin rep=24 ms=0.936192
SAMPLE tag=strided_d32_s202 mode=interval-spin rep=25 ms=0.937312
SAMPLE tag=strided_d32_s202 mode=interval-spin rep=26 ms=0.936576
SAMPLE tag=strided_d32_s202 mode=interval-spin rep=27 ms=0.937024
SAMPLE tag=strided_d32_s202 mode=interval-spin rep=28 ms=0.936928
SAMPLE tag=strided_d32_s202 mode=interval-spin rep=29 ms=0.937184
SAMPLE tag=strided_d32_s202 mode=interval-spin rep=30 ms=0.937376
interval-spin             0.93677      0.93533       PASS
SAMPLE tag=strided_d32_s202 mode=interval-backoff rep=0 ms=0.936256
SAMPLE tag=strided_d32_s202 mode=interval-backoff rep=1 ms=0.936096
SAMPLE tag=strided_d32_s202 mode=interval-backoff rep=2 ms=0.935040
SAMPLE tag=strided_d32_s202 mode=interval-backoff rep=3 ms=0.937152
SAMPLE tag=strided_d32_s202 mode=interval-backoff rep=4 ms=0.935136
SAMPLE tag=strided_d32_s202 mode=interval-backoff rep=5 ms=0.937056
SAMPLE tag=strided_d32_s202 mode=interval-backoff rep=6 ms=0.937216
SAMPLE tag=strided_d32_s202 mode=interval-backoff rep=7 ms=0.937056
SAMPLE tag=strided_d32_s202 mode=interval-backoff rep=8 ms=0.936864
SAMPLE tag=strided_d32_s202 mode=interval-backoff rep=9 ms=0.937312
SAMPLE tag=strided_d32_s202 mode=interval-backoff rep=10 ms=0.936544
SAMPLE tag=strided_d32_s202 mode=interval-backoff rep=11 ms=0.936960
SAMPLE tag=strided_d32_s202 mode=interval-backoff rep=12 ms=0.937056
SAMPLE tag=strided_d32_s202 mode=interval-backoff rep=13 ms=0.936992
SAMPLE tag=strided_d32_s202 mode=interval-backoff rep=14 ms=0.936032
SAMPLE tag=strided_d32_s202 mode=interval-backoff rep=15 ms=0.936960
SAMPLE tag=strided_d32_s202 mode=interval-backoff rep=16 ms=0.936320
SAMPLE tag=strided_d32_s202 mode=interval-backoff rep=17 ms=0.935360
SAMPLE tag=strided_d32_s202 mode=interval-backoff rep=18 ms=0.937888
SAMPLE tag=strided_d32_s202 mode=interval-backoff rep=19 ms=0.935104
SAMPLE tag=strided_d32_s202 mode=interval-backoff rep=20 ms=0.936320
SAMPLE tag=strided_d32_s202 mode=interval-backoff rep=21 ms=0.935680
SAMPLE tag=strided_d32_s202 mode=interval-backoff rep=22 ms=0.936832
SAMPLE tag=strided_d32_s202 mode=interval-backoff rep=23 ms=0.936576
SAMPLE tag=strided_d32_s202 mode=interval-backoff rep=24 ms=0.936576
SAMPLE tag=strided_d32_s202 mode=interval-backoff rep=25 ms=0.936576
SAMPLE tag=strided_d32_s202 mode=interval-backoff rep=26 ms=0.937248
SAMPLE tag=strided_d32_s202 mode=interval-backoff rep=27 ms=0.937088
SAMPLE tag=strided_d32_s202 mode=interval-backoff rep=28 ms=0.937056
SAMPLE tag=strided_d32_s202 mode=interval-backoff rep=29 ms=0.936160
SAMPLE tag=strided_d32_s202 mode=interval-backoff rep=30 ms=0.937184
interval-backoff          0.93683      0.93504       PASS
SAMPLE tag=strided_d32_s202 mode=exact-backoff rep=0 ms=0.915584
SAMPLE tag=strided_d32_s202 mode=exact-backoff rep=1 ms=0.915232
SAMPLE tag=strided_d32_s202 mode=exact-backoff rep=2 ms=0.915520
SAMPLE tag=strided_d32_s202 mode=exact-backoff rep=3 ms=0.915008
SAMPLE tag=strided_d32_s202 mode=exact-backoff rep=4 ms=0.915776
SAMPLE tag=strided_d32_s202 mode=exact-backoff rep=5 ms=0.916896
SAMPLE tag=strided_d32_s202 mode=exact-backoff rep=6 ms=0.916576
SAMPLE tag=strided_d32_s202 mode=exact-backoff rep=7 ms=0.916128
SAMPLE tag=strided_d32_s202 mode=exact-backoff rep=8 ms=0.915360
SAMPLE tag=strided_d32_s202 mode=exact-backoff rep=9 ms=0.916544
SAMPLE tag=strided_d32_s202 mode=exact-backoff rep=10 ms=0.916384
SAMPLE tag=strided_d32_s202 mode=exact-backoff rep=11 ms=0.916896
SAMPLE tag=strided_d32_s202 mode=exact-backoff rep=12 ms=0.915680
SAMPLE tag=strided_d32_s202 mode=exact-backoff rep=13 ms=0.915744
SAMPLE tag=strided_d32_s202 mode=exact-backoff rep=14 ms=0.916288
SAMPLE tag=strided_d32_s202 mode=exact-backoff rep=15 ms=0.916448
SAMPLE tag=strided_d32_s202 mode=exact-backoff rep=16 ms=0.916224
SAMPLE tag=strided_d32_s202 mode=exact-backoff rep=17 ms=0.916928
SAMPLE tag=strided_d32_s202 mode=exact-backoff rep=18 ms=0.916512
SAMPLE tag=strided_d32_s202 mode=exact-backoff rep=19 ms=0.914656
SAMPLE tag=strided_d32_s202 mode=exact-backoff rep=20 ms=0.916000
SAMPLE tag=strided_d32_s202 mode=exact-backoff rep=21 ms=0.917216
SAMPLE tag=strided_d32_s202 mode=exact-backoff rep=22 ms=0.916032
SAMPLE tag=strided_d32_s202 mode=exact-backoff rep=23 ms=0.914560
SAMPLE tag=strided_d32_s202 mode=exact-backoff rep=24 ms=0.917024
SAMPLE tag=strided_d32_s202 mode=exact-backoff rep=25 ms=0.916032
SAMPLE tag=strided_d32_s202 mode=exact-backoff rep=26 ms=0.915648
SAMPLE tag=strided_d32_s202 mode=exact-backoff rep=27 ms=0.914208
SAMPLE tag=strided_d32_s202 mode=exact-backoff rep=28 ms=0.915552
SAMPLE tag=strided_d32_s202 mode=exact-backoff rep=29 ms=0.917792
SAMPLE tag=strided_d32_s202 mode=exact-backoff rep=30 ms=0.915776
exact-backoff             0.91603      0.91421       PASS
BRACKET floor=1.40906 ceiling=0.89818 space=36.257% impl=interval-backoff impl_ms=0.93683 captured=33.513% of_space=92.4%
SUMMARY_PILOT semantics=2 tag=strided_d32_s202 structure=strided degree=32 eff_degree=141.76 tightness=0.2264 producers=148 consumers=148 threads=128 sms=148 producer_occ=16 consumer_occ=10 trigger_floor=ready trigger_impl=entry trigger_ceiling=entry ready=400000 tail=1000000 prologue=200000 epilogue=1000000 skew_bins=8 repeats=31 floor_ms=1.409056 ceiling_ms=0.898176 interval_spin_ms=0.936768 interval_backoff_ms=0.936832 exact_backoff_ms=0.916032 impl=interval-backoff impl_ms=0.936832 space_pct=36.2569 captured_pct=33.5135 of_space_pct=92.433 valid=1
Device: NVIDIA B200 | SMs=148 | SM clock~1.97 GHz | CC 10.0
Pilot semantics=2 tag=tail0_d8_s202 structure=interval degree=8 effective_degree=8.00 tightness=1.0000 grid=148 ready=400000 tail=0 prologue=200000 epilogue=1000000 skew_bins=8 repeats=31 producer_occ=16 consumer_occ=10
mode                    median_ms       min_ms      valid
SAMPLE tag=tail0_d8_s202 mode=none rep=0 ms=0.619232
SAMPLE tag=tail0_d8_s202 mode=none rep=1 ms=0.620928
SAMPLE tag=tail0_d8_s202 mode=none rep=2 ms=0.620864
SAMPLE tag=tail0_d8_s202 mode=none rep=3 ms=0.621408
SAMPLE tag=tail0_d8_s202 mode=none rep=4 ms=0.620256
SAMPLE tag=tail0_d8_s202 mode=none rep=5 ms=0.621408
SAMPLE tag=tail0_d8_s202 mode=none rep=6 ms=0.620800
SAMPLE tag=tail0_d8_s202 mode=none rep=7 ms=0.619008
SAMPLE tag=tail0_d8_s202 mode=none rep=8 ms=0.618880
SAMPLE tag=tail0_d8_s202 mode=none rep=9 ms=0.618464
SAMPLE tag=tail0_d8_s202 mode=none rep=10 ms=0.620000
SAMPLE tag=tail0_d8_s202 mode=none rep=11 ms=0.618912
SAMPLE tag=tail0_d8_s202 mode=none rep=12 ms=0.618976
SAMPLE tag=tail0_d8_s202 mode=none rep=13 ms=0.618848
SAMPLE tag=tail0_d8_s202 mode=none rep=14 ms=0.618624
SAMPLE tag=tail0_d8_s202 mode=none rep=15 ms=0.619200
SAMPLE tag=tail0_d8_s202 mode=none rep=16 ms=0.619008
SAMPLE tag=tail0_d8_s202 mode=none rep=17 ms=0.620128
SAMPLE tag=tail0_d8_s202 mode=none rep=18 ms=0.619936
SAMPLE tag=tail0_d8_s202 mode=none rep=19 ms=0.620384
SAMPLE tag=tail0_d8_s202 mode=none rep=20 ms=0.619872
SAMPLE tag=tail0_d8_s202 mode=none rep=21 ms=0.621216
SAMPLE tag=tail0_d8_s202 mode=none rep=22 ms=0.618656
SAMPLE tag=tail0_d8_s202 mode=none rep=23 ms=0.619456
SAMPLE tag=tail0_d8_s202 mode=none rep=24 ms=0.619136
SAMPLE tag=tail0_d8_s202 mode=none rep=25 ms=0.619040
SAMPLE tag=tail0_d8_s202 mode=none rep=26 ms=0.620576
SAMPLE tag=tail0_d8_s202 mode=none rep=27 ms=0.620064
SAMPLE tag=tail0_d8_s202 mode=none rep=28 ms=0.620704
SAMPLE tag=tail0_d8_s202 mode=none rep=29 ms=0.619552
SAMPLE tag=tail0_d8_s202 mode=none rep=30 ms=0.620672
none                      0.61987      0.61846        n/a
SAMPLE tag=tail0_d8_s202 mode=grid rep=0 ms=1.002144
SAMPLE tag=tail0_d8_s202 mode=grid rep=1 ms=1.001312
SAMPLE tag=tail0_d8_s202 mode=grid rep=2 ms=1.000736
SAMPLE tag=tail0_d8_s202 mode=grid rep=3 ms=1.001184
SAMPLE tag=tail0_d8_s202 mode=grid rep=4 ms=1.001472
SAMPLE tag=tail0_d8_s202 mode=grid rep=5 ms=1.000160
SAMPLE tag=tail0_d8_s202 mode=grid rep=6 ms=1.001952
SAMPLE tag=tail0_d8_s202 mode=grid rep=7 ms=1.002208
SAMPLE tag=tail0_d8_s202 mode=grid rep=8 ms=1.000736
SAMPLE tag=tail0_d8_s202 mode=grid rep=9 ms=1.001664
SAMPLE tag=tail0_d8_s202 mode=grid rep=10 ms=1.001152
SAMPLE tag=tail0_d8_s202 mode=grid rep=11 ms=1.001920
SAMPLE tag=tail0_d8_s202 mode=grid rep=12 ms=1.000384
SAMPLE tag=tail0_d8_s202 mode=grid rep=13 ms=1.000896
SAMPLE tag=tail0_d8_s202 mode=grid rep=14 ms=1.000928
SAMPLE tag=tail0_d8_s202 mode=grid rep=15 ms=1.000448
SAMPLE tag=tail0_d8_s202 mode=grid rep=16 ms=1.001088
SAMPLE tag=tail0_d8_s202 mode=grid rep=17 ms=1.000576
SAMPLE tag=tail0_d8_s202 mode=grid rep=18 ms=1.001216
SAMPLE tag=tail0_d8_s202 mode=grid rep=19 ms=1.000896
SAMPLE tag=tail0_d8_s202 mode=grid rep=20 ms=1.001792
SAMPLE tag=tail0_d8_s202 mode=grid rep=21 ms=1.001728
SAMPLE tag=tail0_d8_s202 mode=grid rep=22 ms=1.001920
SAMPLE tag=tail0_d8_s202 mode=grid rep=23 ms=1.002112
SAMPLE tag=tail0_d8_s202 mode=grid rep=24 ms=1.000128
SAMPLE tag=tail0_d8_s202 mode=grid rep=25 ms=1.000800
SAMPLE tag=tail0_d8_s202 mode=grid rep=26 ms=1.000480
SAMPLE tag=tail0_d8_s202 mode=grid rep=27 ms=1.002112
SAMPLE tag=tail0_d8_s202 mode=grid rep=28 ms=1.001856
SAMPLE tag=tail0_d8_s202 mode=grid rep=29 ms=1.000128
SAMPLE tag=tail0_d8_s202 mode=grid rep=30 ms=1.001824
grid                      1.00118      1.00013       PASS
SAMPLE tag=tail0_d8_s202 mode=interval-spin rep=0 ms=0.901920
SAMPLE tag=tail0_d8_s202 mode=interval-spin rep=1 ms=0.902464
SAMPLE tag=tail0_d8_s202 mode=interval-spin rep=2 ms=0.908256
SAMPLE tag=tail0_d8_s202 mode=interval-spin rep=3 ms=0.901056
SAMPLE tag=tail0_d8_s202 mode=interval-spin rep=4 ms=0.901376
SAMPLE tag=tail0_d8_s202 mode=interval-spin rep=5 ms=0.902240
SAMPLE tag=tail0_d8_s202 mode=interval-spin rep=6 ms=0.901632
SAMPLE tag=tail0_d8_s202 mode=interval-spin rep=7 ms=0.901248
SAMPLE tag=tail0_d8_s202 mode=interval-spin rep=8 ms=0.901120
SAMPLE tag=tail0_d8_s202 mode=interval-spin rep=9 ms=0.900416
SAMPLE tag=tail0_d8_s202 mode=interval-spin rep=10 ms=0.901952
SAMPLE tag=tail0_d8_s202 mode=interval-spin rep=11 ms=0.900736
SAMPLE tag=tail0_d8_s202 mode=interval-spin rep=12 ms=0.902720
SAMPLE tag=tail0_d8_s202 mode=interval-spin rep=13 ms=0.901824
SAMPLE tag=tail0_d8_s202 mode=interval-spin rep=14 ms=0.901600
SAMPLE tag=tail0_d8_s202 mode=interval-spin rep=15 ms=0.900640
SAMPLE tag=tail0_d8_s202 mode=interval-spin rep=16 ms=0.901952
SAMPLE tag=tail0_d8_s202 mode=interval-spin rep=17 ms=0.901984
SAMPLE tag=tail0_d8_s202 mode=interval-spin rep=18 ms=0.902368
SAMPLE tag=tail0_d8_s202 mode=interval-spin rep=19 ms=0.900832
SAMPLE tag=tail0_d8_s202 mode=interval-spin rep=20 ms=0.901760
SAMPLE tag=tail0_d8_s202 mode=interval-spin rep=21 ms=0.901344
SAMPLE tag=tail0_d8_s202 mode=interval-spin rep=22 ms=0.902240
SAMPLE tag=tail0_d8_s202 mode=interval-spin rep=23 ms=0.901408
SAMPLE tag=tail0_d8_s202 mode=interval-spin rep=24 ms=0.901408
SAMPLE tag=tail0_d8_s202 mode=interval-spin rep=25 ms=0.901568
SAMPLE tag=tail0_d8_s202 mode=interval-spin rep=26 ms=0.901600
SAMPLE tag=tail0_d8_s202 mode=interval-spin rep=27 ms=0.910496
SAMPLE tag=tail0_d8_s202 mode=interval-spin rep=28 ms=0.901664
SAMPLE tag=tail0_d8_s202 mode=interval-spin rep=29 ms=0.902336
SAMPLE tag=tail0_d8_s202 mode=interval-spin rep=30 ms=0.902528
interval-spin             0.90166      0.90042       PASS
SAMPLE tag=tail0_d8_s202 mode=interval-backoff rep=0 ms=0.902464
SAMPLE tag=tail0_d8_s202 mode=interval-backoff rep=1 ms=0.903296
SAMPLE tag=tail0_d8_s202 mode=interval-backoff rep=2 ms=0.903072
SAMPLE tag=tail0_d8_s202 mode=interval-backoff rep=3 ms=0.901472
SAMPLE tag=tail0_d8_s202 mode=interval-backoff rep=4 ms=0.901376
SAMPLE tag=tail0_d8_s202 mode=interval-backoff rep=5 ms=0.903200
SAMPLE tag=tail0_d8_s202 mode=interval-backoff rep=6 ms=0.901696
SAMPLE tag=tail0_d8_s202 mode=interval-backoff rep=7 ms=0.903200
SAMPLE tag=tail0_d8_s202 mode=interval-backoff rep=8 ms=0.903328
SAMPLE tag=tail0_d8_s202 mode=interval-backoff rep=9 ms=0.903552
SAMPLE tag=tail0_d8_s202 mode=interval-backoff rep=10 ms=0.902304
SAMPLE tag=tail0_d8_s202 mode=interval-backoff rep=11 ms=0.900544
SAMPLE tag=tail0_d8_s202 mode=interval-backoff rep=12 ms=0.902880
SAMPLE tag=tail0_d8_s202 mode=interval-backoff rep=13 ms=0.900352
SAMPLE tag=tail0_d8_s202 mode=interval-backoff rep=14 ms=0.901600
SAMPLE tag=tail0_d8_s202 mode=interval-backoff rep=15 ms=0.901728
SAMPLE tag=tail0_d8_s202 mode=interval-backoff rep=16 ms=0.901792
SAMPLE tag=tail0_d8_s202 mode=interval-backoff rep=17 ms=0.901376
SAMPLE tag=tail0_d8_s202 mode=interval-backoff rep=18 ms=0.902496
SAMPLE tag=tail0_d8_s202 mode=interval-backoff rep=19 ms=0.901280
SAMPLE tag=tail0_d8_s202 mode=interval-backoff rep=20 ms=0.901920
SAMPLE tag=tail0_d8_s202 mode=interval-backoff rep=21 ms=0.901280
SAMPLE tag=tail0_d8_s202 mode=interval-backoff rep=22 ms=0.901472
SAMPLE tag=tail0_d8_s202 mode=interval-backoff rep=23 ms=0.901344
SAMPLE tag=tail0_d8_s202 mode=interval-backoff rep=24 ms=0.901632
SAMPLE tag=tail0_d8_s202 mode=interval-backoff rep=25 ms=0.901952
SAMPLE tag=tail0_d8_s202 mode=interval-backoff rep=26 ms=0.901984
SAMPLE tag=tail0_d8_s202 mode=interval-backoff rep=27 ms=0.902400
SAMPLE tag=tail0_d8_s202 mode=interval-backoff rep=28 ms=0.904032
SAMPLE tag=tail0_d8_s202 mode=interval-backoff rep=29 ms=0.901600
SAMPLE tag=tail0_d8_s202 mode=interval-backoff rep=30 ms=0.901216
interval-backoff          0.90179      0.90035       PASS
SAMPLE tag=tail0_d8_s202 mode=exact-backoff rep=0 ms=0.903136
SAMPLE tag=tail0_d8_s202 mode=exact-backoff rep=1 ms=0.903328
SAMPLE tag=tail0_d8_s202 mode=exact-backoff rep=2 ms=0.903776
SAMPLE tag=tail0_d8_s202 mode=exact-backoff rep=3 ms=0.903744
SAMPLE tag=tail0_d8_s202 mode=exact-backoff rep=4 ms=0.903776
SAMPLE tag=tail0_d8_s202 mode=exact-backoff rep=5 ms=0.904704
SAMPLE tag=tail0_d8_s202 mode=exact-backoff rep=6 ms=0.904256
SAMPLE tag=tail0_d8_s202 mode=exact-backoff rep=7 ms=0.903168
SAMPLE tag=tail0_d8_s202 mode=exact-backoff rep=8 ms=0.903296
SAMPLE tag=tail0_d8_s202 mode=exact-backoff rep=9 ms=0.904448
SAMPLE tag=tail0_d8_s202 mode=exact-backoff rep=10 ms=0.904640
SAMPLE tag=tail0_d8_s202 mode=exact-backoff rep=11 ms=0.904544
SAMPLE tag=tail0_d8_s202 mode=exact-backoff rep=12 ms=0.903680
SAMPLE tag=tail0_d8_s202 mode=exact-backoff rep=13 ms=0.903232
SAMPLE tag=tail0_d8_s202 mode=exact-backoff rep=14 ms=0.903264
SAMPLE tag=tail0_d8_s202 mode=exact-backoff rep=15 ms=0.906528
SAMPLE tag=tail0_d8_s202 mode=exact-backoff rep=16 ms=0.903904
SAMPLE tag=tail0_d8_s202 mode=exact-backoff rep=17 ms=0.903232
SAMPLE tag=tail0_d8_s202 mode=exact-backoff rep=18 ms=0.903328
SAMPLE tag=tail0_d8_s202 mode=exact-backoff rep=19 ms=0.902528
SAMPLE tag=tail0_d8_s202 mode=exact-backoff rep=20 ms=0.903232
SAMPLE tag=tail0_d8_s202 mode=exact-backoff rep=21 ms=0.903776
SAMPLE tag=tail0_d8_s202 mode=exact-backoff rep=22 ms=0.903872
SAMPLE tag=tail0_d8_s202 mode=exact-backoff rep=23 ms=0.904096
SAMPLE tag=tail0_d8_s202 mode=exact-backoff rep=24 ms=0.904288
SAMPLE tag=tail0_d8_s202 mode=exact-backoff rep=25 ms=0.903456
SAMPLE tag=tail0_d8_s202 mode=exact-backoff rep=26 ms=0.904192
SAMPLE tag=tail0_d8_s202 mode=exact-backoff rep=27 ms=0.903424
SAMPLE tag=tail0_d8_s202 mode=exact-backoff rep=28 ms=0.903296
SAMPLE tag=tail0_d8_s202 mode=exact-backoff rep=29 ms=0.903648
SAMPLE tag=tail0_d8_s202 mode=exact-backoff rep=30 ms=0.904384
exact-backoff             0.90374      0.90253       PASS
BRACKET floor=1.00118 ceiling=0.61987 space=38.086% impl=interval-backoff impl_ms=0.90179 captured=9.927% of_space=26.1%
SUMMARY_PILOT semantics=2 tag=tail0_d8_s202 structure=interval degree=8 eff_degree=8.00 tightness=1.0000 producers=148 consumers=148 threads=128 sms=148 producer_occ=16 consumer_occ=10 trigger_floor=ready trigger_impl=entry trigger_ceiling=entry ready=400000 tail=0 prologue=200000 epilogue=1000000 skew_bins=8 repeats=31 floor_ms=1.001184 ceiling_ms=0.619872 interval_spin_ms=0.901664 interval_backoff_ms=0.901792 exact_backoff_ms=0.903744 impl=interval-backoff impl_ms=0.901792 space_pct=38.0861 captured_pct=9.9274 of_space_pct=26.066 valid=1
Device: NVIDIA B200 | SMs=148 | SM clock~1.97 GHz | CC 10.0
Pilot semantics=2 tag=tail2m_d8_s202 structure=interval degree=8 effective_degree=8.00 tightness=1.0000 grid=148 ready=400000 tail=2000000 prologue=200000 epilogue=1000000 skew_bins=8 repeats=31 producer_occ=16 consumer_occ=10
mode                    median_ms       min_ms      valid
SAMPLE tag=tail2m_d8_s202 mode=none rep=0 ms=1.408736
SAMPLE tag=tail2m_d8_s202 mode=none rep=1 ms=1.407776
SAMPLE tag=tail2m_d8_s202 mode=none rep=2 ms=1.407264
SAMPLE tag=tail2m_d8_s202 mode=none rep=3 ms=1.408640
SAMPLE tag=tail2m_d8_s202 mode=none rep=4 ms=1.407552
SAMPLE tag=tail2m_d8_s202 mode=none rep=5 ms=1.407776
SAMPLE tag=tail2m_d8_s202 mode=none rep=6 ms=1.407264
SAMPLE tag=tail2m_d8_s202 mode=none rep=7 ms=1.407296
SAMPLE tag=tail2m_d8_s202 mode=none rep=8 ms=1.409312
SAMPLE tag=tail2m_d8_s202 mode=none rep=9 ms=1.409504
SAMPLE tag=tail2m_d8_s202 mode=none rep=10 ms=1.408608
SAMPLE tag=tail2m_d8_s202 mode=none rep=11 ms=1.408544
SAMPLE tag=tail2m_d8_s202 mode=none rep=12 ms=1.407456
SAMPLE tag=tail2m_d8_s202 mode=none rep=13 ms=1.409152
SAMPLE tag=tail2m_d8_s202 mode=none rep=14 ms=1.408224
SAMPLE tag=tail2m_d8_s202 mode=none rep=15 ms=1.409312
SAMPLE tag=tail2m_d8_s202 mode=none rep=16 ms=1.407136
SAMPLE tag=tail2m_d8_s202 mode=none rep=17 ms=1.409184
SAMPLE tag=tail2m_d8_s202 mode=none rep=18 ms=1.408352
SAMPLE tag=tail2m_d8_s202 mode=none rep=19 ms=1.408800
SAMPLE tag=tail2m_d8_s202 mode=none rep=20 ms=1.407424
SAMPLE tag=tail2m_d8_s202 mode=none rep=21 ms=1.408736
SAMPLE tag=tail2m_d8_s202 mode=none rep=22 ms=1.406976
SAMPLE tag=tail2m_d8_s202 mode=none rep=23 ms=1.408960
SAMPLE tag=tail2m_d8_s202 mode=none rep=24 ms=1.407264
SAMPLE tag=tail2m_d8_s202 mode=none rep=25 ms=1.407168
SAMPLE tag=tail2m_d8_s202 mode=none rep=26 ms=1.408608
SAMPLE tag=tail2m_d8_s202 mode=none rep=27 ms=1.407616
SAMPLE tag=tail2m_d8_s202 mode=none rep=28 ms=1.408192
SAMPLE tag=tail2m_d8_s202 mode=none rep=29 ms=1.407904
SAMPLE tag=tail2m_d8_s202 mode=none rep=30 ms=1.407776
none                      1.40819      1.40698        n/a
SAMPLE tag=tail2m_d8_s202 mode=grid rep=0 ms=1.918240
SAMPLE tag=tail2m_d8_s202 mode=grid rep=1 ms=1.918240
SAMPLE tag=tail2m_d8_s202 mode=grid rep=2 ms=1.918560
SAMPLE tag=tail2m_d8_s202 mode=grid rep=3 ms=1.918656
SAMPLE tag=tail2m_d8_s202 mode=grid rep=4 ms=1.917120
SAMPLE tag=tail2m_d8_s202 mode=grid rep=5 ms=1.918176
SAMPLE tag=tail2m_d8_s202 mode=grid rep=6 ms=1.917120
SAMPLE tag=tail2m_d8_s202 mode=grid rep=7 ms=1.916928
SAMPLE tag=tail2m_d8_s202 mode=grid rep=8 ms=1.919168
SAMPLE tag=tail2m_d8_s202 mode=grid rep=9 ms=1.918016
SAMPLE tag=tail2m_d8_s202 mode=grid rep=10 ms=1.917856
SAMPLE tag=tail2m_d8_s202 mode=grid rep=11 ms=1.918240
SAMPLE tag=tail2m_d8_s202 mode=grid rep=12 ms=1.918464
SAMPLE tag=tail2m_d8_s202 mode=grid rep=13 ms=1.917088
SAMPLE tag=tail2m_d8_s202 mode=grid rep=14 ms=1.918144
SAMPLE tag=tail2m_d8_s202 mode=grid rep=15 ms=1.918848
SAMPLE tag=tail2m_d8_s202 mode=grid rep=16 ms=1.917120
SAMPLE tag=tail2m_d8_s202 mode=grid rep=17 ms=1.918240
SAMPLE tag=tail2m_d8_s202 mode=grid rep=18 ms=1.917824
SAMPLE tag=tail2m_d8_s202 mode=grid rep=19 ms=1.918496
SAMPLE tag=tail2m_d8_s202 mode=grid rep=20 ms=1.916768
SAMPLE tag=tail2m_d8_s202 mode=grid rep=21 ms=1.918624
SAMPLE tag=tail2m_d8_s202 mode=grid rep=22 ms=1.919104
SAMPLE tag=tail2m_d8_s202 mode=grid rep=23 ms=1.917408
SAMPLE tag=tail2m_d8_s202 mode=grid rep=24 ms=1.918016
SAMPLE tag=tail2m_d8_s202 mode=grid rep=25 ms=1.917472
SAMPLE tag=tail2m_d8_s202 mode=grid rep=26 ms=1.919104
SAMPLE tag=tail2m_d8_s202 mode=grid rep=27 ms=1.917888
SAMPLE tag=tail2m_d8_s202 mode=grid rep=28 ms=1.918720
SAMPLE tag=tail2m_d8_s202 mode=grid rep=29 ms=1.917536
SAMPLE tag=tail2m_d8_s202 mode=grid rep=30 ms=1.918080
grid                      1.91814      1.91677       PASS
SAMPLE tag=tail2m_d8_s202 mode=interval-spin rep=0 ms=1.408416
SAMPLE tag=tail2m_d8_s202 mode=interval-spin rep=1 ms=1.408128
SAMPLE tag=tail2m_d8_s202 mode=interval-spin rep=2 ms=1.407552
SAMPLE tag=tail2m_d8_s202 mode=interval-spin rep=3 ms=1.408000
SAMPLE tag=tail2m_d8_s202 mode=interval-spin rep=4 ms=1.407808
SAMPLE tag=tail2m_d8_s202 mode=interval-spin rep=5 ms=1.409280
SAMPLE tag=tail2m_d8_s202 mode=interval-spin rep=6 ms=1.408480
SAMPLE tag=tail2m_d8_s202 mode=interval-spin rep=7 ms=1.409856
SAMPLE tag=tail2m_d8_s202 mode=interval-spin rep=8 ms=1.408320
SAMPLE tag=tail2m_d8_s202 mode=interval-spin rep=9 ms=1.407584
SAMPLE tag=tail2m_d8_s202 mode=interval-spin rep=10 ms=1.407616
SAMPLE tag=tail2m_d8_s202 mode=interval-spin rep=11 ms=1.408800
SAMPLE tag=tail2m_d8_s202 mode=interval-spin rep=12 ms=1.407360
SAMPLE tag=tail2m_d8_s202 mode=interval-spin rep=13 ms=1.407392
SAMPLE tag=tail2m_d8_s202 mode=interval-spin rep=14 ms=1.408224
SAMPLE tag=tail2m_d8_s202 mode=interval-spin rep=15 ms=1.407264
SAMPLE tag=tail2m_d8_s202 mode=interval-spin rep=16 ms=1.407936
SAMPLE tag=tail2m_d8_s202 mode=interval-spin rep=17 ms=1.407360
SAMPLE tag=tail2m_d8_s202 mode=interval-spin rep=18 ms=1.408224
SAMPLE tag=tail2m_d8_s202 mode=interval-spin rep=19 ms=1.407648
SAMPLE tag=tail2m_d8_s202 mode=interval-spin rep=20 ms=1.409504
SAMPLE tag=tail2m_d8_s202 mode=interval-spin rep=21 ms=1.407680
SAMPLE tag=tail2m_d8_s202 mode=interval-spin rep=22 ms=1.408736
SAMPLE tag=tail2m_d8_s202 mode=interval-spin rep=23 ms=1.409568
SAMPLE tag=tail2m_d8_s202 mode=interval-spin rep=24 ms=1.409312
SAMPLE tag=tail2m_d8_s202 mode=interval-spin rep=25 ms=1.408864
SAMPLE tag=tail2m_d8_s202 mode=interval-spin rep=26 ms=1.409152
SAMPLE tag=tail2m_d8_s202 mode=interval-spin rep=27 ms=1.409312
SAMPLE tag=tail2m_d8_s202 mode=interval-spin rep=28 ms=1.409152
SAMPLE tag=tail2m_d8_s202 mode=interval-spin rep=29 ms=1.408288
SAMPLE tag=tail2m_d8_s202 mode=interval-spin rep=30 ms=1.409568
interval-spin             1.40829      1.40726       PASS
SAMPLE tag=tail2m_d8_s202 mode=interval-backoff rep=0 ms=1.407840
SAMPLE tag=tail2m_d8_s202 mode=interval-backoff rep=1 ms=1.409440
SAMPLE tag=tail2m_d8_s202 mode=interval-backoff rep=2 ms=1.408224
SAMPLE tag=tail2m_d8_s202 mode=interval-backoff rep=3 ms=1.406944
SAMPLE tag=tail2m_d8_s202 mode=interval-backoff rep=4 ms=1.409632
SAMPLE tag=tail2m_d8_s202 mode=interval-backoff rep=5 ms=1.407808
SAMPLE tag=tail2m_d8_s202 mode=interval-backoff rep=6 ms=1.407136
SAMPLE tag=tail2m_d8_s202 mode=interval-backoff rep=7 ms=1.408512
SAMPLE tag=tail2m_d8_s202 mode=interval-backoff rep=8 ms=1.407552
SAMPLE tag=tail2m_d8_s202 mode=interval-backoff rep=9 ms=1.407744
SAMPLE tag=tail2m_d8_s202 mode=interval-backoff rep=10 ms=1.410432
SAMPLE tag=tail2m_d8_s202 mode=interval-backoff rep=11 ms=1.407776
SAMPLE tag=tail2m_d8_s202 mode=interval-backoff rep=12 ms=1.408416
SAMPLE tag=tail2m_d8_s202 mode=interval-backoff rep=13 ms=1.407680
SAMPLE tag=tail2m_d8_s202 mode=interval-backoff rep=14 ms=1.407808
SAMPLE tag=tail2m_d8_s202 mode=interval-backoff rep=15 ms=1.408288
SAMPLE tag=tail2m_d8_s202 mode=interval-backoff rep=16 ms=1.407744
SAMPLE tag=tail2m_d8_s202 mode=interval-backoff rep=17 ms=1.408832
SAMPLE tag=tail2m_d8_s202 mode=interval-backoff rep=18 ms=1.408128
SAMPLE tag=tail2m_d8_s202 mode=interval-backoff rep=19 ms=1.408576
SAMPLE tag=tail2m_d8_s202 mode=interval-backoff rep=20 ms=1.408320
SAMPLE tag=tail2m_d8_s202 mode=interval-backoff rep=21 ms=1.409536
SAMPLE tag=tail2m_d8_s202 mode=interval-backoff rep=22 ms=1.408128
SAMPLE tag=tail2m_d8_s202 mode=interval-backoff rep=23 ms=1.409088
SAMPLE tag=tail2m_d8_s202 mode=interval-backoff rep=24 ms=1.409184
SAMPLE tag=tail2m_d8_s202 mode=interval-backoff rep=25 ms=1.409600
SAMPLE tag=tail2m_d8_s202 mode=interval-backoff rep=26 ms=1.408832
SAMPLE tag=tail2m_d8_s202 mode=interval-backoff rep=27 ms=1.406976
SAMPLE tag=tail2m_d8_s202 mode=interval-backoff rep=28 ms=1.407168
SAMPLE tag=tail2m_d8_s202 mode=interval-backoff rep=29 ms=1.408192
SAMPLE tag=tail2m_d8_s202 mode=interval-backoff rep=30 ms=1.407424
interval-backoff          1.40819      1.40694       PASS
SAMPLE tag=tail2m_d8_s202 mode=exact-backoff rep=0 ms=1.408480
SAMPLE tag=tail2m_d8_s202 mode=exact-backoff rep=1 ms=1.408608
SAMPLE tag=tail2m_d8_s202 mode=exact-backoff rep=2 ms=1.407808
SAMPLE tag=tail2m_d8_s202 mode=exact-backoff rep=3 ms=1.409728
SAMPLE tag=tail2m_d8_s202 mode=exact-backoff rep=4 ms=1.407936
SAMPLE tag=tail2m_d8_s202 mode=exact-backoff rep=5 ms=1.408384
SAMPLE tag=tail2m_d8_s202 mode=exact-backoff rep=6 ms=1.407808
SAMPLE tag=tail2m_d8_s202 mode=exact-backoff rep=7 ms=1.408288
SAMPLE tag=tail2m_d8_s202 mode=exact-backoff rep=8 ms=1.407840
SAMPLE tag=tail2m_d8_s202 mode=exact-backoff rep=9 ms=1.409248
SAMPLE tag=tail2m_d8_s202 mode=exact-backoff rep=10 ms=1.408224
SAMPLE tag=tail2m_d8_s202 mode=exact-backoff rep=11 ms=1.407488
SAMPLE tag=tail2m_d8_s202 mode=exact-backoff rep=12 ms=1.408576
SAMPLE tag=tail2m_d8_s202 mode=exact-backoff rep=13 ms=1.408000
SAMPLE tag=tail2m_d8_s202 mode=exact-backoff rep=14 ms=1.408576
SAMPLE tag=tail2m_d8_s202 mode=exact-backoff rep=15 ms=1.407904
SAMPLE tag=tail2m_d8_s202 mode=exact-backoff rep=16 ms=1.409184
SAMPLE tag=tail2m_d8_s202 mode=exact-backoff rep=17 ms=1.409792
SAMPLE tag=tail2m_d8_s202 mode=exact-backoff rep=18 ms=1.407648
SAMPLE tag=tail2m_d8_s202 mode=exact-backoff rep=19 ms=1.408000
SAMPLE tag=tail2m_d8_s202 mode=exact-backoff rep=20 ms=1.408320
SAMPLE tag=tail2m_d8_s202 mode=exact-backoff rep=21 ms=1.407584
SAMPLE tag=tail2m_d8_s202 mode=exact-backoff rep=22 ms=1.408320
SAMPLE tag=tail2m_d8_s202 mode=exact-backoff rep=23 ms=1.408864
SAMPLE tag=tail2m_d8_s202 mode=exact-backoff rep=24 ms=1.407648
SAMPLE tag=tail2m_d8_s202 mode=exact-backoff rep=25 ms=1.409024
SAMPLE tag=tail2m_d8_s202 mode=exact-backoff rep=26 ms=1.407680
SAMPLE tag=tail2m_d8_s202 mode=exact-backoff rep=27 ms=1.408576
SAMPLE tag=tail2m_d8_s202 mode=exact-backoff rep=28 ms=1.407584
SAMPLE tag=tail2m_d8_s202 mode=exact-backoff rep=29 ms=1.409312
SAMPLE tag=tail2m_d8_s202 mode=exact-backoff rep=30 ms=1.408192
exact-backoff             1.40829      1.40749       PASS
BRACKET floor=1.91814 ceiling=1.40819 space=26.586% impl=interval-backoff impl_ms=1.40819 captured=26.586% of_space=100.0%
SUMMARY_PILOT semantics=2 tag=tail2m_d8_s202 structure=interval degree=8 eff_degree=8.00 tightness=1.0000 producers=148 consumers=148 threads=128 sms=148 producer_occ=16 consumer_occ=10 trigger_floor=ready trigger_impl=entry trigger_ceiling=entry ready=400000 tail=2000000 prologue=200000 epilogue=1000000 skew_bins=8 repeats=31 floor_ms=1.918144 ceiling_ms=1.408192 interval_spin_ms=1.408288 interval_backoff_ms=1.408192 exact_backoff_ms=1.408288 impl=interval-backoff impl_ms=1.408192 space_pct=26.5857 captured_pct=26.5857 of_space_pct=100.000 valid=1
Device: NVIDIA B200 | SMs=148 | SM clock~1.97 GHz | CC 10.0
Pilot semantics=2 tag=grid64_d8_s202 structure=interval degree=8 effective_degree=8.00 tightness=1.0000 grid=64 ready=400000 tail=1000000 prologue=200000 epilogue=1000000 skew_bins=8 repeats=31 producer_occ=16 consumer_occ=10
mode                    median_ms       min_ms      valid
SAMPLE tag=grid64_d8_s202 mode=none rep=0 ms=0.897664
SAMPLE tag=grid64_d8_s202 mode=none rep=1 ms=0.898016
SAMPLE tag=grid64_d8_s202 mode=none rep=2 ms=0.896960
SAMPLE tag=grid64_d8_s202 mode=none rep=3 ms=0.897984
SAMPLE tag=grid64_d8_s202 mode=none rep=4 ms=0.897024
SAMPLE tag=grid64_d8_s202 mode=none rep=5 ms=0.896640
SAMPLE tag=grid64_d8_s202 mode=none rep=6 ms=0.897664
SAMPLE tag=grid64_d8_s202 mode=none rep=7 ms=0.897920
SAMPLE tag=grid64_d8_s202 mode=none rep=8 ms=0.897216
SAMPLE tag=grid64_d8_s202 mode=none rep=9 ms=0.898336
SAMPLE tag=grid64_d8_s202 mode=none rep=10 ms=0.897472
SAMPLE tag=grid64_d8_s202 mode=none rep=11 ms=0.897632
SAMPLE tag=grid64_d8_s202 mode=none rep=12 ms=0.898112
SAMPLE tag=grid64_d8_s202 mode=none rep=13 ms=0.897664
SAMPLE tag=grid64_d8_s202 mode=none rep=14 ms=0.897408
SAMPLE tag=grid64_d8_s202 mode=none rep=15 ms=0.897312
SAMPLE tag=grid64_d8_s202 mode=none rep=16 ms=0.898304
SAMPLE tag=grid64_d8_s202 mode=none rep=17 ms=0.897952
SAMPLE tag=grid64_d8_s202 mode=none rep=18 ms=0.898624
SAMPLE tag=grid64_d8_s202 mode=none rep=19 ms=0.896736
SAMPLE tag=grid64_d8_s202 mode=none rep=20 ms=0.897824
SAMPLE tag=grid64_d8_s202 mode=none rep=21 ms=0.897664
SAMPLE tag=grid64_d8_s202 mode=none rep=22 ms=0.898592
SAMPLE tag=grid64_d8_s202 mode=none rep=23 ms=0.898176
SAMPLE tag=grid64_d8_s202 mode=none rep=24 ms=0.897504
SAMPLE tag=grid64_d8_s202 mode=none rep=25 ms=0.897184
SAMPLE tag=grid64_d8_s202 mode=none rep=26 ms=0.897952
SAMPLE tag=grid64_d8_s202 mode=none rep=27 ms=0.898592
SAMPLE tag=grid64_d8_s202 mode=none rep=28 ms=0.897664
SAMPLE tag=grid64_d8_s202 mode=none rep=29 ms=0.898368
SAMPLE tag=grid64_d8_s202 mode=none rep=30 ms=0.897376
none                      0.89766      0.89664        n/a
SAMPLE tag=grid64_d8_s202 mode=grid rep=0 ms=1.409440
SAMPLE tag=grid64_d8_s202 mode=grid rep=1 ms=1.409632
SAMPLE tag=grid64_d8_s202 mode=grid rep=2 ms=1.407808
SAMPLE tag=grid64_d8_s202 mode=grid rep=3 ms=1.412768
SAMPLE tag=grid64_d8_s202 mode=grid rep=4 ms=1.408128
SAMPLE tag=grid64_d8_s202 mode=grid rep=5 ms=1.407872
SAMPLE tag=grid64_d8_s202 mode=grid rep=6 ms=1.409472
SAMPLE tag=grid64_d8_s202 mode=grid rep=7 ms=1.408064
SAMPLE tag=grid64_d8_s202 mode=grid rep=8 ms=1.408480
SAMPLE tag=grid64_d8_s202 mode=grid rep=9 ms=1.409600
SAMPLE tag=grid64_d8_s202 mode=grid rep=10 ms=1.408800
SAMPLE tag=grid64_d8_s202 mode=grid rep=11 ms=1.407872
SAMPLE tag=grid64_d8_s202 mode=grid rep=12 ms=1.407776
SAMPLE tag=grid64_d8_s202 mode=grid rep=13 ms=1.408960
SAMPLE tag=grid64_d8_s202 mode=grid rep=14 ms=1.409312
SAMPLE tag=grid64_d8_s202 mode=grid rep=15 ms=1.409440
SAMPLE tag=grid64_d8_s202 mode=grid rep=16 ms=1.408416
SAMPLE tag=grid64_d8_s202 mode=grid rep=17 ms=1.408096
SAMPLE tag=grid64_d8_s202 mode=grid rep=18 ms=1.409568
SAMPLE tag=grid64_d8_s202 mode=grid rep=19 ms=1.408960
SAMPLE tag=grid64_d8_s202 mode=grid rep=20 ms=1.409376
SAMPLE tag=grid64_d8_s202 mode=grid rep=21 ms=1.408096
SAMPLE tag=grid64_d8_s202 mode=grid rep=22 ms=1.409568
SAMPLE tag=grid64_d8_s202 mode=grid rep=23 ms=1.409760
SAMPLE tag=grid64_d8_s202 mode=grid rep=24 ms=1.408192
SAMPLE tag=grid64_d8_s202 mode=grid rep=25 ms=1.408864
SAMPLE tag=grid64_d8_s202 mode=grid rep=26 ms=1.408192
SAMPLE tag=grid64_d8_s202 mode=grid rep=27 ms=1.408416
SAMPLE tag=grid64_d8_s202 mode=grid rep=28 ms=1.408960
SAMPLE tag=grid64_d8_s202 mode=grid rep=29 ms=1.407424
SAMPLE tag=grid64_d8_s202 mode=grid rep=30 ms=1.408704
grid                      1.40880      1.40742       PASS
SAMPLE tag=grid64_d8_s202 mode=interval-spin rep=0 ms=0.908928
SAMPLE tag=grid64_d8_s202 mode=interval-spin rep=1 ms=0.901472
SAMPLE tag=grid64_d8_s202 mode=interval-spin rep=2 ms=0.900000
SAMPLE tag=grid64_d8_s202 mode=interval-spin rep=3 ms=0.902016
SAMPLE tag=grid64_d8_s202 mode=interval-spin rep=4 ms=0.901472
SAMPLE tag=grid64_d8_s202 mode=interval-spin rep=5 ms=0.900704
SAMPLE tag=grid64_d8_s202 mode=interval-spin rep=6 ms=0.901472
SAMPLE tag=grid64_d8_s202 mode=interval-spin rep=7 ms=0.901536
SAMPLE tag=grid64_d8_s202 mode=interval-spin rep=8 ms=0.901376
SAMPLE tag=grid64_d8_s202 mode=interval-spin rep=9 ms=0.901568
SAMPLE tag=grid64_d8_s202 mode=interval-spin rep=10 ms=0.901760
SAMPLE tag=grid64_d8_s202 mode=interval-spin rep=11 ms=0.902240
SAMPLE tag=grid64_d8_s202 mode=interval-spin rep=12 ms=0.901184
SAMPLE tag=grid64_d8_s202 mode=interval-spin rep=13 ms=0.900896
SAMPLE tag=grid64_d8_s202 mode=interval-spin rep=14 ms=0.901728
SAMPLE tag=grid64_d8_s202 mode=interval-spin rep=15 ms=0.900288
SAMPLE tag=grid64_d8_s202 mode=interval-spin rep=16 ms=0.900800
SAMPLE tag=grid64_d8_s202 mode=interval-spin rep=17 ms=0.901408
SAMPLE tag=grid64_d8_s202 mode=interval-spin rep=18 ms=0.901760
SAMPLE tag=grid64_d8_s202 mode=interval-spin rep=19 ms=0.900128
SAMPLE tag=grid64_d8_s202 mode=interval-spin rep=20 ms=0.902016
SAMPLE tag=grid64_d8_s202 mode=interval-spin rep=21 ms=0.900160
SAMPLE tag=grid64_d8_s202 mode=interval-spin rep=22 ms=0.901376
SAMPLE tag=grid64_d8_s202 mode=interval-spin rep=23 ms=0.906016
SAMPLE tag=grid64_d8_s202 mode=interval-spin rep=24 ms=0.900448
SAMPLE tag=grid64_d8_s202 mode=interval-spin rep=25 ms=0.901824
SAMPLE tag=grid64_d8_s202 mode=interval-spin rep=26 ms=0.901824
SAMPLE tag=grid64_d8_s202 mode=interval-spin rep=27 ms=0.900224
SAMPLE tag=grid64_d8_s202 mode=interval-spin rep=28 ms=0.901984
SAMPLE tag=grid64_d8_s202 mode=interval-spin rep=29 ms=0.900224
SAMPLE tag=grid64_d8_s202 mode=interval-spin rep=30 ms=0.900928
interval-spin             0.90147      0.90000       PASS
SAMPLE tag=grid64_d8_s202 mode=interval-backoff rep=0 ms=0.902816
SAMPLE tag=grid64_d8_s202 mode=interval-backoff rep=1 ms=0.902400
SAMPLE tag=grid64_d8_s202 mode=interval-backoff rep=2 ms=0.900192
SAMPLE tag=grid64_d8_s202 mode=interval-backoff rep=3 ms=0.901280
SAMPLE tag=grid64_d8_s202 mode=interval-backoff rep=4 ms=0.903072
SAMPLE tag=grid64_d8_s202 mode=interval-backoff rep=5 ms=0.901024
SAMPLE tag=grid64_d8_s202 mode=interval-backoff rep=6 ms=0.902464
SAMPLE tag=grid64_d8_s202 mode=interval-backoff rep=7 ms=0.900416
SAMPLE tag=grid64_d8_s202 mode=interval-backoff rep=8 ms=0.900608
SAMPLE tag=grid64_d8_s202 mode=interval-backoff rep=9 ms=0.902752
SAMPLE tag=grid64_d8_s202 mode=interval-backoff rep=10 ms=0.900064
SAMPLE tag=grid64_d8_s202 mode=interval-backoff rep=11 ms=0.902592
SAMPLE tag=grid64_d8_s202 mode=interval-backoff rep=12 ms=0.901920
SAMPLE tag=grid64_d8_s202 mode=interval-backoff rep=13 ms=0.901888
SAMPLE tag=grid64_d8_s202 mode=interval-backoff rep=14 ms=0.901760
SAMPLE tag=grid64_d8_s202 mode=interval-backoff rep=15 ms=0.901472
SAMPLE tag=grid64_d8_s202 mode=interval-backoff rep=16 ms=0.901312
SAMPLE tag=grid64_d8_s202 mode=interval-backoff rep=17 ms=0.902048
SAMPLE tag=grid64_d8_s202 mode=interval-backoff rep=18 ms=0.900640
SAMPLE tag=grid64_d8_s202 mode=interval-backoff rep=19 ms=0.902720
SAMPLE tag=grid64_d8_s202 mode=interval-backoff rep=20 ms=0.901024
SAMPLE tag=grid64_d8_s202 mode=interval-backoff rep=21 ms=0.901472
SAMPLE tag=grid64_d8_s202 mode=interval-backoff rep=22 ms=0.903264
SAMPLE tag=grid64_d8_s202 mode=interval-backoff rep=23 ms=0.902176
SAMPLE tag=grid64_d8_s202 mode=interval-backoff rep=24 ms=0.899968
SAMPLE tag=grid64_d8_s202 mode=interval-backoff rep=25 ms=0.902528
SAMPLE tag=grid64_d8_s202 mode=interval-backoff rep=26 ms=0.900320
SAMPLE tag=grid64_d8_s202 mode=interval-backoff rep=27 ms=0.901600
SAMPLE tag=grid64_d8_s202 mode=interval-backoff rep=28 ms=0.902112
SAMPLE tag=grid64_d8_s202 mode=interval-backoff rep=29 ms=0.902176
SAMPLE tag=grid64_d8_s202 mode=interval-backoff rep=30 ms=0.900928
interval-backoff          0.90176      0.89997       PASS
SAMPLE tag=grid64_d8_s202 mode=exact-backoff rep=0 ms=0.903584
SAMPLE tag=grid64_d8_s202 mode=exact-backoff rep=1 ms=0.903808
SAMPLE tag=grid64_d8_s202 mode=exact-backoff rep=2 ms=0.903584
SAMPLE tag=grid64_d8_s202 mode=exact-backoff rep=3 ms=0.903488
SAMPLE tag=grid64_d8_s202 mode=exact-backoff rep=4 ms=0.903552
SAMPLE tag=grid64_d8_s202 mode=exact-backoff rep=5 ms=0.903328
SAMPLE tag=grid64_d8_s202 mode=exact-backoff rep=6 ms=0.903584
SAMPLE tag=grid64_d8_s202 mode=exact-backoff rep=7 ms=0.903616
SAMPLE tag=grid64_d8_s202 mode=exact-backoff rep=8 ms=0.903872
SAMPLE tag=grid64_d8_s202 mode=exact-backoff rep=9 ms=0.904256
SAMPLE tag=grid64_d8_s202 mode=exact-backoff rep=10 ms=0.902368
SAMPLE tag=grid64_d8_s202 mode=exact-backoff rep=11 ms=0.903488
SAMPLE tag=grid64_d8_s202 mode=exact-backoff rep=12 ms=0.903584
SAMPLE tag=grid64_d8_s202 mode=exact-backoff rep=13 ms=0.903424
SAMPLE tag=grid64_d8_s202 mode=exact-backoff rep=14 ms=0.902720
SAMPLE tag=grid64_d8_s202 mode=exact-backoff rep=15 ms=0.903360
SAMPLE tag=grid64_d8_s202 mode=exact-backoff rep=16 ms=0.904800
SAMPLE tag=grid64_d8_s202 mode=exact-backoff rep=17 ms=0.903840
SAMPLE tag=grid64_d8_s202 mode=exact-backoff rep=18 ms=0.905440
SAMPLE tag=grid64_d8_s202 mode=exact-backoff rep=19 ms=0.904896
SAMPLE tag=grid64_d8_s202 mode=exact-backoff rep=20 ms=0.903360
SAMPLE tag=grid64_d8_s202 mode=exact-backoff rep=21 ms=0.903040
SAMPLE tag=grid64_d8_s202 mode=exact-backoff rep=22 ms=0.903680
SAMPLE tag=grid64_d8_s202 mode=exact-backoff rep=23 ms=0.904928
SAMPLE tag=grid64_d8_s202 mode=exact-backoff rep=24 ms=0.902336
SAMPLE tag=grid64_d8_s202 mode=exact-backoff rep=25 ms=0.904320
SAMPLE tag=grid64_d8_s202 mode=exact-backoff rep=26 ms=0.902720
SAMPLE tag=grid64_d8_s202 mode=exact-backoff rep=27 ms=0.903776
SAMPLE tag=grid64_d8_s202 mode=exact-backoff rep=28 ms=0.903456
SAMPLE tag=grid64_d8_s202 mode=exact-backoff rep=29 ms=0.903584
SAMPLE tag=grid64_d8_s202 mode=exact-backoff rep=30 ms=0.903520
exact-backoff             0.90358      0.90234       PASS
BRACKET floor=1.40880 ceiling=0.89766 space=36.282% impl=interval-backoff impl_ms=0.90176 captured=35.991% of_space=99.2%
SUMMARY_PILOT semantics=2 tag=grid64_d8_s202 structure=interval degree=8 eff_degree=8.00 tightness=1.0000 producers=64 consumers=64 threads=128 sms=148 producer_occ=16 consumer_occ=10 trigger_floor=ready trigger_impl=entry trigger_ceiling=entry ready=400000 tail=1000000 prologue=200000 epilogue=1000000 skew_bins=8 repeats=31 floor_ms=1.408800 ceiling_ms=0.897664 interval_spin_ms=0.901472 interval_backoff_ms=0.901760 exact_backoff_ms=0.903584 impl=interval-backoff impl_ms=0.901760 space_pct=36.2817 captured_pct=35.9909 of_space_pct=99.199 valid=1
Device: NVIDIA B200 | SMs=148 | SM clock~1.97 GHz | CC 10.0
Pilot semantics=2 tag=interval_d1_s303 structure=interval degree=1 effective_degree=1.00 tightness=1.0000 grid=148 ready=400000 tail=1000000 prologue=200000 epilogue=1000000 skew_bins=8 repeats=31 producer_occ=16 consumer_occ=10
mode                    median_ms       min_ms      valid
SAMPLE tag=interval_d1_s303 mode=none rep=0 ms=0.898912
SAMPLE tag=interval_d1_s303 mode=none rep=1 ms=0.899424
SAMPLE tag=interval_d1_s303 mode=none rep=2 ms=0.899520
SAMPLE tag=interval_d1_s303 mode=none rep=3 ms=0.898176
SAMPLE tag=interval_d1_s303 mode=none rep=4 ms=0.898784
SAMPLE tag=interval_d1_s303 mode=none rep=5 ms=0.898464
SAMPLE tag=interval_d1_s303 mode=none rep=6 ms=0.898016
SAMPLE tag=interval_d1_s303 mode=none rep=7 ms=0.897920
SAMPLE tag=interval_d1_s303 mode=none rep=8 ms=0.897440
SAMPLE tag=interval_d1_s303 mode=none rep=9 ms=0.898240
SAMPLE tag=interval_d1_s303 mode=none rep=10 ms=0.898784
SAMPLE tag=interval_d1_s303 mode=none rep=11 ms=0.903872
SAMPLE tag=interval_d1_s303 mode=none rep=12 ms=0.897216
SAMPLE tag=interval_d1_s303 mode=none rep=13 ms=0.897728
SAMPLE tag=interval_d1_s303 mode=none rep=14 ms=0.898048
SAMPLE tag=interval_d1_s303 mode=none rep=15 ms=0.897408
SAMPLE tag=interval_d1_s303 mode=none rep=16 ms=0.899584
SAMPLE tag=interval_d1_s303 mode=none rep=17 ms=0.899008
SAMPLE tag=interval_d1_s303 mode=none rep=18 ms=0.898400
SAMPLE tag=interval_d1_s303 mode=none rep=19 ms=0.898496
SAMPLE tag=interval_d1_s303 mode=none rep=20 ms=0.898784
SAMPLE tag=interval_d1_s303 mode=none rep=21 ms=0.898656
SAMPLE tag=interval_d1_s303 mode=none rep=22 ms=0.897600
SAMPLE tag=interval_d1_s303 mode=none rep=23 ms=0.898656
SAMPLE tag=interval_d1_s303 mode=none rep=24 ms=0.899872
SAMPLE tag=interval_d1_s303 mode=none rep=25 ms=0.898400
SAMPLE tag=interval_d1_s303 mode=none rep=26 ms=0.898944
SAMPLE tag=interval_d1_s303 mode=none rep=27 ms=0.897312
SAMPLE tag=interval_d1_s303 mode=none rep=28 ms=0.899264
SAMPLE tag=interval_d1_s303 mode=none rep=29 ms=0.899104
SAMPLE tag=interval_d1_s303 mode=none rep=30 ms=0.897568
none                      0.89850      0.89722        n/a
SAMPLE tag=interval_d1_s303 mode=grid rep=0 ms=1.408352
SAMPLE tag=interval_d1_s303 mode=grid rep=1 ms=1.408352
SAMPLE tag=interval_d1_s303 mode=grid rep=2 ms=1.408640
SAMPLE tag=interval_d1_s303 mode=grid rep=3 ms=1.409824
SAMPLE tag=interval_d1_s303 mode=grid rep=4 ms=1.408256
SAMPLE tag=interval_d1_s303 mode=grid rep=5 ms=1.407520
SAMPLE tag=interval_d1_s303 mode=grid rep=6 ms=1.409856
SAMPLE tag=interval_d1_s303 mode=grid rep=7 ms=1.408320
SAMPLE tag=interval_d1_s303 mode=grid rep=8 ms=1.409312
SAMPLE tag=interval_d1_s303 mode=grid rep=9 ms=1.408256
SAMPLE tag=interval_d1_s303 mode=grid rep=10 ms=1.409152
SAMPLE tag=interval_d1_s303 mode=grid rep=11 ms=1.409536
SAMPLE tag=interval_d1_s303 mode=grid rep=12 ms=1.409216
SAMPLE tag=interval_d1_s303 mode=grid rep=13 ms=1.409504
SAMPLE tag=interval_d1_s303 mode=grid rep=14 ms=1.409248
SAMPLE tag=interval_d1_s303 mode=grid rep=15 ms=1.409600
SAMPLE tag=interval_d1_s303 mode=grid rep=16 ms=1.409792
SAMPLE tag=interval_d1_s303 mode=grid rep=17 ms=1.408288
SAMPLE tag=interval_d1_s303 mode=grid rep=18 ms=1.410016
SAMPLE tag=interval_d1_s303 mode=grid rep=19 ms=1.410400
SAMPLE tag=interval_d1_s303 mode=grid rep=20 ms=1.408224
SAMPLE tag=interval_d1_s303 mode=grid rep=21 ms=1.408064
SAMPLE tag=interval_d1_s303 mode=grid rep=22 ms=1.409440
SAMPLE tag=interval_d1_s303 mode=grid rep=23 ms=1.409504
SAMPLE tag=interval_d1_s303 mode=grid rep=24 ms=1.410112
SAMPLE tag=interval_d1_s303 mode=grid rep=25 ms=1.407936
SAMPLE tag=interval_d1_s303 mode=grid rep=26 ms=1.408352
SAMPLE tag=interval_d1_s303 mode=grid rep=27 ms=1.409376
SAMPLE tag=interval_d1_s303 mode=grid rep=28 ms=1.409600
SAMPLE tag=interval_d1_s303 mode=grid rep=29 ms=1.408000
SAMPLE tag=interval_d1_s303 mode=grid rep=30 ms=1.409696
grid                      1.40925      1.40752       PASS
SAMPLE tag=interval_d1_s303 mode=interval-spin rep=0 ms=0.900832
SAMPLE tag=interval_d1_s303 mode=interval-spin rep=1 ms=0.899648
SAMPLE tag=interval_d1_s303 mode=interval-spin rep=2 ms=0.899776
SAMPLE tag=interval_d1_s303 mode=interval-spin rep=3 ms=0.899200
SAMPLE tag=interval_d1_s303 mode=interval-spin rep=4 ms=0.899584
SAMPLE tag=interval_d1_s303 mode=interval-spin rep=5 ms=0.899328
SAMPLE tag=interval_d1_s303 mode=interval-spin rep=6 ms=0.899232
SAMPLE tag=interval_d1_s303 mode=interval-spin rep=7 ms=0.898944
SAMPLE tag=interval_d1_s303 mode=interval-spin rep=8 ms=0.899872
SAMPLE tag=interval_d1_s303 mode=interval-spin rep=9 ms=0.901120
SAMPLE tag=interval_d1_s303 mode=interval-spin rep=10 ms=0.900288
SAMPLE tag=interval_d1_s303 mode=interval-spin rep=11 ms=0.899680
SAMPLE tag=interval_d1_s303 mode=interval-spin rep=12 ms=0.899616
SAMPLE tag=interval_d1_s303 mode=interval-spin rep=13 ms=0.900576
SAMPLE tag=interval_d1_s303 mode=interval-spin rep=14 ms=0.900416
SAMPLE tag=interval_d1_s303 mode=interval-spin rep=15 ms=0.901184
SAMPLE tag=interval_d1_s303 mode=interval-spin rep=16 ms=0.899808
SAMPLE tag=interval_d1_s303 mode=interval-spin rep=17 ms=0.899200
SAMPLE tag=interval_d1_s303 mode=interval-spin rep=18 ms=0.899488
SAMPLE tag=interval_d1_s303 mode=interval-spin rep=19 ms=0.900480
SAMPLE tag=interval_d1_s303 mode=interval-spin rep=20 ms=0.901216
SAMPLE tag=interval_d1_s303 mode=interval-spin rep=21 ms=0.899328
SAMPLE tag=interval_d1_s303 mode=interval-spin rep=22 ms=0.900704
SAMPLE tag=interval_d1_s303 mode=interval-spin rep=23 ms=0.900224
SAMPLE tag=interval_d1_s303 mode=interval-spin rep=24 ms=0.899936
SAMPLE tag=interval_d1_s303 mode=interval-spin rep=25 ms=0.899616
SAMPLE tag=interval_d1_s303 mode=interval-spin rep=26 ms=0.899360
SAMPLE tag=interval_d1_s303 mode=interval-spin rep=27 ms=0.899264
SAMPLE tag=interval_d1_s303 mode=interval-spin rep=28 ms=0.899616
SAMPLE tag=interval_d1_s303 mode=interval-spin rep=29 ms=0.900768
SAMPLE tag=interval_d1_s303 mode=interval-spin rep=30 ms=0.900000
interval-spin             0.89978      0.89894       PASS
SAMPLE tag=interval_d1_s303 mode=interval-backoff rep=0 ms=0.901984
SAMPLE tag=interval_d1_s303 mode=interval-backoff rep=1 ms=0.899936
SAMPLE tag=interval_d1_s303 mode=interval-backoff rep=2 ms=0.902080
SAMPLE tag=interval_d1_s303 mode=interval-backoff rep=3 ms=0.900256
SAMPLE tag=interval_d1_s303 mode=interval-backoff rep=4 ms=0.898720
SAMPLE tag=interval_d1_s303 mode=interval-backoff rep=5 ms=0.899488
SAMPLE tag=interval_d1_s303 mode=interval-backoff rep=6 ms=0.901952
SAMPLE tag=interval_d1_s303 mode=interval-backoff rep=7 ms=0.901184
SAMPLE tag=interval_d1_s303 mode=interval-backoff rep=8 ms=0.900608
SAMPLE tag=interval_d1_s303 mode=interval-backoff rep=9 ms=0.900768
SAMPLE tag=interval_d1_s303 mode=interval-backoff rep=10 ms=0.899968
SAMPLE tag=interval_d1_s303 mode=interval-backoff rep=11 ms=0.900288
SAMPLE tag=interval_d1_s303 mode=interval-backoff rep=12 ms=0.902080
SAMPLE tag=interval_d1_s303 mode=interval-backoff rep=13 ms=0.900672
SAMPLE tag=interval_d1_s303 mode=interval-backoff rep=14 ms=0.902336
SAMPLE tag=interval_d1_s303 mode=interval-backoff rep=15 ms=0.900384
SAMPLE tag=interval_d1_s303 mode=interval-backoff rep=16 ms=0.899584
SAMPLE tag=interval_d1_s303 mode=interval-backoff rep=17 ms=0.899712
SAMPLE tag=interval_d1_s303 mode=interval-backoff rep=18 ms=0.899808
SAMPLE tag=interval_d1_s303 mode=interval-backoff rep=19 ms=0.908608
SAMPLE tag=interval_d1_s303 mode=interval-backoff rep=20 ms=0.900832
SAMPLE tag=interval_d1_s303 mode=interval-backoff rep=21 ms=0.902112
SAMPLE tag=interval_d1_s303 mode=interval-backoff rep=22 ms=0.901280
SAMPLE tag=interval_d1_s303 mode=interval-backoff rep=23 ms=0.899872
SAMPLE tag=interval_d1_s303 mode=interval-backoff rep=24 ms=0.901216
SAMPLE tag=interval_d1_s303 mode=interval-backoff rep=25 ms=0.901920
SAMPLE tag=interval_d1_s303 mode=interval-backoff rep=26 ms=0.901216
SAMPLE tag=interval_d1_s303 mode=interval-backoff rep=27 ms=0.900096
SAMPLE tag=interval_d1_s303 mode=interval-backoff rep=28 ms=0.901216
SAMPLE tag=interval_d1_s303 mode=interval-backoff rep=29 ms=0.901536
SAMPLE tag=interval_d1_s303 mode=interval-backoff rep=30 ms=0.899552
interval-backoff          0.90077      0.89872       PASS
SAMPLE tag=interval_d1_s303 mode=exact-backoff rep=0 ms=0.899488
SAMPLE tag=interval_d1_s303 mode=exact-backoff rep=1 ms=0.902048
SAMPLE tag=interval_d1_s303 mode=exact-backoff rep=2 ms=0.901312
SAMPLE tag=interval_d1_s303 mode=exact-backoff rep=3 ms=0.901248
SAMPLE tag=interval_d1_s303 mode=exact-backoff rep=4 ms=0.900992
SAMPLE tag=interval_d1_s303 mode=exact-backoff rep=5 ms=0.900992
SAMPLE tag=interval_d1_s303 mode=exact-backoff rep=6 ms=0.901472
SAMPLE tag=interval_d1_s303 mode=exact-backoff rep=7 ms=0.899200
SAMPLE tag=interval_d1_s303 mode=exact-backoff rep=8 ms=0.902496
SAMPLE tag=interval_d1_s303 mode=exact-backoff rep=9 ms=0.901600
SAMPLE tag=interval_d1_s303 mode=exact-backoff rep=10 ms=0.900096
SAMPLE tag=interval_d1_s303 mode=exact-backoff rep=11 ms=0.899392
SAMPLE tag=interval_d1_s303 mode=exact-backoff rep=12 ms=0.899520
SAMPLE tag=interval_d1_s303 mode=exact-backoff rep=13 ms=0.902336
SAMPLE tag=interval_d1_s303 mode=exact-backoff rep=14 ms=0.899712
SAMPLE tag=interval_d1_s303 mode=exact-backoff rep=15 ms=0.901728
SAMPLE tag=interval_d1_s303 mode=exact-backoff rep=16 ms=0.899680
SAMPLE tag=interval_d1_s303 mode=exact-backoff rep=17 ms=0.901920
SAMPLE tag=interval_d1_s303 mode=exact-backoff rep=18 ms=0.901440
SAMPLE tag=interval_d1_s303 mode=exact-backoff rep=19 ms=0.900160
SAMPLE tag=interval_d1_s303 mode=exact-backoff rep=20 ms=0.899168
SAMPLE tag=interval_d1_s303 mode=exact-backoff rep=21 ms=0.901184
SAMPLE tag=interval_d1_s303 mode=exact-backoff rep=22 ms=0.899776
SAMPLE tag=interval_d1_s303 mode=exact-backoff rep=23 ms=0.901888
SAMPLE tag=interval_d1_s303 mode=exact-backoff rep=24 ms=0.901312
SAMPLE tag=interval_d1_s303 mode=exact-backoff rep=25 ms=0.901696
SAMPLE tag=interval_d1_s303 mode=exact-backoff rep=26 ms=0.902048
SAMPLE tag=interval_d1_s303 mode=exact-backoff rep=27 ms=0.900032
SAMPLE tag=interval_d1_s303 mode=exact-backoff rep=28 ms=0.899296
SAMPLE tag=interval_d1_s303 mode=exact-backoff rep=29 ms=0.901280
SAMPLE tag=interval_d1_s303 mode=exact-backoff rep=30 ms=0.899456
exact-backoff             0.90118      0.89917       PASS
BRACKET floor=1.40925 ceiling=0.89850 space=36.243% impl=interval-backoff impl_ms=0.90077 captured=36.082% of_space=99.6%
SUMMARY_PILOT semantics=2 tag=interval_d1_s303 structure=interval degree=1 eff_degree=1.00 tightness=1.0000 producers=148 consumers=148 threads=128 sms=148 producer_occ=16 consumer_occ=10 trigger_floor=ready trigger_impl=entry trigger_ceiling=entry ready=400000 tail=1000000 prologue=200000 epilogue=1000000 skew_bins=8 repeats=31 floor_ms=1.409248 ceiling_ms=0.898496 interval_spin_ms=0.899776 interval_backoff_ms=0.900768 exact_backoff_ms=0.901184 impl=interval-backoff impl_ms=0.900768 space_pct=36.2429 captured_pct=36.0817 of_space_pct=99.555 valid=1
Device: NVIDIA B200 | SMs=148 | SM clock~1.97 GHz | CC 10.0
Pilot semantics=2 tag=interval_d8_s303 structure=interval degree=8 effective_degree=8.00 tightness=1.0000 grid=148 ready=400000 tail=1000000 prologue=200000 epilogue=1000000 skew_bins=8 repeats=31 producer_occ=16 consumer_occ=10
mode                    median_ms       min_ms      valid
SAMPLE tag=interval_d8_s303 mode=none rep=0 ms=0.897664
SAMPLE tag=interval_d8_s303 mode=none rep=1 ms=0.897920
SAMPLE tag=interval_d8_s303 mode=none rep=2 ms=0.898112
SAMPLE tag=interval_d8_s303 mode=none rep=3 ms=0.898304
SAMPLE tag=interval_d8_s303 mode=none rep=4 ms=0.898400
SAMPLE tag=interval_d8_s303 mode=none rep=5 ms=0.897696
SAMPLE tag=interval_d8_s303 mode=none rep=6 ms=0.897760
SAMPLE tag=interval_d8_s303 mode=none rep=7 ms=0.897216
SAMPLE tag=interval_d8_s303 mode=none rep=8 ms=0.897184
SAMPLE tag=interval_d8_s303 mode=none rep=9 ms=0.897696
SAMPLE tag=interval_d8_s303 mode=none rep=10 ms=0.898304
SAMPLE tag=interval_d8_s303 mode=none rep=11 ms=0.899360
SAMPLE tag=interval_d8_s303 mode=none rep=12 ms=0.899296
SAMPLE tag=interval_d8_s303 mode=none rep=13 ms=0.897472
SAMPLE tag=interval_d8_s303 mode=none rep=14 ms=0.899232
SAMPLE tag=interval_d8_s303 mode=none rep=15 ms=0.898944
SAMPLE tag=interval_d8_s303 mode=none rep=16 ms=0.899296
SAMPLE tag=interval_d8_s303 mode=none rep=17 ms=0.898304
SAMPLE tag=interval_d8_s303 mode=none rep=18 ms=0.898400
SAMPLE tag=interval_d8_s303 mode=none rep=19 ms=0.897664
SAMPLE tag=interval_d8_s303 mode=none rep=20 ms=0.898304
SAMPLE tag=interval_d8_s303 mode=none rep=21 ms=0.898592
SAMPLE tag=interval_d8_s303 mode=none rep=22 ms=0.899232
SAMPLE tag=interval_d8_s303 mode=none rep=23 ms=0.899424
SAMPLE tag=interval_d8_s303 mode=none rep=24 ms=0.899424
SAMPLE tag=interval_d8_s303 mode=none rep=25 ms=0.899456
SAMPLE tag=interval_d8_s303 mode=none rep=26 ms=0.899392
SAMPLE tag=interval_d8_s303 mode=none rep=27 ms=0.898464
SAMPLE tag=interval_d8_s303 mode=none rep=28 ms=0.898720
SAMPLE tag=interval_d8_s303 mode=none rep=29 ms=0.897600
SAMPLE tag=interval_d8_s303 mode=none rep=30 ms=0.899392
none                      0.89840      0.89718        n/a
SAMPLE tag=interval_d8_s303 mode=grid rep=0 ms=1.408192
SAMPLE tag=interval_d8_s303 mode=grid rep=1 ms=1.408576
SAMPLE tag=interval_d8_s303 mode=grid rep=2 ms=1.408352
SAMPLE tag=interval_d8_s303 mode=grid rep=3 ms=1.409312
SAMPLE tag=interval_d8_s303 mode=grid rep=4 ms=1.409280
SAMPLE tag=interval_d8_s303 mode=grid rep=5 ms=1.407744
SAMPLE tag=interval_d8_s303 mode=grid rep=6 ms=1.409216
SAMPLE tag=interval_d8_s303 mode=grid rep=7 ms=1.409632
SAMPLE tag=interval_d8_s303 mode=grid rep=8 ms=1.409568
SAMPLE tag=interval_d8_s303 mode=grid rep=9 ms=1.409568
SAMPLE tag=interval_d8_s303 mode=grid rep=10 ms=1.409504
SAMPLE tag=interval_d8_s303 mode=grid rep=11 ms=1.408960
SAMPLE tag=interval_d8_s303 mode=grid rep=12 ms=1.407936
SAMPLE tag=interval_d8_s303 mode=grid rep=13 ms=1.409248
SAMPLE tag=interval_d8_s303 mode=grid rep=14 ms=1.409440
SAMPLE tag=interval_d8_s303 mode=grid rep=15 ms=1.409952
SAMPLE tag=interval_d8_s303 mode=grid rep=16 ms=1.408544
SAMPLE tag=interval_d8_s303 mode=grid rep=17 ms=1.408160
SAMPLE tag=interval_d8_s303 mode=grid rep=18 ms=1.409312
SAMPLE tag=interval_d8_s303 mode=grid rep=19 ms=1.408544
SAMPLE tag=interval_d8_s303 mode=grid rep=20 ms=1.409696
SAMPLE tag=interval_d8_s303 mode=grid rep=21 ms=1.408800
SAMPLE tag=interval_d8_s303 mode=grid rep=22 ms=1.409536
SAMPLE tag=interval_d8_s303 mode=grid rep=23 ms=1.408160
SAMPLE tag=interval_d8_s303 mode=grid rep=24 ms=1.409600
SAMPLE tag=interval_d8_s303 mode=grid rep=25 ms=1.407904
SAMPLE tag=interval_d8_s303 mode=grid rep=26 ms=1.409440
SAMPLE tag=interval_d8_s303 mode=grid rep=27 ms=1.408928
SAMPLE tag=interval_d8_s303 mode=grid rep=28 ms=1.409280
SAMPLE tag=interval_d8_s303 mode=grid rep=29 ms=1.409408
SAMPLE tag=interval_d8_s303 mode=grid rep=30 ms=1.408448
grid                      1.40925      1.40774       PASS
SAMPLE tag=interval_d8_s303 mode=interval-spin rep=0 ms=0.901600
SAMPLE tag=interval_d8_s303 mode=interval-spin rep=1 ms=0.902240
SAMPLE tag=interval_d8_s303 mode=interval-spin rep=2 ms=0.901760
SAMPLE tag=interval_d8_s303 mode=interval-spin rep=3 ms=0.901600
SAMPLE tag=interval_d8_s303 mode=interval-spin rep=4 ms=0.902080
SAMPLE tag=interval_d8_s303 mode=interval-spin rep=5 ms=0.901728
SAMPLE tag=interval_d8_s303 mode=interval-spin rep=6 ms=0.900576
SAMPLE tag=interval_d8_s303 mode=interval-spin rep=7 ms=0.901760
SAMPLE tag=interval_d8_s303 mode=interval-spin rep=8 ms=0.902656
SAMPLE tag=interval_d8_s303 mode=interval-spin rep=9 ms=0.901632
SAMPLE tag=interval_d8_s303 mode=interval-spin rep=10 ms=0.901024
SAMPLE tag=interval_d8_s303 mode=interval-spin rep=11 ms=0.906528
SAMPLE tag=interval_d8_s303 mode=interval-spin rep=12 ms=0.900608
SAMPLE tag=interval_d8_s303 mode=interval-spin rep=13 ms=0.902240
SAMPLE tag=interval_d8_s303 mode=interval-spin rep=14 ms=0.901792
SAMPLE tag=interval_d8_s303 mode=interval-spin rep=15 ms=0.901472
SAMPLE tag=interval_d8_s303 mode=interval-spin rep=16 ms=0.901952
SAMPLE tag=interval_d8_s303 mode=interval-spin rep=17 ms=0.902144
SAMPLE tag=interval_d8_s303 mode=interval-spin rep=18 ms=0.901664
SAMPLE tag=interval_d8_s303 mode=interval-spin rep=19 ms=0.901920
SAMPLE tag=interval_d8_s303 mode=interval-spin rep=20 ms=0.901728
SAMPLE tag=interval_d8_s303 mode=interval-spin rep=21 ms=0.902400
SAMPLE tag=interval_d8_s303 mode=interval-spin rep=22 ms=0.900768
SAMPLE tag=interval_d8_s303 mode=interval-spin rep=23 ms=0.901600
SAMPLE tag=interval_d8_s303 mode=interval-spin rep=24 ms=0.901152
SAMPLE tag=interval_d8_s303 mode=interval-spin rep=25 ms=0.901632
SAMPLE tag=interval_d8_s303 mode=interval-spin rep=26 ms=0.902016
SAMPLE tag=interval_d8_s303 mode=interval-spin rep=27 ms=0.901280
SAMPLE tag=interval_d8_s303 mode=interval-spin rep=28 ms=0.901184
SAMPLE tag=interval_d8_s303 mode=interval-spin rep=29 ms=0.901504
SAMPLE tag=interval_d8_s303 mode=interval-spin rep=30 ms=0.902528
interval-spin             0.90173      0.90058       PASS
SAMPLE tag=interval_d8_s303 mode=interval-backoff rep=0 ms=0.903648
SAMPLE tag=interval_d8_s303 mode=interval-backoff rep=1 ms=0.903872
SAMPLE tag=interval_d8_s303 mode=interval-backoff rep=2 ms=0.902816
SAMPLE tag=interval_d8_s303 mode=interval-backoff rep=3 ms=0.901696
SAMPLE tag=interval_d8_s303 mode=interval-backoff rep=4 ms=0.910592
SAMPLE tag=interval_d8_s303 mode=interval-backoff rep=5 ms=0.903712
SAMPLE tag=interval_d8_s303 mode=interval-backoff rep=6 ms=0.901792
SAMPLE tag=interval_d8_s303 mode=interval-backoff rep=7 ms=0.903744
SAMPLE tag=interval_d8_s303 mode=interval-backoff rep=8 ms=0.901632
SAMPLE tag=interval_d8_s303 mode=interval-backoff rep=9 ms=0.902016
SAMPLE tag=interval_d8_s303 mode=interval-backoff rep=10 ms=0.902816
SAMPLE tag=interval_d8_s303 mode=interval-backoff rep=11 ms=0.902816
SAMPLE tag=interval_d8_s303 mode=interval-backoff rep=12 ms=0.902400
SAMPLE tag=interval_d8_s303 mode=interval-backoff rep=13 ms=0.903840
SAMPLE tag=interval_d8_s303 mode=interval-backoff rep=14 ms=0.907072
SAMPLE tag=interval_d8_s303 mode=interval-backoff rep=15 ms=0.901376
SAMPLE tag=interval_d8_s303 mode=interval-backoff rep=16 ms=0.901600
SAMPLE tag=interval_d8_s303 mode=interval-backoff rep=17 ms=0.901568
SAMPLE tag=interval_d8_s303 mode=interval-backoff rep=18 ms=0.901824
SAMPLE tag=interval_d8_s303 mode=interval-backoff rep=19 ms=0.902272
SAMPLE tag=interval_d8_s303 mode=interval-backoff rep=20 ms=0.902208
SAMPLE tag=interval_d8_s303 mode=interval-backoff rep=21 ms=0.902880
SAMPLE tag=interval_d8_s303 mode=interval-backoff rep=22 ms=0.902400
SAMPLE tag=interval_d8_s303 mode=interval-backoff rep=23 ms=0.902496
SAMPLE tag=interval_d8_s303 mode=interval-backoff rep=24 ms=0.904608
SAMPLE tag=interval_d8_s303 mode=interval-backoff rep=25 ms=0.903616
SAMPLE tag=interval_d8_s303 mode=interval-backoff rep=26 ms=0.902464
SAMPLE tag=interval_d8_s303 mode=interval-backoff rep=27 ms=0.902272
SAMPLE tag=interval_d8_s303 mode=interval-backoff rep=28 ms=0.901344
SAMPLE tag=interval_d8_s303 mode=interval-backoff rep=29 ms=0.903552
SAMPLE tag=interval_d8_s303 mode=interval-backoff rep=30 ms=0.902304
interval-backoff          0.90246      0.90134       PASS
SAMPLE tag=interval_d8_s303 mode=exact-backoff rep=0 ms=0.903552
SAMPLE tag=interval_d8_s303 mode=exact-backoff rep=1 ms=0.905408
SAMPLE tag=interval_d8_s303 mode=exact-backoff rep=2 ms=0.903456
SAMPLE tag=interval_d8_s303 mode=exact-backoff rep=3 ms=0.903904
SAMPLE tag=interval_d8_s303 mode=exact-backoff rep=4 ms=0.905440
SAMPLE tag=interval_d8_s303 mode=exact-backoff rep=5 ms=0.905184
SAMPLE tag=interval_d8_s303 mode=exact-backoff rep=6 ms=0.903872
SAMPLE tag=interval_d8_s303 mode=exact-backoff rep=7 ms=0.903328
SAMPLE tag=interval_d8_s303 mode=exact-backoff rep=8 ms=0.903328
SAMPLE tag=interval_d8_s303 mode=exact-backoff rep=9 ms=0.903872
SAMPLE tag=interval_d8_s303 mode=exact-backoff rep=10 ms=0.905504
SAMPLE tag=interval_d8_s303 mode=exact-backoff rep=11 ms=0.904448
SAMPLE tag=interval_d8_s303 mode=exact-backoff rep=12 ms=0.902816
SAMPLE tag=interval_d8_s303 mode=exact-backoff rep=13 ms=0.905440
SAMPLE tag=interval_d8_s303 mode=exact-backoff rep=14 ms=0.903456
SAMPLE tag=interval_d8_s303 mode=exact-backoff rep=15 ms=0.903072
SAMPLE tag=interval_d8_s303 mode=exact-backoff rep=16 ms=0.903776
SAMPLE tag=interval_d8_s303 mode=exact-backoff rep=17 ms=0.904320
SAMPLE tag=interval_d8_s303 mode=exact-backoff rep=18 ms=0.903744
SAMPLE tag=interval_d8_s303 mode=exact-backoff rep=19 ms=0.903264
SAMPLE tag=interval_d8_s303 mode=exact-backoff rep=20 ms=0.904832
SAMPLE tag=interval_d8_s303 mode=exact-backoff rep=21 ms=0.903296
SAMPLE tag=interval_d8_s303 mode=exact-backoff rep=22 ms=0.904128
SAMPLE tag=interval_d8_s303 mode=exact-backoff rep=23 ms=0.904608
SAMPLE tag=interval_d8_s303 mode=exact-backoff rep=24 ms=0.904448
SAMPLE tag=interval_d8_s303 mode=exact-backoff rep=25 ms=0.903040
SAMPLE tag=interval_d8_s303 mode=exact-backoff rep=26 ms=0.903328
SAMPLE tag=interval_d8_s303 mode=exact-backoff rep=27 ms=0.902720
SAMPLE tag=interval_d8_s303 mode=exact-backoff rep=28 ms=0.903712
SAMPLE tag=interval_d8_s303 mode=exact-backoff rep=29 ms=0.903328
SAMPLE tag=interval_d8_s303 mode=exact-backoff rep=30 ms=0.903616
exact-backoff             0.90374      0.90272       PASS
BRACKET floor=1.40925 ceiling=0.89840 space=36.250% impl=interval-backoff impl_ms=0.90246 captured=35.961% of_space=99.2%
SUMMARY_PILOT semantics=2 tag=interval_d8_s303 structure=interval degree=8 eff_degree=8.00 tightness=1.0000 producers=148 consumers=148 threads=128 sms=148 producer_occ=16 consumer_occ=10 trigger_floor=ready trigger_impl=entry trigger_ceiling=entry ready=400000 tail=1000000 prologue=200000 epilogue=1000000 skew_bins=8 repeats=31 floor_ms=1.409248 ceiling_ms=0.898400 interval_spin_ms=0.901728 interval_backoff_ms=0.902464 exact_backoff_ms=0.903744 impl=interval-backoff impl_ms=0.902464 space_pct=36.2497 captured_pct=35.9613 of_space_pct=99.204 valid=1
Device: NVIDIA B200 | SMs=148 | SM clock~1.97 GHz | CC 10.0
Pilot semantics=2 tag=interval_d32_s303 structure=interval degree=32 effective_degree=32.00 tightness=1.0000 grid=148 ready=400000 tail=1000000 prologue=200000 epilogue=1000000 skew_bins=8 repeats=31 producer_occ=16 consumer_occ=10
mode                    median_ms       min_ms      valid
SAMPLE tag=interval_d32_s303 mode=none rep=0 ms=0.898880
SAMPLE tag=interval_d32_s303 mode=none rep=1 ms=0.899232
SAMPLE tag=interval_d32_s303 mode=none rep=2 ms=0.899392
SAMPLE tag=interval_d32_s303 mode=none rep=3 ms=0.898368
SAMPLE tag=interval_d32_s303 mode=none rep=4 ms=0.898560
SAMPLE tag=interval_d32_s303 mode=none rep=5 ms=0.897696
SAMPLE tag=interval_d32_s303 mode=none rep=6 ms=0.899040
SAMPLE tag=interval_d32_s303 mode=none rep=7 ms=0.897536
SAMPLE tag=interval_d32_s303 mode=none rep=8 ms=0.897376
SAMPLE tag=interval_d32_s303 mode=none rep=9 ms=0.899424
SAMPLE tag=interval_d32_s303 mode=none rep=10 ms=0.897824
SAMPLE tag=interval_d32_s303 mode=none rep=11 ms=0.897728
SAMPLE tag=interval_d32_s303 mode=none rep=12 ms=0.899008
SAMPLE tag=interval_d32_s303 mode=none rep=13 ms=0.897600
SAMPLE tag=interval_d32_s303 mode=none rep=14 ms=0.897504
SAMPLE tag=interval_d32_s303 mode=none rep=15 ms=0.898368
SAMPLE tag=interval_d32_s303 mode=none rep=16 ms=0.899328
SAMPLE tag=interval_d32_s303 mode=none rep=17 ms=0.898208
SAMPLE tag=interval_d32_s303 mode=none rep=18 ms=0.898688
SAMPLE tag=interval_d32_s303 mode=none rep=19 ms=0.898304
SAMPLE tag=interval_d32_s303 mode=none rep=20 ms=0.898816
SAMPLE tag=interval_d32_s303 mode=none rep=21 ms=0.899296
SAMPLE tag=interval_d32_s303 mode=none rep=22 ms=0.898688
SAMPLE tag=interval_d32_s303 mode=none rep=23 ms=0.897760
SAMPLE tag=interval_d32_s303 mode=none rep=24 ms=0.899104
SAMPLE tag=interval_d32_s303 mode=none rep=25 ms=0.897504
SAMPLE tag=interval_d32_s303 mode=none rep=26 ms=0.899232
SAMPLE tag=interval_d32_s303 mode=none rep=27 ms=0.898016
SAMPLE tag=interval_d32_s303 mode=none rep=28 ms=0.897280
SAMPLE tag=interval_d32_s303 mode=none rep=29 ms=0.898016
SAMPLE tag=interval_d32_s303 mode=none rep=30 ms=0.897760
none                      0.89837      0.89728        n/a
SAMPLE tag=interval_d32_s303 mode=grid rep=0 ms=1.408992
SAMPLE tag=interval_d32_s303 mode=grid rep=1 ms=1.408928
SAMPLE tag=interval_d32_s303 mode=grid rep=2 ms=1.408288
SAMPLE tag=interval_d32_s303 mode=grid rep=3 ms=1.408288
SAMPLE tag=interval_d32_s303 mode=grid rep=4 ms=1.407968
SAMPLE tag=interval_d32_s303 mode=grid rep=5 ms=1.409568
SAMPLE tag=interval_d32_s303 mode=grid rep=6 ms=1.409728
SAMPLE tag=interval_d32_s303 mode=grid rep=7 ms=1.409600
SAMPLE tag=interval_d32_s303 mode=grid rep=8 ms=1.409824
SAMPLE tag=interval_d32_s303 mode=grid rep=9 ms=1.408960
SAMPLE tag=interval_d32_s303 mode=grid rep=10 ms=1.409664
SAMPLE tag=interval_d32_s303 mode=grid rep=11 ms=1.409568
SAMPLE tag=interval_d32_s303 mode=grid rep=12 ms=1.408896
SAMPLE tag=interval_d32_s303 mode=grid rep=13 ms=1.408864
SAMPLE tag=interval_d32_s303 mode=grid rep=14 ms=1.409440
SAMPLE tag=interval_d32_s303 mode=grid rep=15 ms=1.409920
SAMPLE tag=interval_d32_s303 mode=grid rep=16 ms=1.409568
SAMPLE tag=interval_d32_s303 mode=grid rep=17 ms=1.407808
SAMPLE tag=interval_d32_s303 mode=grid rep=18 ms=1.409824
SAMPLE tag=interval_d32_s303 mode=grid rep=19 ms=1.408256
SAMPLE tag=interval_d32_s303 mode=grid rep=20 ms=1.409632
SAMPLE tag=interval_d32_s303 mode=grid rep=21 ms=1.409216
SAMPLE tag=interval_d32_s303 mode=grid rep=22 ms=1.409408
SAMPLE tag=interval_d32_s303 mode=grid rep=23 ms=1.408576
SAMPLE tag=interval_d32_s303 mode=grid rep=24 ms=1.409632
SAMPLE tag=interval_d32_s303 mode=grid rep=25 ms=1.409280
SAMPLE tag=interval_d32_s303 mode=grid rep=26 ms=1.408064
SAMPLE tag=interval_d32_s303 mode=grid rep=27 ms=1.408480
SAMPLE tag=interval_d32_s303 mode=grid rep=28 ms=1.407776
SAMPLE tag=interval_d32_s303 mode=grid rep=29 ms=1.408960
SAMPLE tag=interval_d32_s303 mode=grid rep=30 ms=1.409312
grid                      1.40922      1.40778       PASS
SAMPLE tag=interval_d32_s303 mode=interval-spin rep=0 ms=0.907392
SAMPLE tag=interval_d32_s303 mode=interval-spin rep=1 ms=0.908000
SAMPLE tag=interval_d32_s303 mode=interval-spin rep=2 ms=0.907648
SAMPLE tag=interval_d32_s303 mode=interval-spin rep=3 ms=0.907712
SAMPLE tag=interval_d32_s303 mode=interval-spin rep=4 ms=0.907776
SAMPLE tag=interval_d32_s303 mode=interval-spin rep=5 ms=0.908320
SAMPLE tag=interval_d32_s303 mode=interval-spin rep=6 ms=0.907232
SAMPLE tag=interval_d32_s303 mode=interval-spin rep=7 ms=0.907104
SAMPLE tag=interval_d32_s303 mode=interval-spin rep=8 ms=0.907296
SAMPLE tag=interval_d32_s303 mode=interval-spin rep=9 ms=0.908640
SAMPLE tag=interval_d32_s303 mode=interval-spin rep=10 ms=0.908288
SAMPLE tag=interval_d32_s303 mode=interval-spin rep=11 ms=0.907136
SAMPLE tag=interval_d32_s303 mode=interval-spin rep=12 ms=0.907776
SAMPLE tag=interval_d32_s303 mode=interval-spin rep=13 ms=0.907680
SAMPLE tag=interval_d32_s303 mode=interval-spin rep=14 ms=0.906784
SAMPLE tag=interval_d32_s303 mode=interval-spin rep=15 ms=0.909088
SAMPLE tag=interval_d32_s303 mode=interval-spin rep=16 ms=0.907872
SAMPLE tag=interval_d32_s303 mode=interval-spin rep=17 ms=0.908096
SAMPLE tag=interval_d32_s303 mode=interval-spin rep=18 ms=0.907520
SAMPLE tag=interval_d32_s303 mode=interval-spin rep=19 ms=0.907584
SAMPLE tag=interval_d32_s303 mode=interval-spin rep=20 ms=0.907904
SAMPLE tag=interval_d32_s303 mode=interval-spin rep=21 ms=0.907840
SAMPLE tag=interval_d32_s303 mode=interval-spin rep=22 ms=0.907296
SAMPLE tag=interval_d32_s303 mode=interval-spin rep=23 ms=0.906976
SAMPLE tag=interval_d32_s303 mode=interval-spin rep=24 ms=0.907968
SAMPLE tag=interval_d32_s303 mode=interval-spin rep=25 ms=0.907584
SAMPLE tag=interval_d32_s303 mode=interval-spin rep=26 ms=0.908064
SAMPLE tag=interval_d32_s303 mode=interval-spin rep=27 ms=0.907264
SAMPLE tag=interval_d32_s303 mode=interval-spin rep=28 ms=0.908800
SAMPLE tag=interval_d32_s303 mode=interval-spin rep=29 ms=0.908384
SAMPLE tag=interval_d32_s303 mode=interval-spin rep=30 ms=0.908288
interval-spin             0.90778      0.90678       PASS
SAMPLE tag=interval_d32_s303 mode=interval-backoff rep=0 ms=0.907520
SAMPLE tag=interval_d32_s303 mode=interval-backoff rep=1 ms=0.909600
SAMPLE tag=interval_d32_s303 mode=interval-backoff rep=2 ms=0.908928
SAMPLE tag=interval_d32_s303 mode=interval-backoff rep=3 ms=0.909056
SAMPLE tag=interval_d32_s303 mode=interval-backoff rep=4 ms=0.909440
SAMPLE tag=interval_d32_s303 mode=interval-backoff rep=5 ms=0.907424
SAMPLE tag=interval_d32_s303 mode=interval-backoff rep=6 ms=0.909568
SAMPLE tag=interval_d32_s303 mode=interval-backoff rep=7 ms=0.907616
SAMPLE tag=interval_d32_s303 mode=interval-backoff rep=8 ms=0.908192
SAMPLE tag=interval_d32_s303 mode=interval-backoff rep=9 ms=0.909248
SAMPLE tag=interval_d32_s303 mode=interval-backoff rep=10 ms=0.907616
SAMPLE tag=interval_d32_s303 mode=interval-backoff rep=11 ms=0.909600
SAMPLE tag=interval_d32_s303 mode=interval-backoff rep=12 ms=0.908320
SAMPLE tag=interval_d32_s303 mode=interval-backoff rep=13 ms=0.909152
SAMPLE tag=interval_d32_s303 mode=interval-backoff rep=14 ms=0.907616
SAMPLE tag=interval_d32_s303 mode=interval-backoff rep=15 ms=0.908224
SAMPLE tag=interval_d32_s303 mode=interval-backoff rep=16 ms=0.909312
SAMPLE tag=interval_d32_s303 mode=interval-backoff rep=17 ms=0.908416
SAMPLE tag=interval_d32_s303 mode=interval-backoff rep=18 ms=0.908736
SAMPLE tag=interval_d32_s303 mode=interval-backoff rep=19 ms=0.907744
SAMPLE tag=interval_d32_s303 mode=interval-backoff rep=20 ms=0.908640
SAMPLE tag=interval_d32_s303 mode=interval-backoff rep=21 ms=0.909184
SAMPLE tag=interval_d32_s303 mode=interval-backoff rep=22 ms=0.909280
SAMPLE tag=interval_d32_s303 mode=interval-backoff rep=23 ms=0.909984
SAMPLE tag=interval_d32_s303 mode=interval-backoff rep=24 ms=0.908768
SAMPLE tag=interval_d32_s303 mode=interval-backoff rep=25 ms=0.906752
SAMPLE tag=interval_d32_s303 mode=interval-backoff rep=26 ms=0.909152
SAMPLE tag=interval_d32_s303 mode=interval-backoff rep=27 ms=0.907744
SAMPLE tag=interval_d32_s303 mode=interval-backoff rep=28 ms=0.908992
SAMPLE tag=interval_d32_s303 mode=interval-backoff rep=29 ms=0.907328
SAMPLE tag=interval_d32_s303 mode=interval-backoff rep=30 ms=0.915392
interval-backoff          0.90877      0.90675       PASS
SAMPLE tag=interval_d32_s303 mode=exact-backoff rep=0 ms=0.913920
SAMPLE tag=interval_d32_s303 mode=exact-backoff rep=1 ms=0.913760
SAMPLE tag=interval_d32_s303 mode=exact-backoff rep=2 ms=0.915264
SAMPLE tag=interval_d32_s303 mode=exact-backoff rep=3 ms=0.915424
SAMPLE tag=interval_d32_s303 mode=exact-backoff rep=4 ms=0.913344
SAMPLE tag=interval_d32_s303 mode=exact-backoff rep=5 ms=0.915552
SAMPLE tag=interval_d32_s303 mode=exact-backoff rep=6 ms=0.913792
SAMPLE tag=interval_d32_s303 mode=exact-backoff rep=7 ms=0.913664
SAMPLE tag=interval_d32_s303 mode=exact-backoff rep=8 ms=0.915264
SAMPLE tag=interval_d32_s303 mode=exact-backoff rep=9 ms=0.914624
SAMPLE tag=interval_d32_s303 mode=exact-backoff rep=10 ms=0.913824
SAMPLE tag=interval_d32_s303 mode=exact-backoff rep=11 ms=0.913504
SAMPLE tag=interval_d32_s303 mode=exact-backoff rep=12 ms=0.913760
SAMPLE tag=interval_d32_s303 mode=exact-backoff rep=13 ms=0.913408
SAMPLE tag=interval_d32_s303 mode=exact-backoff rep=14 ms=0.915200
SAMPLE tag=interval_d32_s303 mode=exact-backoff rep=15 ms=0.914336
SAMPLE tag=interval_d32_s303 mode=exact-backoff rep=16 ms=0.915264
SAMPLE tag=interval_d32_s303 mode=exact-backoff rep=17 ms=0.914496
SAMPLE tag=interval_d32_s303 mode=exact-backoff rep=18 ms=0.915360
SAMPLE tag=interval_d32_s303 mode=exact-backoff rep=19 ms=0.914688
SAMPLE tag=interval_d32_s303 mode=exact-backoff rep=20 ms=0.914976
SAMPLE tag=interval_d32_s303 mode=exact-backoff rep=21 ms=0.914816
SAMPLE tag=interval_d32_s303 mode=exact-backoff rep=22 ms=0.913632
SAMPLE tag=interval_d32_s303 mode=exact-backoff rep=23 ms=0.915584
SAMPLE tag=interval_d32_s303 mode=exact-backoff rep=24 ms=0.914656
SAMPLE tag=interval_d32_s303 mode=exact-backoff rep=25 ms=0.918720
SAMPLE tag=interval_d32_s303 mode=exact-backoff rep=26 ms=0.914400
SAMPLE tag=interval_d32_s303 mode=exact-backoff rep=27 ms=0.913120
SAMPLE tag=interval_d32_s303 mode=exact-backoff rep=28 ms=0.913216
SAMPLE tag=interval_d32_s303 mode=exact-backoff rep=29 ms=0.913536
SAMPLE tag=interval_d32_s303 mode=exact-backoff rep=30 ms=0.915744
exact-backoff             0.91450      0.91312       PASS
BRACKET floor=1.40922 ceiling=0.89837 space=36.251% impl=interval-backoff impl_ms=0.90877 captured=35.513% of_space=98.0%
SUMMARY_PILOT semantics=2 tag=interval_d32_s303 structure=interval degree=32 eff_degree=32.00 tightness=1.0000 producers=148 consumers=148 threads=128 sms=148 producer_occ=16 consumer_occ=10 trigger_floor=ready trigger_impl=entry trigger_ceiling=entry ready=400000 tail=1000000 prologue=200000 epilogue=1000000 skew_bins=8 repeats=31 floor_ms=1.409216 ceiling_ms=0.898368 interval_spin_ms=0.907776 interval_backoff_ms=0.908768 exact_backoff_ms=0.914496 impl=interval-backoff impl_ms=0.908768 space_pct=36.2505 captured_pct=35.5125 of_space_pct=97.964 valid=1
Device: NVIDIA B200 | SMs=148 | SM clock~1.97 GHz | CC 10.0
Pilot semantics=2 tag=interval_d64_s303 structure=interval degree=64 effective_degree=64.00 tightness=1.0000 grid=148 ready=400000 tail=1000000 prologue=200000 epilogue=1000000 skew_bins=8 repeats=31 producer_occ=16 consumer_occ=10
mode                    median_ms       min_ms      valid
SAMPLE tag=interval_d64_s303 mode=none rep=0 ms=0.898080
SAMPLE tag=interval_d64_s303 mode=none rep=1 ms=0.898336
SAMPLE tag=interval_d64_s303 mode=none rep=2 ms=0.898528
SAMPLE tag=interval_d64_s303 mode=none rep=3 ms=0.898272
SAMPLE tag=interval_d64_s303 mode=none rep=4 ms=0.897792
SAMPLE tag=interval_d64_s303 mode=none rep=5 ms=0.898432
SAMPLE tag=interval_d64_s303 mode=none rep=6 ms=0.897408
SAMPLE tag=interval_d64_s303 mode=none rep=7 ms=0.898944
SAMPLE tag=interval_d64_s303 mode=none rep=8 ms=0.897088
SAMPLE tag=interval_d64_s303 mode=none rep=9 ms=0.897920
SAMPLE tag=interval_d64_s303 mode=none rep=10 ms=0.896896
SAMPLE tag=interval_d64_s303 mode=none rep=11 ms=0.897312
SAMPLE tag=interval_d64_s303 mode=none rep=12 ms=0.897632
SAMPLE tag=interval_d64_s303 mode=none rep=13 ms=0.897984
SAMPLE tag=interval_d64_s303 mode=none rep=14 ms=0.897376
SAMPLE tag=interval_d64_s303 mode=none rep=15 ms=0.897728
SAMPLE tag=interval_d64_s303 mode=none rep=16 ms=0.897600
SAMPLE tag=interval_d64_s303 mode=none rep=17 ms=0.897376
SAMPLE tag=interval_d64_s303 mode=none rep=18 ms=0.897856
SAMPLE tag=interval_d64_s303 mode=none rep=19 ms=0.898464
SAMPLE tag=interval_d64_s303 mode=none rep=20 ms=0.899040
SAMPLE tag=interval_d64_s303 mode=none rep=21 ms=0.898432
SAMPLE tag=interval_d64_s303 mode=none rep=22 ms=0.897696
SAMPLE tag=interval_d64_s303 mode=none rep=23 ms=0.897504
SAMPLE tag=interval_d64_s303 mode=none rep=24 ms=0.897664
SAMPLE tag=interval_d64_s303 mode=none rep=25 ms=0.898240
SAMPLE tag=interval_d64_s303 mode=none rep=26 ms=0.897184
SAMPLE tag=interval_d64_s303 mode=none rep=27 ms=0.898336
SAMPLE tag=interval_d64_s303 mode=none rep=28 ms=0.897312
SAMPLE tag=interval_d64_s303 mode=none rep=29 ms=0.897408
SAMPLE tag=interval_d64_s303 mode=none rep=30 ms=0.898848
none                      0.89779      0.89690        n/a
SAMPLE tag=interval_d64_s303 mode=grid rep=0 ms=1.408512
SAMPLE tag=interval_d64_s303 mode=grid rep=1 ms=1.408864
SAMPLE tag=interval_d64_s303 mode=grid rep=2 ms=1.408992
SAMPLE tag=interval_d64_s303 mode=grid rep=3 ms=1.408608
SAMPLE tag=interval_d64_s303 mode=grid rep=4 ms=1.409664
SAMPLE tag=interval_d64_s303 mode=grid rep=5 ms=1.410112
SAMPLE tag=interval_d64_s303 mode=grid rep=6 ms=1.409088
SAMPLE tag=interval_d64_s303 mode=grid rep=7 ms=1.409568
SAMPLE tag=interval_d64_s303 mode=grid rep=8 ms=1.410272
SAMPLE tag=interval_d64_s303 mode=grid rep=9 ms=1.409248
SAMPLE tag=interval_d64_s303 mode=grid rep=10 ms=1.409536
SAMPLE tag=interval_d64_s303 mode=grid rep=11 ms=1.409824
SAMPLE tag=interval_d64_s303 mode=grid rep=12 ms=1.407488
SAMPLE tag=interval_d64_s303 mode=grid rep=13 ms=1.407616
SAMPLE tag=interval_d64_s303 mode=grid rep=14 ms=1.407552
SAMPLE tag=interval_d64_s303 mode=grid rep=15 ms=1.408064
SAMPLE tag=interval_d64_s303 mode=grid rep=16 ms=1.408448
SAMPLE tag=interval_d64_s303 mode=grid rep=17 ms=1.408864
SAMPLE tag=interval_d64_s303 mode=grid rep=18 ms=1.409376
SAMPLE tag=interval_d64_s303 mode=grid rep=19 ms=1.408576
SAMPLE tag=interval_d64_s303 mode=grid rep=20 ms=1.409536
SAMPLE tag=interval_d64_s303 mode=grid rep=21 ms=1.409920
SAMPLE tag=interval_d64_s303 mode=grid rep=22 ms=1.409152
SAMPLE tag=interval_d64_s303 mode=grid rep=23 ms=1.409664
SAMPLE tag=interval_d64_s303 mode=grid rep=24 ms=1.408096
SAMPLE tag=interval_d64_s303 mode=grid rep=25 ms=1.409120
SAMPLE tag=interval_d64_s303 mode=grid rep=26 ms=1.409440
SAMPLE tag=interval_d64_s303 mode=grid rep=27 ms=1.409856
SAMPLE tag=interval_d64_s303 mode=grid rep=28 ms=1.407584
SAMPLE tag=interval_d64_s303 mode=grid rep=29 ms=1.409920
SAMPLE tag=interval_d64_s303 mode=grid rep=30 ms=1.408096
grid                      1.40912      1.40749       PASS
SAMPLE tag=interval_d64_s303 mode=interval-spin rep=0 ms=0.915776
SAMPLE tag=interval_d64_s303 mode=interval-spin rep=1 ms=0.916768
SAMPLE tag=interval_d64_s303 mode=interval-spin rep=2 ms=0.915808
SAMPLE tag=interval_d64_s303 mode=interval-spin rep=3 ms=0.916096
SAMPLE tag=interval_d64_s303 mode=interval-spin rep=4 ms=0.916224
SAMPLE tag=interval_d64_s303 mode=interval-spin rep=5 ms=0.916384
SAMPLE tag=interval_d64_s303 mode=interval-spin rep=6 ms=0.916192
SAMPLE tag=interval_d64_s303 mode=interval-spin rep=7 ms=0.916768
SAMPLE tag=interval_d64_s303 mode=interval-spin rep=8 ms=0.916096
SAMPLE tag=interval_d64_s303 mode=interval-spin rep=9 ms=0.916192
SAMPLE tag=interval_d64_s303 mode=interval-spin rep=10 ms=0.916864
SAMPLE tag=interval_d64_s303 mode=interval-spin rep=11 ms=0.916832
SAMPLE tag=interval_d64_s303 mode=interval-spin rep=12 ms=0.916800
SAMPLE tag=interval_d64_s303 mode=interval-spin rep=13 ms=0.916832
SAMPLE tag=interval_d64_s303 mode=interval-spin rep=14 ms=0.916960
SAMPLE tag=interval_d64_s303 mode=interval-spin rep=15 ms=0.915776
SAMPLE tag=interval_d64_s303 mode=interval-spin rep=16 ms=0.917280
SAMPLE tag=interval_d64_s303 mode=interval-spin rep=17 ms=0.916160
SAMPLE tag=interval_d64_s303 mode=interval-spin rep=18 ms=0.916128
SAMPLE tag=interval_d64_s303 mode=interval-spin rep=19 ms=0.916032
SAMPLE tag=interval_d64_s303 mode=interval-spin rep=20 ms=0.916928
SAMPLE tag=interval_d64_s303 mode=interval-spin rep=21 ms=0.915648
SAMPLE tag=interval_d64_s303 mode=interval-spin rep=22 ms=0.916096
SAMPLE tag=interval_d64_s303 mode=interval-spin rep=23 ms=0.915552
SAMPLE tag=interval_d64_s303 mode=interval-spin rep=24 ms=0.915584
SAMPLE tag=interval_d64_s303 mode=interval-spin rep=25 ms=0.916160
SAMPLE tag=interval_d64_s303 mode=interval-spin rep=26 ms=0.915648
SAMPLE tag=interval_d64_s303 mode=interval-spin rep=27 ms=0.915328
SAMPLE tag=interval_d64_s303 mode=interval-spin rep=28 ms=0.916224
SAMPLE tag=interval_d64_s303 mode=interval-spin rep=29 ms=0.915488
SAMPLE tag=interval_d64_s303 mode=interval-spin rep=30 ms=0.916032
interval-spin             0.91616      0.91533       PASS
SAMPLE tag=interval_d64_s303 mode=interval-backoff rep=0 ms=0.916192
SAMPLE tag=interval_d64_s303 mode=interval-backoff rep=1 ms=0.917984
SAMPLE tag=interval_d64_s303 mode=interval-backoff rep=2 ms=0.916704
SAMPLE tag=interval_d64_s303 mode=interval-backoff rep=3 ms=0.916352
SAMPLE tag=interval_d64_s303 mode=interval-backoff rep=4 ms=0.917664
SAMPLE tag=interval_d64_s303 mode=interval-backoff rep=5 ms=0.915904
SAMPLE tag=interval_d64_s303 mode=interval-backoff rep=6 ms=0.916576
SAMPLE tag=interval_d64_s303 mode=interval-backoff rep=7 ms=0.915808
SAMPLE tag=interval_d64_s303 mode=interval-backoff rep=8 ms=0.917280
SAMPLE tag=interval_d64_s303 mode=interval-backoff rep=9 ms=0.916960
SAMPLE tag=interval_d64_s303 mode=interval-backoff rep=10 ms=0.917792
SAMPLE tag=interval_d64_s303 mode=interval-backoff rep=11 ms=0.916736
SAMPLE tag=interval_d64_s303 mode=interval-backoff rep=12 ms=0.917376
SAMPLE tag=interval_d64_s303 mode=interval-backoff rep=13 ms=0.915232
SAMPLE tag=interval_d64_s303 mode=interval-backoff rep=14 ms=0.915456
SAMPLE tag=interval_d64_s303 mode=interval-backoff rep=15 ms=0.914784
SAMPLE tag=interval_d64_s303 mode=interval-backoff rep=16 ms=0.918176
SAMPLE tag=interval_d64_s303 mode=interval-backoff rep=17 ms=0.916160
SAMPLE tag=interval_d64_s303 mode=interval-backoff rep=18 ms=0.915808
SAMPLE tag=interval_d64_s303 mode=interval-backoff rep=19 ms=0.914336
SAMPLE tag=interval_d64_s303 mode=interval-backoff rep=20 ms=0.918112
SAMPLE tag=interval_d64_s303 mode=interval-backoff rep=21 ms=0.915456
SAMPLE tag=interval_d64_s303 mode=interval-backoff rep=22 ms=0.915776
SAMPLE tag=interval_d64_s303 mode=interval-backoff rep=23 ms=0.915712
SAMPLE tag=interval_d64_s303 mode=interval-backoff rep=24 ms=0.917888
SAMPLE tag=interval_d64_s303 mode=interval-backoff rep=25 ms=0.916608
SAMPLE tag=interval_d64_s303 mode=interval-backoff rep=26 ms=0.915712
SAMPLE tag=interval_d64_s303 mode=interval-backoff rep=27 ms=0.917376
SAMPLE tag=interval_d64_s303 mode=interval-backoff rep=28 ms=0.916032
SAMPLE tag=interval_d64_s303 mode=interval-backoff rep=29 ms=0.916928
SAMPLE tag=interval_d64_s303 mode=interval-backoff rep=30 ms=0.917248
interval-backoff          0.91658      0.91434       PASS
SAMPLE tag=interval_d64_s303 mode=exact-backoff rep=0 ms=0.927936
SAMPLE tag=interval_d64_s303 mode=exact-backoff rep=1 ms=0.928544
SAMPLE tag=interval_d64_s303 mode=exact-backoff rep=2 ms=0.927872
SAMPLE tag=interval_d64_s303 mode=exact-backoff rep=3 ms=0.928032
SAMPLE tag=interval_d64_s303 mode=exact-backoff rep=4 ms=0.928128
SAMPLE tag=interval_d64_s303 mode=exact-backoff rep=5 ms=0.928288
SAMPLE tag=interval_d64_s303 mode=exact-backoff rep=6 ms=0.929856
SAMPLE tag=interval_d64_s303 mode=exact-backoff rep=7 ms=0.927808
SAMPLE tag=interval_d64_s303 mode=exact-backoff rep=8 ms=0.928160
SAMPLE tag=interval_d64_s303 mode=exact-backoff rep=9 ms=0.929344
SAMPLE tag=interval_d64_s303 mode=exact-backoff rep=10 ms=0.928192
SAMPLE tag=interval_d64_s303 mode=exact-backoff rep=11 ms=0.927680
SAMPLE tag=interval_d64_s303 mode=exact-backoff rep=12 ms=0.928608
SAMPLE tag=interval_d64_s303 mode=exact-backoff rep=13 ms=0.928064
SAMPLE tag=interval_d64_s303 mode=exact-backoff rep=14 ms=0.928000
SAMPLE tag=interval_d64_s303 mode=exact-backoff rep=15 ms=0.929696
SAMPLE tag=interval_d64_s303 mode=exact-backoff rep=16 ms=0.928576
SAMPLE tag=interval_d64_s303 mode=exact-backoff rep=17 ms=0.927968
SAMPLE tag=interval_d64_s303 mode=exact-backoff rep=18 ms=0.927616
SAMPLE tag=interval_d64_s303 mode=exact-backoff rep=19 ms=0.926848
SAMPLE tag=interval_d64_s303 mode=exact-backoff rep=20 ms=0.927904
SAMPLE tag=interval_d64_s303 mode=exact-backoff rep=21 ms=0.928256
SAMPLE tag=interval_d64_s303 mode=exact-backoff rep=22 ms=0.928384
SAMPLE tag=interval_d64_s303 mode=exact-backoff rep=23 ms=0.929760
SAMPLE tag=interval_d64_s303 mode=exact-backoff rep=24 ms=0.928000
SAMPLE tag=interval_d64_s303 mode=exact-backoff rep=25 ms=0.928800
SAMPLE tag=interval_d64_s303 mode=exact-backoff rep=26 ms=0.928672
SAMPLE tag=interval_d64_s303 mode=exact-backoff rep=27 ms=0.928064
SAMPLE tag=interval_d64_s303 mode=exact-backoff rep=28 ms=0.928256
SAMPLE tag=interval_d64_s303 mode=exact-backoff rep=29 ms=0.928064
SAMPLE tag=interval_d64_s303 mode=exact-backoff rep=30 ms=0.930048
exact-backoff             0.92816      0.92685       PASS
BRACKET floor=1.40912 ceiling=0.89779 space=36.287% impl=interval-backoff impl_ms=0.91658 captured=34.954% of_space=96.3%
SUMMARY_PILOT semantics=2 tag=interval_d64_s303 structure=interval degree=64 eff_degree=64.00 tightness=1.0000 producers=148 consumers=148 threads=128 sms=148 producer_occ=16 consumer_occ=10 trigger_floor=ready trigger_impl=entry trigger_ceiling=entry ready=400000 tail=1000000 prologue=200000 epilogue=1000000 skew_bins=8 repeats=31 floor_ms=1.409120 ceiling_ms=0.897792 interval_spin_ms=0.916160 interval_backoff_ms=0.916576 exact_backoff_ms=0.928160 impl=interval-backoff impl_ms=0.916576 space_pct=36.2870 captured_pct=34.9540 of_space_pct=96.326 valid=1
Device: NVIDIA B200 | SMs=148 | SM clock~1.97 GHz | CC 10.0
Pilot semantics=2 tag=strided_d32_s303 structure=strided degree=32 effective_degree=141.76 tightness=0.2264 grid=148 ready=400000 tail=1000000 prologue=200000 epilogue=1000000 skew_bins=8 repeats=31 producer_occ=16 consumer_occ=10
mode                    median_ms       min_ms      valid
SAMPLE tag=strided_d32_s303 mode=none rep=0 ms=0.898624
SAMPLE tag=strided_d32_s303 mode=none rep=1 ms=0.898176
SAMPLE tag=strided_d32_s303 mode=none rep=2 ms=0.899168
SAMPLE tag=strided_d32_s303 mode=none rep=3 ms=0.897152
SAMPLE tag=strided_d32_s303 mode=none rep=4 ms=0.898624
SAMPLE tag=strided_d32_s303 mode=none rep=5 ms=0.898240
SAMPLE tag=strided_d32_s303 mode=none rep=6 ms=0.902464
SAMPLE tag=strided_d32_s303 mode=none rep=7 ms=0.897344
SAMPLE tag=strided_d32_s303 mode=none rep=8 ms=0.897600
SAMPLE tag=strided_d32_s303 mode=none rep=9 ms=0.899392
SAMPLE tag=strided_d32_s303 mode=none rep=10 ms=0.898560
SAMPLE tag=strided_d32_s303 mode=none rep=11 ms=0.898112
SAMPLE tag=strided_d32_s303 mode=none rep=12 ms=0.897216
SAMPLE tag=strided_d32_s303 mode=none rep=13 ms=0.899424
SAMPLE tag=strided_d32_s303 mode=none rep=14 ms=0.897536
SAMPLE tag=strided_d32_s303 mode=none rep=15 ms=0.897728
SAMPLE tag=strided_d32_s303 mode=none rep=16 ms=0.897632
SAMPLE tag=strided_d32_s303 mode=none rep=17 ms=0.897632
SAMPLE tag=strided_d32_s303 mode=none rep=18 ms=0.897728
SAMPLE tag=strided_d32_s303 mode=none rep=19 ms=0.898304
SAMPLE tag=strided_d32_s303 mode=none rep=20 ms=0.898880
SAMPLE tag=strided_d32_s303 mode=none rep=21 ms=0.898176
SAMPLE tag=strided_d32_s303 mode=none rep=22 ms=0.898464
SAMPLE tag=strided_d32_s303 mode=none rep=23 ms=0.897728
SAMPLE tag=strided_d32_s303 mode=none rep=24 ms=0.897792
SAMPLE tag=strided_d32_s303 mode=none rep=25 ms=0.898528
SAMPLE tag=strided_d32_s303 mode=none rep=26 ms=0.898656
SAMPLE tag=strided_d32_s303 mode=none rep=27 ms=0.898656
SAMPLE tag=strided_d32_s303 mode=none rep=28 ms=0.898560
SAMPLE tag=strided_d32_s303 mode=none rep=29 ms=0.898048
SAMPLE tag=strided_d32_s303 mode=none rep=30 ms=0.898144
none                      0.89818      0.89715        n/a
SAMPLE tag=strided_d32_s303 mode=grid rep=0 ms=1.408512
SAMPLE tag=strided_d32_s303 mode=grid rep=1 ms=1.408288
SAMPLE tag=strided_d32_s303 mode=grid rep=2 ms=1.408512
SAMPLE tag=strided_d32_s303 mode=grid rep=3 ms=1.409088
SAMPLE tag=strided_d32_s303 mode=grid rep=4 ms=1.408032
SAMPLE tag=strided_d32_s303 mode=grid rep=5 ms=1.409408
SAMPLE tag=strided_d32_s303 mode=grid rep=6 ms=1.408448
SAMPLE tag=strided_d32_s303 mode=grid rep=7 ms=1.408448
SAMPLE tag=strided_d32_s303 mode=grid rep=8 ms=1.408224
SAMPLE tag=strided_d32_s303 mode=grid rep=9 ms=1.408480
SAMPLE tag=strided_d32_s303 mode=grid rep=10 ms=1.407776
SAMPLE tag=strided_d32_s303 mode=grid rep=11 ms=1.409472
SAMPLE tag=strided_d32_s303 mode=grid rep=12 ms=1.409440
SAMPLE tag=strided_d32_s303 mode=grid rep=13 ms=1.409632
SAMPLE tag=strided_d32_s303 mode=grid rep=14 ms=1.409536
SAMPLE tag=strided_d32_s303 mode=grid rep=15 ms=1.407936
SAMPLE tag=strided_d32_s303 mode=grid rep=16 ms=1.409536
SAMPLE tag=strided_d32_s303 mode=grid rep=17 ms=1.409248
SAMPLE tag=strided_d32_s303 mode=grid rep=18 ms=1.410240
SAMPLE tag=strided_d32_s303 mode=grid rep=19 ms=1.408512
SAMPLE tag=strided_d32_s303 mode=grid rep=20 ms=1.408032
SAMPLE tag=strided_d32_s303 mode=grid rep=21 ms=1.410592
SAMPLE tag=strided_d32_s303 mode=grid rep=22 ms=1.410464
SAMPLE tag=strided_d32_s303 mode=grid rep=23 ms=1.409632
SAMPLE tag=strided_d32_s303 mode=grid rep=24 ms=1.409088
SAMPLE tag=strided_d32_s303 mode=grid rep=25 ms=1.408960
SAMPLE tag=strided_d32_s303 mode=grid rep=26 ms=1.409888
SAMPLE tag=strided_d32_s303 mode=grid rep=27 ms=1.408704
SAMPLE tag=strided_d32_s303 mode=grid rep=28 ms=1.408384
SAMPLE tag=strided_d32_s303 mode=grid rep=29 ms=1.408512
SAMPLE tag=strided_d32_s303 mode=grid rep=30 ms=1.411232
grid                      1.40896      1.40778       PASS
SAMPLE tag=strided_d32_s303 mode=interval-spin rep=0 ms=0.937120
SAMPLE tag=strided_d32_s303 mode=interval-spin rep=1 ms=0.937248
SAMPLE tag=strided_d32_s303 mode=interval-spin rep=2 ms=0.936320
SAMPLE tag=strided_d32_s303 mode=interval-spin rep=3 ms=0.937600
SAMPLE tag=strided_d32_s303 mode=interval-spin rep=4 ms=0.937056
SAMPLE tag=strided_d32_s303 mode=interval-spin rep=5 ms=0.935872
SAMPLE tag=strided_d32_s303 mode=interval-spin rep=6 ms=0.937216
SAMPLE tag=strided_d32_s303 mode=interval-spin rep=7 ms=0.937248
SAMPLE tag=strided_d32_s303 mode=interval-spin rep=8 ms=0.935872
SAMPLE tag=strided_d32_s303 mode=interval-spin rep=9 ms=0.936224
SAMPLE tag=strided_d32_s303 mode=interval-spin rep=10 ms=0.935648
SAMPLE tag=strided_d32_s303 mode=interval-spin rep=11 ms=0.937728
SAMPLE tag=strided_d32_s303 mode=interval-spin rep=12 ms=0.936640
SAMPLE tag=strided_d32_s303 mode=interval-spin rep=13 ms=0.936352
SAMPLE tag=strided_d32_s303 mode=interval-spin rep=14 ms=0.937312
SAMPLE tag=strided_d32_s303 mode=interval-spin rep=15 ms=0.936704
SAMPLE tag=strided_d32_s303 mode=interval-spin rep=16 ms=0.937632
SAMPLE tag=strided_d32_s303 mode=interval-spin rep=17 ms=0.936288
SAMPLE tag=strided_d32_s303 mode=interval-spin rep=18 ms=0.936416
SAMPLE tag=strided_d32_s303 mode=interval-spin rep=19 ms=0.935840
SAMPLE tag=strided_d32_s303 mode=interval-spin rep=20 ms=0.936704
SAMPLE tag=strided_d32_s303 mode=interval-spin rep=21 ms=0.937472
SAMPLE tag=strided_d32_s303 mode=interval-spin rep=22 ms=0.937504
SAMPLE tag=strided_d32_s303 mode=interval-spin rep=23 ms=0.937344
SAMPLE tag=strided_d32_s303 mode=interval-spin rep=24 ms=0.936352
SAMPLE tag=strided_d32_s303 mode=interval-spin rep=25 ms=0.935456
SAMPLE tag=strided_d32_s303 mode=interval-spin rep=26 ms=0.937472
SAMPLE tag=strided_d32_s303 mode=interval-spin rep=27 ms=0.937664
SAMPLE tag=strided_d32_s303 mode=interval-spin rep=28 ms=0.937568
SAMPLE tag=strided_d32_s303 mode=interval-spin rep=29 ms=0.937120
SAMPLE tag=strided_d32_s303 mode=interval-spin rep=30 ms=0.937184
interval-spin             0.93712      0.93546       PASS
SAMPLE tag=strided_d32_s303 mode=interval-backoff rep=0 ms=0.936288
SAMPLE tag=strided_d32_s303 mode=interval-backoff rep=1 ms=0.936640
SAMPLE tag=strided_d32_s303 mode=interval-backoff rep=2 ms=0.936640
SAMPLE tag=strided_d32_s303 mode=interval-backoff rep=3 ms=0.935392
SAMPLE tag=strided_d32_s303 mode=interval-backoff rep=4 ms=0.935936
SAMPLE tag=strided_d32_s303 mode=interval-backoff rep=5 ms=0.936608
SAMPLE tag=strided_d32_s303 mode=interval-backoff rep=6 ms=0.934944
SAMPLE tag=strided_d32_s303 mode=interval-backoff rep=7 ms=0.936448
SAMPLE tag=strided_d32_s303 mode=interval-backoff rep=8 ms=0.937888
SAMPLE tag=strided_d32_s303 mode=interval-backoff rep=9 ms=0.935232
SAMPLE tag=strided_d32_s303 mode=interval-backoff rep=10 ms=0.937600
SAMPLE tag=strided_d32_s303 mode=interval-backoff rep=11 ms=0.936576
SAMPLE tag=strided_d32_s303 mode=interval-backoff rep=12 ms=0.937440
SAMPLE tag=strided_d32_s303 mode=interval-backoff rep=13 ms=0.936640
SAMPLE tag=strided_d32_s303 mode=interval-backoff rep=14 ms=0.936736
SAMPLE tag=strided_d32_s303 mode=interval-backoff rep=15 ms=0.937120
SAMPLE tag=strided_d32_s303 mode=interval-backoff rep=16 ms=0.936160
SAMPLE tag=strided_d32_s303 mode=interval-backoff rep=17 ms=0.935616
SAMPLE tag=strided_d32_s303 mode=interval-backoff rep=18 ms=0.937440
SAMPLE tag=strided_d32_s303 mode=interval-backoff rep=19 ms=0.936672
SAMPLE tag=strided_d32_s303 mode=interval-backoff rep=20 ms=0.937856
SAMPLE tag=strided_d32_s303 mode=interval-backoff rep=21 ms=0.936864
SAMPLE tag=strided_d32_s303 mode=interval-backoff rep=22 ms=0.936960
SAMPLE tag=strided_d32_s303 mode=interval-backoff rep=23 ms=0.936064
SAMPLE tag=strided_d32_s303 mode=interval-backoff rep=24 ms=0.938208
SAMPLE tag=strided_d32_s303 mode=interval-backoff rep=25 ms=0.937024
SAMPLE tag=strided_d32_s303 mode=interval-backoff rep=26 ms=0.937632
SAMPLE tag=strided_d32_s303 mode=interval-backoff rep=27 ms=0.935520
SAMPLE tag=strided_d32_s303 mode=interval-backoff rep=28 ms=0.935424
SAMPLE tag=strided_d32_s303 mode=interval-backoff rep=29 ms=0.936768
SAMPLE tag=strided_d32_s303 mode=interval-backoff rep=30 ms=0.935744
interval-backoff          0.93664      0.93494       PASS
SAMPLE tag=strided_d32_s303 mode=exact-backoff rep=0 ms=0.915968
SAMPLE tag=strided_d32_s303 mode=exact-backoff rep=1 ms=0.916448
SAMPLE tag=strided_d32_s303 mode=exact-backoff rep=2 ms=0.915168
SAMPLE tag=strided_d32_s303 mode=exact-backoff rep=3 ms=0.915840
SAMPLE tag=strided_d32_s303 mode=exact-backoff rep=4 ms=0.917696
SAMPLE tag=strided_d32_s303 mode=exact-backoff rep=5 ms=0.917920
SAMPLE tag=strided_d32_s303 mode=exact-backoff rep=6 ms=0.916096
SAMPLE tag=strided_d32_s303 mode=exact-backoff rep=7 ms=0.916096
SAMPLE tag=strided_d32_s303 mode=exact-backoff rep=8 ms=0.915520
SAMPLE tag=strided_d32_s303 mode=exact-backoff rep=9 ms=0.917120
SAMPLE tag=strided_d32_s303 mode=exact-backoff rep=10 ms=0.916352
SAMPLE tag=strided_d32_s303 mode=exact-backoff rep=11 ms=0.916480
SAMPLE tag=strided_d32_s303 mode=exact-backoff rep=12 ms=0.918208
SAMPLE tag=strided_d32_s303 mode=exact-backoff rep=13 ms=0.915648
SAMPLE tag=strided_d32_s303 mode=exact-backoff rep=14 ms=0.916672
SAMPLE tag=strided_d32_s303 mode=exact-backoff rep=15 ms=0.916544
SAMPLE tag=strided_d32_s303 mode=exact-backoff rep=16 ms=0.917248
SAMPLE tag=strided_d32_s303 mode=exact-backoff rep=17 ms=0.916832
SAMPLE tag=strided_d32_s303 mode=exact-backoff rep=18 ms=0.916832
SAMPLE tag=strided_d32_s303 mode=exact-backoff rep=19 ms=0.916448
SAMPLE tag=strided_d32_s303 mode=exact-backoff rep=20 ms=0.915712
SAMPLE tag=strided_d32_s303 mode=exact-backoff rep=21 ms=0.918208
SAMPLE tag=strided_d32_s303 mode=exact-backoff rep=22 ms=0.917664
SAMPLE tag=strided_d32_s303 mode=exact-backoff rep=23 ms=0.923840
SAMPLE tag=strided_d32_s303 mode=exact-backoff rep=24 ms=0.916160
SAMPLE tag=strided_d32_s303 mode=exact-backoff rep=25 ms=0.918208
SAMPLE tag=strided_d32_s303 mode=exact-backoff rep=26 ms=0.918016
SAMPLE tag=strided_d32_s303 mode=exact-backoff rep=27 ms=0.916448
SAMPLE tag=strided_d32_s303 mode=exact-backoff rep=28 ms=0.915744
SAMPLE tag=strided_d32_s303 mode=exact-backoff rep=29 ms=0.916000
SAMPLE tag=strided_d32_s303 mode=exact-backoff rep=30 ms=0.915712
exact-backoff             0.91645      0.91517       PASS
BRACKET floor=1.40896 ceiling=0.89818 space=36.253% impl=interval-backoff impl_ms=0.93664 captured=33.523% of_space=92.5%
SUMMARY_PILOT semantics=2 tag=strided_d32_s303 structure=strided degree=32 eff_degree=141.76 tightness=0.2264 producers=148 consumers=148 threads=128 sms=148 producer_occ=16 consumer_occ=10 trigger_floor=ready trigger_impl=entry trigger_ceiling=entry ready=400000 tail=1000000 prologue=200000 epilogue=1000000 skew_bins=8 repeats=31 floor_ms=1.408960 ceiling_ms=0.898176 interval_spin_ms=0.937120 interval_backoff_ms=0.936640 exact_backoff_ms=0.916448 impl=interval-backoff impl_ms=0.936640 space_pct=36.2526 captured_pct=33.5226 of_space_pct=92.470 valid=1
Device: NVIDIA B200 | SMs=148 | SM clock~1.97 GHz | CC 10.0
Pilot semantics=2 tag=tail0_d8_s303 structure=interval degree=8 effective_degree=8.00 tightness=1.0000 grid=148 ready=400000 tail=0 prologue=200000 epilogue=1000000 skew_bins=8 repeats=31 producer_occ=16 consumer_occ=10
mode                    median_ms       min_ms      valid
SAMPLE tag=tail0_d8_s303 mode=none rep=0 ms=0.620320
SAMPLE tag=tail0_d8_s303 mode=none rep=1 ms=0.620736
SAMPLE tag=tail0_d8_s303 mode=none rep=2 ms=0.621440
SAMPLE tag=tail0_d8_s303 mode=none rep=3 ms=0.620160
SAMPLE tag=tail0_d8_s303 mode=none rep=4 ms=0.621632
SAMPLE tag=tail0_d8_s303 mode=none rep=5 ms=0.620672
SAMPLE tag=tail0_d8_s303 mode=none rep=6 ms=0.620352
SAMPLE tag=tail0_d8_s303 mode=none rep=7 ms=0.621536
SAMPLE tag=tail0_d8_s303 mode=none rep=8 ms=0.618880
SAMPLE tag=tail0_d8_s303 mode=none rep=9 ms=0.619360
SAMPLE tag=tail0_d8_s303 mode=none rep=10 ms=0.620992
SAMPLE tag=tail0_d8_s303 mode=none rep=11 ms=0.619008
SAMPLE tag=tail0_d8_s303 mode=none rep=12 ms=0.618464
SAMPLE tag=tail0_d8_s303 mode=none rep=13 ms=0.620704
SAMPLE tag=tail0_d8_s303 mode=none rep=14 ms=0.629280
SAMPLE tag=tail0_d8_s303 mode=none rep=15 ms=0.619680
SAMPLE tag=tail0_d8_s303 mode=none rep=16 ms=0.619456
SAMPLE tag=tail0_d8_s303 mode=none rep=17 ms=0.619072
SAMPLE tag=tail0_d8_s303 mode=none rep=18 ms=0.619712
SAMPLE tag=tail0_d8_s303 mode=none rep=19 ms=0.619744
SAMPLE tag=tail0_d8_s303 mode=none rep=20 ms=0.620544
SAMPLE tag=tail0_d8_s303 mode=none rep=21 ms=0.620608
SAMPLE tag=tail0_d8_s303 mode=none rep=22 ms=0.620960
SAMPLE tag=tail0_d8_s303 mode=none rep=23 ms=0.618496
SAMPLE tag=tail0_d8_s303 mode=none rep=24 ms=0.619008
SAMPLE tag=tail0_d8_s303 mode=none rep=25 ms=0.618880
SAMPLE tag=tail0_d8_s303 mode=none rep=26 ms=0.619520
SAMPLE tag=tail0_d8_s303 mode=none rep=27 ms=0.619552
SAMPLE tag=tail0_d8_s303 mode=none rep=28 ms=0.618656
SAMPLE tag=tail0_d8_s303 mode=none rep=29 ms=0.618976
SAMPLE tag=tail0_d8_s303 mode=none rep=30 ms=0.618944
none                      0.61971      0.61846        n/a
SAMPLE tag=tail0_d8_s303 mode=grid rep=0 ms=1.002016
SAMPLE tag=tail0_d8_s303 mode=grid rep=1 ms=1.000384
SAMPLE tag=tail0_d8_s303 mode=grid rep=2 ms=1.002016
SAMPLE tag=tail0_d8_s303 mode=grid rep=3 ms=1.001312
SAMPLE tag=tail0_d8_s303 mode=grid rep=4 ms=1.001920
SAMPLE tag=tail0_d8_s303 mode=grid rep=5 ms=1.000768
SAMPLE tag=tail0_d8_s303 mode=grid rep=6 ms=1.000928
SAMPLE tag=tail0_d8_s303 mode=grid rep=7 ms=1.000640
SAMPLE tag=tail0_d8_s303 mode=grid rep=8 ms=1.001600
SAMPLE tag=tail0_d8_s303 mode=grid rep=9 ms=1.001952
SAMPLE tag=tail0_d8_s303 mode=grid rep=10 ms=1.001504
SAMPLE tag=tail0_d8_s303 mode=grid rep=11 ms=1.002336
SAMPLE tag=tail0_d8_s303 mode=grid rep=12 ms=1.001792
SAMPLE tag=tail0_d8_s303 mode=grid rep=13 ms=1.000160
SAMPLE tag=tail0_d8_s303 mode=grid rep=14 ms=1.001312
SAMPLE tag=tail0_d8_s303 mode=grid rep=15 ms=1.002080
SAMPLE tag=tail0_d8_s303 mode=grid rep=16 ms=1.001984
SAMPLE tag=tail0_d8_s303 mode=grid rep=17 ms=1.000640
SAMPLE tag=tail0_d8_s303 mode=grid rep=18 ms=1.001664
SAMPLE tag=tail0_d8_s303 mode=grid rep=19 ms=1.000416
SAMPLE tag=tail0_d8_s303 mode=grid rep=20 ms=1.001920
SAMPLE tag=tail0_d8_s303 mode=grid rep=21 ms=1.000672
SAMPLE tag=tail0_d8_s303 mode=grid rep=22 ms=1.001920
SAMPLE tag=tail0_d8_s303 mode=grid rep=23 ms=1.002336
SAMPLE tag=tail0_d8_s303 mode=grid rep=24 ms=1.001984
SAMPLE tag=tail0_d8_s303 mode=grid rep=25 ms=1.000544
SAMPLE tag=tail0_d8_s303 mode=grid rep=26 ms=1.001568
SAMPLE tag=tail0_d8_s303 mode=grid rep=27 ms=1.001280
SAMPLE tag=tail0_d8_s303 mode=grid rep=28 ms=1.002016
SAMPLE tag=tail0_d8_s303 mode=grid rep=29 ms=1.000832
SAMPLE tag=tail0_d8_s303 mode=grid rep=30 ms=1.001184
grid                      1.00157      1.00016       PASS
SAMPLE tag=tail0_d8_s303 mode=interval-spin rep=0 ms=0.902048
SAMPLE tag=tail0_d8_s303 mode=interval-spin rep=1 ms=0.902080
SAMPLE tag=tail0_d8_s303 mode=interval-spin rep=2 ms=0.901504
SAMPLE tag=tail0_d8_s303 mode=interval-spin rep=3 ms=0.902208
SAMPLE tag=tail0_d8_s303 mode=interval-spin rep=4 ms=0.902496
SAMPLE tag=tail0_d8_s303 mode=interval-spin rep=5 ms=0.901760
SAMPLE tag=tail0_d8_s303 mode=interval-spin rep=6 ms=0.901920
SAMPLE tag=tail0_d8_s303 mode=interval-spin rep=7 ms=0.901280
SAMPLE tag=tail0_d8_s303 mode=interval-spin rep=8 ms=0.901600
SAMPLE tag=tail0_d8_s303 mode=interval-spin rep=9 ms=0.901568
SAMPLE tag=tail0_d8_s303 mode=interval-spin rep=10 ms=0.901696
SAMPLE tag=tail0_d8_s303 mode=interval-spin rep=11 ms=0.902464
SAMPLE tag=tail0_d8_s303 mode=interval-spin rep=12 ms=0.900736
SAMPLE tag=tail0_d8_s303 mode=interval-spin rep=13 ms=0.901056
SAMPLE tag=tail0_d8_s303 mode=interval-spin rep=14 ms=0.902176
SAMPLE tag=tail0_d8_s303 mode=interval-spin rep=15 ms=0.902048
SAMPLE tag=tail0_d8_s303 mode=interval-spin rep=16 ms=0.901216
SAMPLE tag=tail0_d8_s303 mode=interval-spin rep=17 ms=0.900960
SAMPLE tag=tail0_d8_s303 mode=interval-spin rep=18 ms=0.901696
SAMPLE tag=tail0_d8_s303 mode=interval-spin rep=19 ms=0.901984
SAMPLE tag=tail0_d8_s303 mode=interval-spin rep=20 ms=0.902368
SAMPLE tag=tail0_d8_s303 mode=interval-spin rep=21 ms=0.901376
SAMPLE tag=tail0_d8_s303 mode=interval-spin rep=22 ms=0.900384
SAMPLE tag=tail0_d8_s303 mode=interval-spin rep=23 ms=0.901792
SAMPLE tag=tail0_d8_s303 mode=interval-spin rep=24 ms=0.900896
SAMPLE tag=tail0_d8_s303 mode=interval-spin rep=25 ms=0.901312
SAMPLE tag=tail0_d8_s303 mode=interval-spin rep=26 ms=0.901504
SAMPLE tag=tail0_d8_s303 mode=interval-spin rep=27 ms=0.901344
SAMPLE tag=tail0_d8_s303 mode=interval-spin rep=28 ms=0.901472
SAMPLE tag=tail0_d8_s303 mode=interval-spin rep=29 ms=0.901792
SAMPLE tag=tail0_d8_s303 mode=interval-spin rep=30 ms=0.901824
interval-spin             0.90170      0.90038       PASS
SAMPLE tag=tail0_d8_s303 mode=interval-backoff rep=0 ms=0.901504
SAMPLE tag=tail0_d8_s303 mode=interval-backoff rep=1 ms=0.901152
SAMPLE tag=tail0_d8_s303 mode=interval-backoff rep=2 ms=0.902304
SAMPLE tag=tail0_d8_s303 mode=interval-backoff rep=3 ms=0.900512
SAMPLE tag=tail0_d8_s303 mode=interval-backoff rep=4 ms=0.901376
SAMPLE tag=tail0_d8_s303 mode=interval-backoff rep=5 ms=0.901472
SAMPLE tag=tail0_d8_s303 mode=interval-backoff rep=6 ms=0.903520
SAMPLE tag=tail0_d8_s303 mode=interval-backoff rep=7 ms=0.911264
SAMPLE tag=tail0_d8_s303 mode=interval-backoff rep=8 ms=0.901696
SAMPLE tag=tail0_d8_s303 mode=interval-backoff rep=9 ms=0.901216
SAMPLE tag=tail0_d8_s303 mode=interval-backoff rep=10 ms=0.902560
SAMPLE tag=tail0_d8_s303 mode=interval-backoff rep=11 ms=0.902656
SAMPLE tag=tail0_d8_s303 mode=interval-backoff rep=12 ms=0.903136
SAMPLE tag=tail0_d8_s303 mode=interval-backoff rep=13 ms=0.901504
SAMPLE tag=tail0_d8_s303 mode=interval-backoff rep=14 ms=0.901696
SAMPLE tag=tail0_d8_s303 mode=interval-backoff rep=15 ms=0.901984
SAMPLE tag=tail0_d8_s303 mode=interval-backoff rep=16 ms=0.903360
SAMPLE tag=tail0_d8_s303 mode=interval-backoff rep=17 ms=0.901024
SAMPLE tag=tail0_d8_s303 mode=interval-backoff rep=18 ms=0.904128
SAMPLE tag=tail0_d8_s303 mode=interval-backoff rep=19 ms=0.901280
SAMPLE tag=tail0_d8_s303 mode=interval-backoff rep=20 ms=0.901504
SAMPLE tag=tail0_d8_s303 mode=interval-backoff rep=21 ms=0.901184
SAMPLE tag=tail0_d8_s303 mode=interval-backoff rep=22 ms=0.901312
SAMPLE tag=tail0_d8_s303 mode=interval-backoff rep=23 ms=0.903424
SAMPLE tag=tail0_d8_s303 mode=interval-backoff rep=24 ms=0.901504
SAMPLE tag=tail0_d8_s303 mode=interval-backoff rep=25 ms=0.902112
SAMPLE tag=tail0_d8_s303 mode=interval-backoff rep=26 ms=0.902720
SAMPLE tag=tail0_d8_s303 mode=interval-backoff rep=27 ms=0.900416
SAMPLE tag=tail0_d8_s303 mode=interval-backoff rep=28 ms=0.901984
SAMPLE tag=tail0_d8_s303 mode=interval-backoff rep=29 ms=0.901472
SAMPLE tag=tail0_d8_s303 mode=interval-backoff rep=30 ms=0.901472
interval-backoff          0.90150      0.90042       PASS
SAMPLE tag=tail0_d8_s303 mode=exact-backoff rep=0 ms=0.903776
SAMPLE tag=tail0_d8_s303 mode=exact-backoff rep=1 ms=0.915680
SAMPLE tag=tail0_d8_s303 mode=exact-backoff rep=2 ms=0.902976
SAMPLE tag=tail0_d8_s303 mode=exact-backoff rep=3 ms=0.903712
SAMPLE tag=tail0_d8_s303 mode=exact-backoff rep=4 ms=0.903584
SAMPLE tag=tail0_d8_s303 mode=exact-backoff rep=5 ms=0.903264
SAMPLE tag=tail0_d8_s303 mode=exact-backoff rep=6 ms=0.903648
SAMPLE tag=tail0_d8_s303 mode=exact-backoff rep=7 ms=0.903104
SAMPLE tag=tail0_d8_s303 mode=exact-backoff rep=8 ms=0.902336
SAMPLE tag=tail0_d8_s303 mode=exact-backoff rep=9 ms=0.903648
SAMPLE tag=tail0_d8_s303 mode=exact-backoff rep=10 ms=0.903328
SAMPLE tag=tail0_d8_s303 mode=exact-backoff rep=11 ms=0.903136
SAMPLE tag=tail0_d8_s303 mode=exact-backoff rep=12 ms=0.903680
SAMPLE tag=tail0_d8_s303 mode=exact-backoff rep=13 ms=0.903488
SAMPLE tag=tail0_d8_s303 mode=exact-backoff rep=14 ms=0.903232
SAMPLE tag=tail0_d8_s303 mode=exact-backoff rep=15 ms=0.904288
SAMPLE tag=tail0_d8_s303 mode=exact-backoff rep=16 ms=0.902624
SAMPLE tag=tail0_d8_s303 mode=exact-backoff rep=17 ms=0.904416
SAMPLE tag=tail0_d8_s303 mode=exact-backoff rep=18 ms=0.903232
SAMPLE tag=tail0_d8_s303 mode=exact-backoff rep=19 ms=0.903136
SAMPLE tag=tail0_d8_s303 mode=exact-backoff rep=20 ms=0.903456
SAMPLE tag=tail0_d8_s303 mode=exact-backoff rep=21 ms=0.902272
SAMPLE tag=tail0_d8_s303 mode=exact-backoff rep=22 ms=0.904864
SAMPLE tag=tail0_d8_s303 mode=exact-backoff rep=23 ms=0.903040
SAMPLE tag=tail0_d8_s303 mode=exact-backoff rep=24 ms=0.904576
SAMPLE tag=tail0_d8_s303 mode=exact-backoff rep=25 ms=0.903232
SAMPLE tag=tail0_d8_s303 mode=exact-backoff rep=26 ms=0.903040
SAMPLE tag=tail0_d8_s303 mode=exact-backoff rep=27 ms=0.903424
SAMPLE tag=tail0_d8_s303 mode=exact-backoff rep=28 ms=0.903808
SAMPLE tag=tail0_d8_s303 mode=exact-backoff rep=29 ms=0.903584
SAMPLE tag=tail0_d8_s303 mode=exact-backoff rep=30 ms=0.903616
exact-backoff             0.90346      0.90227       PASS
BRACKET floor=1.00157 ceiling=0.61971 space=38.126% impl=interval-backoff impl_ms=0.90150 captured=9.991% of_space=26.2%
SUMMARY_PILOT semantics=2 tag=tail0_d8_s303 structure=interval degree=8 eff_degree=8.00 tightness=1.0000 producers=148 consumers=148 threads=128 sms=148 producer_occ=16 consumer_occ=10 trigger_floor=ready trigger_impl=entry trigger_ceiling=entry ready=400000 tail=0 prologue=200000 epilogue=1000000 skew_bins=8 repeats=31 floor_ms=1.001568 ceiling_ms=0.619712 interval_spin_ms=0.901696 interval_backoff_ms=0.901504 exact_backoff_ms=0.903456 impl=interval-backoff impl_ms=0.901504 space_pct=38.1258 captured_pct=9.9907 of_space_pct=26.205 valid=1
Device: NVIDIA B200 | SMs=148 | SM clock~1.97 GHz | CC 10.0
Pilot semantics=2 tag=tail2m_d8_s303 structure=interval degree=8 effective_degree=8.00 tightness=1.0000 grid=148 ready=400000 tail=2000000 prologue=200000 epilogue=1000000 skew_bins=8 repeats=31 producer_occ=16 consumer_occ=10
mode                    median_ms       min_ms      valid
SAMPLE tag=tail2m_d8_s303 mode=none rep=0 ms=1.407008
SAMPLE tag=tail2m_d8_s303 mode=none rep=1 ms=1.408032
SAMPLE tag=tail2m_d8_s303 mode=none rep=2 ms=1.407040
SAMPLE tag=tail2m_d8_s303 mode=none rep=3 ms=1.406752
SAMPLE tag=tail2m_d8_s303 mode=none rep=4 ms=1.406752
SAMPLE tag=tail2m_d8_s303 mode=none rep=5 ms=1.407456
SAMPLE tag=tail2m_d8_s303 mode=none rep=6 ms=1.407936
SAMPLE tag=tail2m_d8_s303 mode=none rep=7 ms=1.407456
SAMPLE tag=tail2m_d8_s303 mode=none rep=8 ms=1.408608
SAMPLE tag=tail2m_d8_s303 mode=none rep=9 ms=1.409120
SAMPLE tag=tail2m_d8_s303 mode=none rep=10 ms=1.408480
SAMPLE tag=tail2m_d8_s303 mode=none rep=11 ms=1.408192
SAMPLE tag=tail2m_d8_s303 mode=none rep=12 ms=1.407296
SAMPLE tag=tail2m_d8_s303 mode=none rep=13 ms=1.407808
SAMPLE tag=tail2m_d8_s303 mode=none rep=14 ms=1.408064
SAMPLE tag=tail2m_d8_s303 mode=none rep=15 ms=1.409152
SAMPLE tag=tail2m_d8_s303 mode=none rep=16 ms=1.407712
SAMPLE tag=tail2m_d8_s303 mode=none rep=17 ms=1.408160
SAMPLE tag=tail2m_d8_s303 mode=none rep=18 ms=1.409088
SAMPLE tag=tail2m_d8_s303 mode=none rep=19 ms=1.407040
SAMPLE tag=tail2m_d8_s303 mode=none rep=20 ms=1.407648
SAMPLE tag=tail2m_d8_s303 mode=none rep=21 ms=1.407552
SAMPLE tag=tail2m_d8_s303 mode=none rep=22 ms=1.407072
SAMPLE tag=tail2m_d8_s303 mode=none rep=23 ms=1.408384
SAMPLE tag=tail2m_d8_s303 mode=none rep=24 ms=1.407968
SAMPLE tag=tail2m_d8_s303 mode=none rep=25 ms=1.407968
SAMPLE tag=tail2m_d8_s303 mode=none rep=26 ms=1.407520
SAMPLE tag=tail2m_d8_s303 mode=none rep=27 ms=1.408128
SAMPLE tag=tail2m_d8_s303 mode=none rep=28 ms=1.407968
SAMPLE tag=tail2m_d8_s303 mode=none rep=29 ms=1.407712
SAMPLE tag=tail2m_d8_s303 mode=none rep=30 ms=1.407968
none                      1.40794      1.40675        n/a
SAMPLE tag=tail2m_d8_s303 mode=grid rep=0 ms=1.918560
SAMPLE tag=tail2m_d8_s303 mode=grid rep=1 ms=1.918624
SAMPLE tag=tail2m_d8_s303 mode=grid rep=2 ms=1.918592
SAMPLE tag=tail2m_d8_s303 mode=grid rep=3 ms=1.919040
SAMPLE tag=tail2m_d8_s303 mode=grid rep=4 ms=1.919424
SAMPLE tag=tail2m_d8_s303 mode=grid rep=5 ms=1.917152
SAMPLE tag=tail2m_d8_s303 mode=grid rep=6 ms=1.918144
SAMPLE tag=tail2m_d8_s303 mode=grid rep=7 ms=1.917664
SAMPLE tag=tail2m_d8_s303 mode=grid rep=8 ms=1.917152
SAMPLE tag=tail2m_d8_s303 mode=grid rep=9 ms=1.917344
SAMPLE tag=tail2m_d8_s303 mode=grid rep=10 ms=1.925856
SAMPLE tag=tail2m_d8_s303 mode=grid rep=11 ms=1.917760
SAMPLE tag=tail2m_d8_s303 mode=grid rep=12 ms=1.918848
SAMPLE tag=tail2m_d8_s303 mode=grid rep=13 ms=1.917088
SAMPLE tag=tail2m_d8_s303 mode=grid rep=14 ms=1.918880
SAMPLE tag=tail2m_d8_s303 mode=grid rep=15 ms=1.918368
SAMPLE tag=tail2m_d8_s303 mode=grid rep=16 ms=1.918368
SAMPLE tag=tail2m_d8_s303 mode=grid rep=17 ms=1.918272
SAMPLE tag=tail2m_d8_s303 mode=grid rep=18 ms=1.917376
SAMPLE tag=tail2m_d8_s303 mode=grid rep=19 ms=1.918304
SAMPLE tag=tail2m_d8_s303 mode=grid rep=20 ms=1.919712
SAMPLE tag=tail2m_d8_s303 mode=grid rep=21 ms=1.918304
SAMPLE tag=tail2m_d8_s303 mode=grid rep=22 ms=1.919040
SAMPLE tag=tail2m_d8_s303 mode=grid rep=23 ms=1.917600
SAMPLE tag=tail2m_d8_s303 mode=grid rep=24 ms=1.917472
SAMPLE tag=tail2m_d8_s303 mode=grid rep=25 ms=1.918496
SAMPLE tag=tail2m_d8_s303 mode=grid rep=26 ms=1.919200
SAMPLE tag=tail2m_d8_s303 mode=grid rep=27 ms=1.917440
SAMPLE tag=tail2m_d8_s303 mode=grid rep=28 ms=1.917568
SAMPLE tag=tail2m_d8_s303 mode=grid rep=29 ms=1.917568
SAMPLE tag=tail2m_d8_s303 mode=grid rep=30 ms=1.919008
grid                      1.91830      1.91709       PASS
SAMPLE tag=tail2m_d8_s303 mode=interval-spin rep=0 ms=1.408864
SAMPLE tag=tail2m_d8_s303 mode=interval-spin rep=1 ms=1.408032
SAMPLE tag=tail2m_d8_s303 mode=interval-spin rep=2 ms=1.408288
SAMPLE tag=tail2m_d8_s303 mode=interval-spin rep=3 ms=1.409440
SAMPLE tag=tail2m_d8_s303 mode=interval-spin rep=4 ms=1.408576
SAMPLE tag=tail2m_d8_s303 mode=interval-spin rep=5 ms=1.408096
SAMPLE tag=tail2m_d8_s303 mode=interval-spin rep=6 ms=1.408448
SAMPLE tag=tail2m_d8_s303 mode=interval-spin rep=7 ms=1.408000
SAMPLE tag=tail2m_d8_s303 mode=interval-spin rep=8 ms=1.407712
SAMPLE tag=tail2m_d8_s303 mode=interval-spin rep=9 ms=1.409088
SAMPLE tag=tail2m_d8_s303 mode=interval-spin rep=10 ms=1.409216
SAMPLE tag=tail2m_d8_s303 mode=interval-spin rep=11 ms=1.408864
SAMPLE tag=tail2m_d8_s303 mode=interval-spin rep=12 ms=1.409312
SAMPLE tag=tail2m_d8_s303 mode=interval-spin rep=13 ms=1.409216
SAMPLE tag=tail2m_d8_s303 mode=interval-spin rep=14 ms=1.409664
SAMPLE tag=tail2m_d8_s303 mode=interval-spin rep=15 ms=1.409216
SAMPLE tag=tail2m_d8_s303 mode=interval-spin rep=16 ms=1.409184
SAMPLE tag=tail2m_d8_s303 mode=interval-spin rep=17 ms=1.407456
SAMPLE tag=tail2m_d8_s303 mode=interval-spin rep=18 ms=1.407488
SAMPLE tag=tail2m_d8_s303 mode=interval-spin rep=19 ms=1.409536
SAMPLE tag=tail2m_d8_s303 mode=interval-spin rep=20 ms=1.407744
SAMPLE tag=tail2m_d8_s303 mode=interval-spin rep=21 ms=1.408672
SAMPLE tag=tail2m_d8_s303 mode=interval-spin rep=22 ms=1.410016
SAMPLE tag=tail2m_d8_s303 mode=interval-spin rep=23 ms=1.409568
SAMPLE tag=tail2m_d8_s303 mode=interval-spin rep=24 ms=1.409696
SAMPLE tag=tail2m_d8_s303 mode=interval-spin rep=25 ms=1.409408
SAMPLE tag=tail2m_d8_s303 mode=interval-spin rep=26 ms=1.407680
SAMPLE tag=tail2m_d8_s303 mode=interval-spin rep=27 ms=1.408832
SAMPLE tag=tail2m_d8_s303 mode=interval-spin rep=28 ms=1.407488
SAMPLE tag=tail2m_d8_s303 mode=interval-spin rep=29 ms=1.408928
SAMPLE tag=tail2m_d8_s303 mode=interval-spin rep=30 ms=1.409088
interval-spin             1.40886      1.40746       PASS
SAMPLE tag=tail2m_d8_s303 mode=interval-backoff rep=0 ms=1.409728
SAMPLE tag=tail2m_d8_s303 mode=interval-backoff rep=1 ms=1.407808
SAMPLE tag=tail2m_d8_s303 mode=interval-backoff rep=2 ms=1.408416
SAMPLE tag=tail2m_d8_s303 mode=interval-backoff rep=3 ms=1.408000
SAMPLE tag=tail2m_d8_s303 mode=interval-backoff rep=4 ms=1.408640
SAMPLE tag=tail2m_d8_s303 mode=interval-backoff rep=5 ms=1.408832
SAMPLE tag=tail2m_d8_s303 mode=interval-backoff rep=6 ms=1.407392
SAMPLE tag=tail2m_d8_s303 mode=interval-backoff rep=7 ms=1.408864
SAMPLE tag=tail2m_d8_s303 mode=interval-backoff rep=8 ms=1.408416
SAMPLE tag=tail2m_d8_s303 mode=interval-backoff rep=9 ms=1.408864
SAMPLE tag=tail2m_d8_s303 mode=interval-backoff rep=10 ms=1.408576
SAMPLE tag=tail2m_d8_s303 mode=interval-backoff rep=11 ms=1.409568
SAMPLE tag=tail2m_d8_s303 mode=interval-backoff rep=12 ms=1.417728
SAMPLE tag=tail2m_d8_s303 mode=interval-backoff rep=13 ms=1.407744
SAMPLE tag=tail2m_d8_s303 mode=interval-backoff rep=14 ms=1.407360
SAMPLE tag=tail2m_d8_s303 mode=interval-backoff rep=15 ms=1.408320
SAMPLE tag=tail2m_d8_s303 mode=interval-backoff rep=16 ms=1.408992
SAMPLE tag=tail2m_d8_s303 mode=interval-backoff rep=17 ms=1.407584
SAMPLE tag=tail2m_d8_s303 mode=interval-backoff rep=18 ms=1.408096
SAMPLE tag=tail2m_d8_s303 mode=interval-backoff rep=19 ms=1.408000
SAMPLE tag=tail2m_d8_s303 mode=interval-backoff rep=20 ms=1.409344
SAMPLE tag=tail2m_d8_s303 mode=interval-backoff rep=21 ms=1.409344
SAMPLE tag=tail2m_d8_s303 mode=interval-backoff rep=22 ms=1.409376
SAMPLE tag=tail2m_d8_s303 mode=interval-backoff rep=23 ms=1.409376
SAMPLE tag=tail2m_d8_s303 mode=interval-backoff rep=24 ms=1.408960
SAMPLE tag=tail2m_d8_s303 mode=interval-backoff rep=25 ms=1.409120
SAMPLE tag=tail2m_d8_s303 mode=interval-backoff rep=26 ms=1.408064
SAMPLE tag=tail2m_d8_s303 mode=interval-backoff rep=27 ms=1.408960
SAMPLE tag=tail2m_d8_s303 mode=interval-backoff rep=28 ms=1.408704
SAMPLE tag=tail2m_d8_s303 mode=interval-backoff rep=29 ms=1.409024
SAMPLE tag=tail2m_d8_s303 mode=interval-backoff rep=30 ms=1.407584
interval-backoff          1.40870      1.40736       PASS
SAMPLE tag=tail2m_d8_s303 mode=exact-backoff rep=0 ms=1.408896
SAMPLE tag=tail2m_d8_s303 mode=exact-backoff rep=1 ms=1.407776
SAMPLE tag=tail2m_d8_s303 mode=exact-backoff rep=2 ms=1.409152
SAMPLE tag=tail2m_d8_s303 mode=exact-backoff rep=3 ms=1.408992
SAMPLE tag=tail2m_d8_s303 mode=exact-backoff rep=4 ms=1.407552
SAMPLE tag=tail2m_d8_s303 mode=exact-backoff rep=5 ms=1.409280
SAMPLE tag=tail2m_d8_s303 mode=exact-backoff rep=6 ms=1.408096
SAMPLE tag=tail2m_d8_s303 mode=exact-backoff rep=7 ms=1.407360
SAMPLE tag=tail2m_d8_s303 mode=exact-backoff rep=8 ms=1.408000
SAMPLE tag=tail2m_d8_s303 mode=exact-backoff rep=9 ms=1.408384
SAMPLE tag=tail2m_d8_s303 mode=exact-backoff rep=10 ms=1.408992
SAMPLE tag=tail2m_d8_s303 mode=exact-backoff rep=11 ms=1.409216
SAMPLE tag=tail2m_d8_s303 mode=exact-backoff rep=12 ms=1.407488
SAMPLE tag=tail2m_d8_s303 mode=exact-backoff rep=13 ms=1.409568
SAMPLE tag=tail2m_d8_s303 mode=exact-backoff rep=14 ms=1.409568
SAMPLE tag=tail2m_d8_s303 mode=exact-backoff rep=15 ms=1.407520
SAMPLE tag=tail2m_d8_s303 mode=exact-backoff rep=16 ms=1.409120
SAMPLE tag=tail2m_d8_s303 mode=exact-backoff rep=17 ms=1.409280
SAMPLE tag=tail2m_d8_s303 mode=exact-backoff rep=18 ms=1.408704
SAMPLE tag=tail2m_d8_s303 mode=exact-backoff rep=19 ms=1.409760
SAMPLE tag=tail2m_d8_s303 mode=exact-backoff rep=20 ms=1.408960
SAMPLE tag=tail2m_d8_s303 mode=exact-backoff rep=21 ms=1.411328
SAMPLE tag=tail2m_d8_s303 mode=exact-backoff rep=22 ms=1.409472
SAMPLE tag=tail2m_d8_s303 mode=exact-backoff rep=23 ms=1.407328
SAMPLE tag=tail2m_d8_s303 mode=exact-backoff rep=24 ms=1.409536
SAMPLE tag=tail2m_d8_s303 mode=exact-backoff rep=25 ms=1.409504
SAMPLE tag=tail2m_d8_s303 mode=exact-backoff rep=26 ms=1.409568
SAMPLE tag=tail2m_d8_s303 mode=exact-backoff rep=27 ms=1.408928
SAMPLE tag=tail2m_d8_s303 mode=exact-backoff rep=28 ms=1.408960
SAMPLE tag=tail2m_d8_s303 mode=exact-backoff rep=29 ms=1.409504
SAMPLE tag=tail2m_d8_s303 mode=exact-backoff rep=30 ms=1.408768
exact-backoff             1.40899      1.40733       PASS
BRACKET floor=1.91830 ceiling=1.40794 space=26.605% impl=interval-backoff impl_ms=1.40870 captured=26.565% of_space=99.8%
SUMMARY_PILOT semantics=2 tag=tail2m_d8_s303 structure=interval degree=8 eff_degree=8.00 tightness=1.0000 producers=148 consumers=148 threads=128 sms=148 producer_occ=16 consumer_occ=10 trigger_floor=ready trigger_impl=entry trigger_ceiling=entry ready=400000 tail=2000000 prologue=200000 epilogue=1000000 skew_bins=8 repeats=31 floor_ms=1.918304 ceiling_ms=1.407936 interval_spin_ms=1.408864 interval_backoff_ms=1.408704 exact_backoff_ms=1.408992 impl=interval-backoff impl_ms=1.408704 space_pct=26.6052 captured_pct=26.5651 of_space_pct=99.850 valid=1
Device: NVIDIA B200 | SMs=148 | SM clock~1.97 GHz | CC 10.0
Pilot semantics=2 tag=grid64_d8_s303 structure=interval degree=8 effective_degree=8.00 tightness=1.0000 grid=64 ready=400000 tail=1000000 prologue=200000 epilogue=1000000 skew_bins=8 repeats=31 producer_occ=16 consumer_occ=10
mode                    median_ms       min_ms      valid
SAMPLE tag=grid64_d8_s303 mode=none rep=0 ms=0.896960
SAMPLE tag=grid64_d8_s303 mode=none rep=1 ms=0.896928
SAMPLE tag=grid64_d8_s303 mode=none rep=2 ms=0.898080
SAMPLE tag=grid64_d8_s303 mode=none rep=3 ms=0.898016
SAMPLE tag=grid64_d8_s303 mode=none rep=4 ms=0.896448
SAMPLE tag=grid64_d8_s303 mode=none rep=5 ms=0.897056
SAMPLE tag=grid64_d8_s303 mode=none rep=6 ms=0.896704
SAMPLE tag=grid64_d8_s303 mode=none rep=7 ms=0.896704
SAMPLE tag=grid64_d8_s303 mode=none rep=8 ms=0.897152
SAMPLE tag=grid64_d8_s303 mode=none rep=9 ms=0.897856
SAMPLE tag=grid64_d8_s303 mode=none rep=10 ms=0.896416
SAMPLE tag=grid64_d8_s303 mode=none rep=11 ms=0.896864
SAMPLE tag=grid64_d8_s303 mode=none rep=12 ms=0.898272
SAMPLE tag=grid64_d8_s303 mode=none rep=13 ms=0.897184
SAMPLE tag=grid64_d8_s303 mode=none rep=14 ms=0.896736
SAMPLE tag=grid64_d8_s303 mode=none rep=15 ms=0.898592
SAMPLE tag=grid64_d8_s303 mode=none rep=16 ms=0.898592
SAMPLE tag=grid64_d8_s303 mode=none rep=17 ms=0.898656
SAMPLE tag=grid64_d8_s303 mode=none rep=18 ms=0.898144
SAMPLE tag=grid64_d8_s303 mode=none rep=19 ms=0.897280
SAMPLE tag=grid64_d8_s303 mode=none rep=20 ms=0.898208
SAMPLE tag=grid64_d8_s303 mode=none rep=21 ms=0.897344
SAMPLE tag=grid64_d8_s303 mode=none rep=22 ms=0.898400
SAMPLE tag=grid64_d8_s303 mode=none rep=23 ms=0.897856
SAMPLE tag=grid64_d8_s303 mode=none rep=24 ms=0.898592
SAMPLE tag=grid64_d8_s303 mode=none rep=25 ms=0.897632
SAMPLE tag=grid64_d8_s303 mode=none rep=26 ms=0.896800
SAMPLE tag=grid64_d8_s303 mode=none rep=27 ms=0.896896
SAMPLE tag=grid64_d8_s303 mode=none rep=28 ms=0.898240
SAMPLE tag=grid64_d8_s303 mode=none rep=29 ms=0.898560
SAMPLE tag=grid64_d8_s303 mode=none rep=30 ms=0.896704
none                      0.89734      0.89642        n/a
SAMPLE tag=grid64_d8_s303 mode=grid rep=0 ms=1.407712
SAMPLE tag=grid64_d8_s303 mode=grid rep=1 ms=1.409024
SAMPLE tag=grid64_d8_s303 mode=grid rep=2 ms=1.408672
SAMPLE tag=grid64_d8_s303 mode=grid rep=3 ms=1.409312
SAMPLE tag=grid64_d8_s303 mode=grid rep=4 ms=1.408480
SAMPLE tag=grid64_d8_s303 mode=grid rep=5 ms=1.408384
SAMPLE tag=grid64_d8_s303 mode=grid rep=6 ms=1.407744
SAMPLE tag=grid64_d8_s303 mode=grid rep=7 ms=1.407968
SAMPLE tag=grid64_d8_s303 mode=grid rep=8 ms=1.408800
SAMPLE tag=grid64_d8_s303 mode=grid rep=9 ms=1.408512
SAMPLE tag=grid64_d8_s303 mode=grid rep=10 ms=1.408064
SAMPLE tag=grid64_d8_s303 mode=grid rep=11 ms=1.409888
SAMPLE tag=grid64_d8_s303 mode=grid rep=12 ms=1.409248
SAMPLE tag=grid64_d8_s303 mode=grid rep=13 ms=1.408992
SAMPLE tag=grid64_d8_s303 mode=grid rep=14 ms=1.408640
SAMPLE tag=grid64_d8_s303 mode=grid rep=15 ms=1.409344
SAMPLE tag=grid64_d8_s303 mode=grid rep=16 ms=1.408544
SAMPLE tag=grid64_d8_s303 mode=grid rep=17 ms=1.409312
SAMPLE tag=grid64_d8_s303 mode=grid rep=18 ms=1.409344
SAMPLE tag=grid64_d8_s303 mode=grid rep=19 ms=1.409280
SAMPLE tag=grid64_d8_s303 mode=grid rep=20 ms=1.408256
SAMPLE tag=grid64_d8_s303 mode=grid rep=21 ms=1.408448
SAMPLE tag=grid64_d8_s303 mode=grid rep=22 ms=1.408384
SAMPLE tag=grid64_d8_s303 mode=grid rep=23 ms=1.408384
SAMPLE tag=grid64_d8_s303 mode=grid rep=24 ms=1.408416
SAMPLE tag=grid64_d8_s303 mode=grid rep=25 ms=1.408864
SAMPLE tag=grid64_d8_s303 mode=grid rep=26 ms=1.408768
SAMPLE tag=grid64_d8_s303 mode=grid rep=27 ms=1.408448
SAMPLE tag=grid64_d8_s303 mode=grid rep=28 ms=1.408608
SAMPLE tag=grid64_d8_s303 mode=grid rep=29 ms=1.408416
SAMPLE tag=grid64_d8_s303 mode=grid rep=30 ms=1.408320
grid                      1.40854      1.40771       PASS
SAMPLE tag=grid64_d8_s303 mode=interval-spin rep=0 ms=0.900960
SAMPLE tag=grid64_d8_s303 mode=interval-spin rep=1 ms=0.900832
SAMPLE tag=grid64_d8_s303 mode=interval-spin rep=2 ms=0.900128
SAMPLE tag=grid64_d8_s303 mode=interval-spin rep=3 ms=0.900608
SAMPLE tag=grid64_d8_s303 mode=interval-spin rep=4 ms=0.899904
SAMPLE tag=grid64_d8_s303 mode=interval-spin rep=5 ms=0.900960
SAMPLE tag=grid64_d8_s303 mode=interval-spin rep=6 ms=0.901120
SAMPLE tag=grid64_d8_s303 mode=interval-spin rep=7 ms=0.901120
SAMPLE tag=grid64_d8_s303 mode=interval-spin rep=8 ms=0.901088
SAMPLE tag=grid64_d8_s303 mode=interval-spin rep=9 ms=0.900608
SAMPLE tag=grid64_d8_s303 mode=interval-spin rep=10 ms=0.901120
SAMPLE tag=grid64_d8_s303 mode=interval-spin rep=11 ms=0.900448
SAMPLE tag=grid64_d8_s303 mode=interval-spin rep=12 ms=0.901440
SAMPLE tag=grid64_d8_s303 mode=interval-spin rep=13 ms=0.902176
SAMPLE tag=grid64_d8_s303 mode=interval-spin rep=14 ms=0.900800
SAMPLE tag=grid64_d8_s303 mode=interval-spin rep=15 ms=0.900320
SAMPLE tag=grid64_d8_s303 mode=interval-spin rep=16 ms=0.900832
SAMPLE tag=grid64_d8_s303 mode=interval-spin rep=17 ms=0.899968
SAMPLE tag=grid64_d8_s303 mode=interval-spin rep=18 ms=0.900640
SAMPLE tag=grid64_d8_s303 mode=interval-spin rep=19 ms=0.901984
SAMPLE tag=grid64_d8_s303 mode=interval-spin rep=20 ms=0.900224
SAMPLE tag=grid64_d8_s303 mode=interval-spin rep=21 ms=0.900768
SAMPLE tag=grid64_d8_s303 mode=interval-spin rep=22 ms=0.900768
SAMPLE tag=grid64_d8_s303 mode=interval-spin rep=23 ms=0.900512
SAMPLE tag=grid64_d8_s303 mode=interval-spin rep=24 ms=0.900448
SAMPLE tag=grid64_d8_s303 mode=interval-spin rep=25 ms=0.901984
SAMPLE tag=grid64_d8_s303 mode=interval-spin rep=26 ms=0.900512
SAMPLE tag=grid64_d8_s303 mode=interval-spin rep=27 ms=0.901856
SAMPLE tag=grid64_d8_s303 mode=interval-spin rep=28 ms=0.901504
SAMPLE tag=grid64_d8_s303 mode=interval-spin rep=29 ms=0.900384
SAMPLE tag=grid64_d8_s303 mode=interval-spin rep=30 ms=0.900960
interval-spin             0.90080      0.89990       PASS
SAMPLE tag=grid64_d8_s303 mode=interval-backoff rep=0 ms=0.900288
SAMPLE tag=grid64_d8_s303 mode=interval-backoff rep=1 ms=0.901824
SAMPLE tag=grid64_d8_s303 mode=interval-backoff rep=2 ms=0.901888
SAMPLE tag=grid64_d8_s303 mode=interval-backoff rep=3 ms=0.902336
SAMPLE tag=grid64_d8_s303 mode=interval-backoff rep=4 ms=0.901984
SAMPLE tag=grid64_d8_s303 mode=interval-backoff rep=5 ms=0.902368
SAMPLE tag=grid64_d8_s303 mode=interval-backoff rep=6 ms=0.902432
SAMPLE tag=grid64_d8_s303 mode=interval-backoff rep=7 ms=0.900992
SAMPLE tag=grid64_d8_s303 mode=interval-backoff rep=8 ms=0.902400
SAMPLE tag=grid64_d8_s303 mode=interval-backoff rep=9 ms=0.901312
SAMPLE tag=grid64_d8_s303 mode=interval-backoff rep=10 ms=0.901184
SAMPLE tag=grid64_d8_s303 mode=interval-backoff rep=11 ms=0.901056
SAMPLE tag=grid64_d8_s303 mode=interval-backoff rep=12 ms=0.901408
SAMPLE tag=grid64_d8_s303 mode=interval-backoff rep=13 ms=0.903200
SAMPLE tag=grid64_d8_s303 mode=interval-backoff rep=14 ms=0.901952
SAMPLE tag=grid64_d8_s303 mode=interval-backoff rep=15 ms=0.902048
SAMPLE tag=grid64_d8_s303 mode=interval-backoff rep=16 ms=0.900768
SAMPLE tag=grid64_d8_s303 mode=interval-backoff rep=17 ms=0.902752
SAMPLE tag=grid64_d8_s303 mode=interval-backoff rep=18 ms=0.902176
SAMPLE tag=grid64_d8_s303 mode=interval-backoff rep=19 ms=0.901600
SAMPLE tag=grid64_d8_s303 mode=interval-backoff rep=20 ms=0.901120
SAMPLE tag=grid64_d8_s303 mode=interval-backoff rep=21 ms=0.903040
SAMPLE tag=grid64_d8_s303 mode=interval-backoff rep=22 ms=0.902176
SAMPLE tag=grid64_d8_s303 mode=interval-backoff rep=23 ms=0.900768
SAMPLE tag=grid64_d8_s303 mode=interval-backoff rep=24 ms=0.903040
SAMPLE tag=grid64_d8_s303 mode=interval-backoff rep=25 ms=0.901984
SAMPLE tag=grid64_d8_s303 mode=interval-backoff rep=26 ms=0.903328
SAMPLE tag=grid64_d8_s303 mode=interval-backoff rep=27 ms=0.900640
SAMPLE tag=grid64_d8_s303 mode=interval-backoff rep=28 ms=0.902464
SAMPLE tag=grid64_d8_s303 mode=interval-backoff rep=29 ms=0.900640
SAMPLE tag=grid64_d8_s303 mode=interval-backoff rep=30 ms=0.902784
interval-backoff          0.90198      0.90029       PASS
SAMPLE tag=grid64_d8_s303 mode=exact-backoff rep=0 ms=0.903456
SAMPLE tag=grid64_d8_s303 mode=exact-backoff rep=1 ms=0.902304
SAMPLE tag=grid64_d8_s303 mode=exact-backoff rep=2 ms=0.903488
SAMPLE tag=grid64_d8_s303 mode=exact-backoff rep=3 ms=0.904512
SAMPLE tag=grid64_d8_s303 mode=exact-backoff rep=4 ms=0.903456
SAMPLE tag=grid64_d8_s303 mode=exact-backoff rep=5 ms=0.902528
SAMPLE tag=grid64_d8_s303 mode=exact-backoff rep=6 ms=0.905056
SAMPLE tag=grid64_d8_s303 mode=exact-backoff rep=7 ms=0.903488
SAMPLE tag=grid64_d8_s303 mode=exact-backoff rep=8 ms=0.902880
SAMPLE tag=grid64_d8_s303 mode=exact-backoff rep=9 ms=0.905344
SAMPLE tag=grid64_d8_s303 mode=exact-backoff rep=10 ms=0.903776
SAMPLE tag=grid64_d8_s303 mode=exact-backoff rep=11 ms=0.902400
SAMPLE tag=grid64_d8_s303 mode=exact-backoff rep=12 ms=0.904576
SAMPLE tag=grid64_d8_s303 mode=exact-backoff rep=13 ms=0.902624
SAMPLE tag=grid64_d8_s303 mode=exact-backoff rep=14 ms=0.902368
SAMPLE tag=grid64_d8_s303 mode=exact-backoff rep=15 ms=0.902432
SAMPLE tag=grid64_d8_s303 mode=exact-backoff rep=16 ms=0.903296
SAMPLE tag=grid64_d8_s303 mode=exact-backoff rep=17 ms=0.902912
SAMPLE tag=grid64_d8_s303 mode=exact-backoff rep=18 ms=0.902144
SAMPLE tag=grid64_d8_s303 mode=exact-backoff rep=19 ms=0.904576
SAMPLE tag=grid64_d8_s303 mode=exact-backoff rep=20 ms=0.904256
SAMPLE tag=grid64_d8_s303 mode=exact-backoff rep=21 ms=0.902400
SAMPLE tag=grid64_d8_s303 mode=exact-backoff rep=22 ms=0.903104
SAMPLE tag=grid64_d8_s303 mode=exact-backoff rep=23 ms=0.903296
SAMPLE tag=grid64_d8_s303 mode=exact-backoff rep=24 ms=0.903648
SAMPLE tag=grid64_d8_s303 mode=exact-backoff rep=25 ms=0.904320
SAMPLE tag=grid64_d8_s303 mode=exact-backoff rep=26 ms=0.902720
SAMPLE tag=grid64_d8_s303 mode=exact-backoff rep=27 ms=0.902816
SAMPLE tag=grid64_d8_s303 mode=exact-backoff rep=28 ms=0.902432
SAMPLE tag=grid64_d8_s303 mode=exact-backoff rep=29 ms=0.904640
SAMPLE tag=grid64_d8_s303 mode=exact-backoff rep=30 ms=0.902656
exact-backoff             0.90330      0.90214       PASS
BRACKET floor=1.40854 ceiling=0.89734 space=36.293% impl=interval-backoff impl_ms=0.90198 captured=35.963% of_space=99.1%
SUMMARY_PILOT semantics=2 tag=grid64_d8_s303 structure=interval degree=8 eff_degree=8.00 tightness=1.0000 producers=64 consumers=64 threads=128 sms=148 producer_occ=16 consumer_occ=10 trigger_floor=ready trigger_impl=entry trigger_ceiling=entry ready=400000 tail=1000000 prologue=200000 epilogue=1000000 skew_bins=8 repeats=31 floor_ms=1.408544 ceiling_ms=0.897344 interval_spin_ms=0.900800 interval_backoff_ms=0.901984 exact_backoff_ms=0.903296 impl=interval-backoff impl_ms=0.901984 space_pct=36.2928 captured_pct=35.9634 of_space_pct=99.092 valid=1
