tag,kernel_id,block_id,sm_id,t_launch,t_dep_satisfied,t_end
trace_random,0,0,142,1785763601146720864,1785763601146720864,1785763601146825376
trace_random,0,1,143,1785763601146720864,1785763601146720864,1785763601146825280
trace_random,0,2,144,1785763601146720864,1785763601146720864,1785763601146825248
trace_random,0,3,145,1785763601146720864,1785763601146720864,1785763601146825248
trace_random,0,4,146,1785763601146720832,1785763601146720832,1785763601146825216
trace_random,0,5,147,1785763601146720832,1785763601146720832,1785763601146825248
trace_random,0,6,0,1785763601146720800,1785763601146720800,1785763601146825184
trace_random,0,7,1,1785763601146720832,1785763601146720832,1785763601146825184
trace_random,0,8,16,1785763601146720800,1785763601146720800,1785763601146825216
trace_random,0,9,17,1785763601146720832,1785763601146720832,1785763601146825216
trace_random,0,10,32,1785763601146720864,1785763601146720864,1785763601146825376
trace_random,0,11,33,1785763601146720864,1785763601146720864,1785763601146825248
trace_random,0,12,48,1785763601146720832,1785763601146720832,1785763601146825280
trace_random,0,13,49,1785763601146720864,1785763601146720864,1785763601146825280
trace_random,0,14,64,1785763601146720864,1785763601146720864,1785763601146825248
trace_random,0,15,65,1785763601146720832,1785763601146720832,1785763601146825248
trace_random,0,16,2,1785763601146720672,1785763601146720672,1785763601146825056
trace_random,0,17,3,1785763601146720704,1785763601146720704,1785763601146825088
trace_random,0,18,18,1785763601146720672,1785763601146720672,1785763601146825088
trace_random,0,19,19,1785763601146720672,1785763601146720672,1785763601146825088
trace_random,0,20,34,1785763601146720672,1785763601146720672,1785763601146825056
trace_random,0,21,35,1785763601146720672,1785763601146720672,1785763601146825088
trace_random,0,22,50,1785763601146720672,1785763601146720672,1785763601146825088
trace_random,0,23,51,1785763601146720704,1785763601146720704,1785763601146825088
trace_random,0,24,66,1785763601146720640,1785763601146720640,1785763601146825056
trace_random,0,25,67,1785763601146720672,1785763601146720672,1785763601146825088
trace_random,0,26,80,1785763601146720672,1785763601146720672,1785763601146825088
trace_random,0,27,81,1785763601146720704,1785763601146720704,1785763601146825088
trace_random,0,28,94,1785763601146720672,1785763601146720672,1785763601146825120
trace_random,0,29,95,1785763601146720704,1785763601146720704,1785763601146825088
trace_random,0,30,108,1785763601146720640,1785763601146720640,1785763601146825056
trace_random,0,31,109,1785763601146720672,1785763601146720672,1785763601146825056
trace_random,0,32,122,1785763601146720672,1785763601146720672,1785763601146825088
trace_random,0,33,123,1785763601146720704,1785763601146720704,1785763601146825088
trace_random,0,34,4,1785763601146720672,1785763601146720672,1785763601146825024
trace_random,0,35,5,1785763601146720672,1785763601146720672,1785763601146825024
trace_random,0,36,20,1785763601146720672,1785763601146720672,1785763601146825024
trace_random,0,37,21,1785763601146720672,1785763601146720672,1785763601146825056
trace_random,0,38,36,1785763601146720672,1785763601146720672,1785763601146825024
trace_random,0,39,37,1785763601146720672,1785763601146720672,1785763601146825056
trace_random,0,40,52,1785763601146720704,1785763601146720704,1785763601146825056
trace_random,0,41,53,1785763601146720704,1785763601146720704,1785763601146825088
trace_random,0,42,68,1785763601146720640,1785763601146720640,1785763601146825024
trace_random,0,43,69,1785763601146720672,1785763601146720672,1785763601146825024
trace_random,0,44,82,1785763601146720672,1785763601146720672,1785763601146825056
trace_random,0,45,83,1785763601146720704,1785763601146720704,1785763601146825088
trace_random,0,46,96,1785763601146720672,1785763601146720672,1785763601146825088
trace_random,0,47,97,1785763601146720736,1785763601146720736,1785763601146825056
trace_random,0,48,110,1785763601146720672,1785763601146720672,1785763601146825056
trace_random,0,49,111,1785763601146720704,1785763601146720704,1785763601146825088
trace_random,0,50,124,1785763601146720672,1785763601146720672,1785763601146825024
trace_random,0,51,125,1785763601146720704,1785763601146720704,1785763601146825024
trace_random,0,52,6,1785763601146720672,1785763601146720672,1785763601146824288
trace_random,0,53,7,1785763601146720704,1785763601146720704,1785763601146824256
trace_random,0,54,22,1785763601146720672,1785763601146720672,1785763601146824256
trace_random,0,55,23,1785763601146720704,1785763601146720704,1785763601146824256
trace_random,0,56,38,1785763601146720672,1785763601146720672,1785763601146824288
trace_random,0,57,39,1785763601146720736,1785763601146720736,1785763601146824320
trace_random,0,58,54,1785763601146720672,1785763601146720672,1785763601146824288
trace_random,0,59,55,1785763601146720736,1785763601146720736,1785763601146824320
trace_random,0,60,70,1785763601146720672,1785763601146720672,1785763601146824224
trace_random,0,61,71,1785763601146720672,1785763601146720672,1785763601146824320
trace_random,0,62,84,1785763601146720672,1785763601146720672,1785763601146824256
trace_random,0,63,85,1785763601146720736,1785763601146720736,1785763601146824256
trace_random,0,64,98,1785763601146720672,1785763601146720672,1785763601146824288
trace_random,0,65,99,1785763601146720704,1785763601146720704,1785763601146824256
trace_random,0,66,112,1785763601146720640,1785763601146720640,1785763601146824256
trace_random,0,67,113,1785763601146720672,1785763601146720672,1785763601146824256
trace_random,0,68,126,1785763601146720672,1785763601146720672,1785763601146824256
trace_random,0,69,127,1785763601146720672,1785763601146720672,1785763601146824288
trace_random,0,70,8,1785763601146720832,1785763601146720832,1785763601146825248
trace_random,0,71,9,1785763601146720864,1785763601146720864,1785763601146825248
trace_random,0,72,24,1785763601146720800,1785763601146720800,1785763601146825088
trace_random,0,73,25,1785763601146720832,1785763601146720832,1785763601146825120
trace_random,0,74,40,1785763601146720864,1785763601146720864,1785763601146825152
trace_random,0,75,41,1785763601146720896,1785763601146720896,1785763601146825280
trace_random,0,76,56,1785763601146720832,1785763601146720832,1785763601146825152
trace_random,0,77,57,1785763601146720864,1785763601146720864,1785763601146825152
trace_random,0,78,72,1785763601146720864,1785763601146720864,1785763601146825248
trace_random,0,79,73,1785763601146720832,1785763601146720832,1785763601146825088
trace_random,0,80,86,1785763601146720864,1785763601146720864,1785763601146825152
trace_random,0,81,87,1785763601146720864,1785763601146720864,1785763601146825152
trace_random,0,82,100,1785763601146720864,1785763601146720864,1785763601146825216
trace_random,0,83,101,1785763601146720864,1785763601146720864,1785763601146825184
trace_random,0,84,114,1785763601146720864,1785763601146720864,1785763601146825152
trace_random,0,85,115,1785763601146720896,1785763601146720896,1785763601146825312
trace_random,0,86,128,1785763601146720864,1785763601146720864,1785763601146825152
trace_random,0,87,129,1785763601146720832,1785763601146720832,1785763601146825120
trace_random,0,88,10,1785763601146720672,1785763601146720672,1785763601146824896
trace_random,0,89,11,1785763601146720704,1785763601146720704,1785763601146824896
trace_random,0,90,26,1785763601146720672,1785763601146720672,1785763601146824864
trace_random,0,91,27,1785763601146720704,1785763601146720704,1785763601146824864
trace_random,0,92,42,1785763601146720672,1785763601146720672,1785763601146824864
trace_random,0,93,43,1785763601146720704,1785763601146720704,1785763601146824896
trace_random,0,94,58,1785763601146720672,1785763601146720672,1785763601146824928
trace_random,0,95,59,1785763601146720736,1785763601146720736,1785763601146824928
trace_random,0,96,74,1785763601146720672,1785763601146720672,1785763601146824864
trace_random,0,97,75,1785763601146720704,1785763601146720704,1785763601146824864
trace_random,0,98,88,1785763601146720672,1785763601146720672,1785763601146824896
trace_random,0,99,89,1785763601146720704,1785763601146720704,1785763601146824896
trace_random,0,100,102,1785763601146720704,1785763601146720704,1785763601146824896
trace_random,0,101,103,1785763601146720704,1785763601146720704,1785763601146824928
trace_random,0,102,116,1785763601146720672,1785763601146720672,1785763601146824928
trace_random,0,103,117,1785763601146720736,1785763601146720736,1785763601146824928
trace_random,0,104,130,1785763601146720640,1785763601146720640,1785763601146824864
trace_random,0,105,131,1785763601146720672,1785763601146720672,1785763601146824864
trace_random,0,106,136,1785763601146720672,1785763601146720672,1785763601146824864
trace_random,0,107,137,1785763601146720704,1785763601146720704,1785763601146824864
trace_random,0,108,142,1785763601146720832,1785763601146720832,1785763601146825248
trace_random,0,109,143,1785763601146720896,1785763601146720896,1785763601146825280
trace_random,0,110,144,1785763601146720896,1785763601146720896,1785763601146825248
trace_random,0,111,145,1785763601146720896,1785763601146720896,1785763601146825280
trace_random,0,112,146,1785763601146720864,1785763601146720864,1785763601146825216
trace_random,0,113,147,1785763601146720864,1785763601146720864,1785763601146825248
trace_random,0,114,12,1785763601146720832,1785763601146720832,1785763601146824800
trace_random,0,115,13,1785763601146720800,1785763601146720800,1785763601146824768
trace_random,0,116,28,1785763601146720832,1785763601146720832,1785763601146824800
trace_random,0,117,29,1785763601146720864,1785763601146720864,1785763601146824928
trace_random,0,118,44,1785763601146720864,1785763601146720864,1785763601146824800
trace_random,0,119,45,1785763601146720832,1785763601146720832,1785763601146824768
trace_random,0,120,60,1785763601146720864,1785763601146720864,1785763601146824800
trace_random,0,121,61,1785763601146720864,1785763601146720864,1785763601146824800
trace_random,0,122,76,1785763601146720832,1785763601146720832,1785763601146824896
trace_random,0,123,77,1785763601146720832,1785763601146720832,1785763601146824768
trace_random,0,124,90,1785763601146720832,1785763601146720832,1785763601146824800
trace_random,0,125,91,1785763601146720832,1785763601146720832,1785763601146824768
trace_random,0,126,104,1785763601146720864,1785763601146720864,1785763601146824800
trace_random,0,127,105,1785763601146720864,1785763601146720864,1785763601146824832
trace_random,0,128,118,1785763601146720896,1785763601146720896,1785763601146824800
trace_random,0,129,119,1785763601146720864,1785763601146720864,1785763601146824800
trace_random,0,130,132,1785763601146720800,1785763601146720800,1785763601146824736
trace_random,0,131,133,1785763601146720800,1785763601146720800,1785763601146824672
trace_random,0,132,138,1785763601146720864,1785763601146720864,1785763601146824672
trace_random,0,133,139,1785763601146720832,1785763601146720832,1785763601146824768
trace_random,0,134,14,1785763601146720800,1785763601146720800,1785763601146825056
trace_random,0,135,15,1785763601146720800,1785763601146720800,1785763601146825056
trace_random,0,136,30,1785763601146720832,1785763601146720832,1785763601146825088
trace_random,0,137,31,1785763601146720832,1785763601146720832,1785763601146825088
trace_random,0,138,46,1785763601146720832,1785763601146720832,1785763601146825056
trace_random,0,139,47,1785763601146720832,1785763601146720832,1785763601146825088
trace_random,0,140,62,1785763601146720864,1785763601146720864,1785763601146825088
trace_random,0,141,63,1785763601146720864,1785763601146720864,1785763601146825120
trace_random,0,142,78,1785763601146720800,1785763601146720800,1785763601146825056
trace_random,0,143,79,1785763601146720800,1785763601146720800,1785763601146825088
trace_random,0,144,92,1785763601146720800,1785763601146720800,1785763601146825088
trace_random,0,145,93,1785763601146720864,1785763601146720864,1785763601146825088
trace_random,0,146,106,1785763601146720832,1785763601146720832,1785763601146825088
trace_random,0,147,107,1785763601146720896,1785763601146720896,1785763601146825120
trace_random,0,148,120,1785763601146720896,1785763601146720896,1785763601146825120
trace_random,0,149,121,1785763601146720864,1785763601146720864,1785763601146825120
trace_random,0,150,134,1785763601146720800,1785763601146720800,1785763601146824928
trace_random,0,151,135,1785763601146720864,1785763601146720864,1785763601146824960
trace_random,0,152,140,1785763601146720864,1785763601146720864,1785763601146825248
trace_random,0,153,141,1785763601146720864,1785763601146720864,1785763601146824992
trace_random,0,154,0,1785763601146720800,1785763601146720800,1785763601146825184
trace_random,0,155,1,1785763601146720832,1785763601146720832,1785763601146825152
trace_random,0,156,16,1785763601146720832,1785763601146720832,1785763601146825248
trace_random,0,157,17,1785763601146720832,1785763601146720832,1785763601146825248
trace_random,0,158,32,1785763601146720832,1785763601146720832,1785763601146825216
trace_random,0,159,33,1785763601146720864,1785763601146720864,1785763601146825248
trace_random,0,160,48,1785763601146720864,1785763601146720864,1785763601146825248
trace_random,0,161,49,1785763601146720832,1785763601146720832,1785763601146825408
trace_random,0,162,64,1785763601146720832,1785763601146720832,1785763601146825248
trace_random,0,163,65,1785763601146720832,1785763601146720832,1785763601146825248
trace_random,0,164,2,1785763601146720640,1785763601146720640,1785763601146825088
trace_random,0,165,3,1785763601146720704,1785763601146720704,1785763601146825088
trace_random,0,166,18,1785763601146720672,1785763601146720672,1785763601146825120
trace_random,0,167,19,1785763601146720704,1785763601146720704,1785763601146825088
trace_random,0,168,34,1785763601146720640,1785763601146720640,1785763601146825056
trace_random,0,169,35,1785763601146720704,1785763601146720704,1785763601146825088
trace_random,0,170,50,1785763601146720704,1785763601146720704,1785763601146825088
trace_random,0,171,51,1785763601146720736,1785763601146720736,1785763601146825088
trace_random,0,172,66,1785763601146720640,1785763601146720640,1785763601146825056
trace_random,0,173,67,1785763601146720704,1785763601146720704,1785763601146825088
trace_random,0,174,80,1785763601146720704,1785763601146720704,1785763601146825088
trace_random,0,175,81,1785763601146720704,1785763601146720704,1785763601146825088
trace_random,0,176,94,1785763601146720672,1785763601146720672,1785763601146825088
trace_random,0,177,95,1785763601146720736,1785763601146720736,1785763601146825088
trace_random,0,178,108,1785763601146720640,1785763601146720640,1785763601146825056
trace_random,0,179,109,1785763601146720672,1785763601146720672,1785763601146825056
trace_random,0,180,122,1785763601146720672,1785763601146720672,1785763601146825088
trace_random,0,181,123,1785763601146720704,1785763601146720704,1785763601146825088
trace_random,0,182,4,1785763601146720640,1785763601146720640,1785763601146825024
trace_random,0,183,5,1785763601146720672,1785763601146720672,1785763601146825024
trace_random,0,184,20,1785763601146720640,1785763601146720640,1785763601146825024
trace_random,0,185,21,1785763601146720704,1785763601146720704,1785763601146825088
trace_random,0,186,36,1785763601146720672,1785763601146720672,1785763601146825024
trace_random,0,187,37,1785763601146720704,1785763601146720704,1785763601146825024
trace_random,0,188,52,1785763601146720672,1785763601146720672,1785763601146825056
trace_random,0,189,53,1785763601146720736,1785763601146720736,1785763601146825088
trace_random,0,190,68,1785763601146720640,1785763601146720640,1785763601146825024
trace_random,0,191,69,1785763601146720672,1785763601146720672,1785763601146825024
trace_random,0,192,82,1785763601146720672,1785763601146720672,1785763601146825056
trace_random,0,193,83,1785763601146720704,1785763601146720704,1785763601146825088
trace_random,0,194,96,1785763601146720704,1785763601146720704,1785763601146825088
trace_random,0,195,97,1785763601146720704,1785763601146720704,1785763601146825056
trace_random,0,196,110,1785763601146720704,1785763601146720704,1785763601146825024
trace_random,0,197,111,1785763601146720704,1785763601146720704,1785763601146825088
trace_random,0,198,124,1785763601146720672,1785763601146720672,1785763601146825024
trace_random,0,199,125,1785763601146720704,1785763601146720704,1785763601146825056
trace_random,0,200,6,1785763601146720672,1785763601146720672,1785763601146824320
trace_random,0,201,7,1785763601146720704,1785763601146720704,1785763601146824256
trace_random,0,202,22,1785763601146720672,1785763601146720672,1785763601146824256
trace_random,0,203,23,1785763601146720704,1785763601146720704,1785763601146824256
trace_random,0,204,38,1785763601146720704,1785763601146720704,1785763601146824320
trace_random,0,205,39,1785763601146720704,1785763601146720704,1785763601146824320
trace_random,0,206,54,1785763601146720704,1785763601146720704,1785763601146824288
trace_random,0,207,55,1785763601146720704,1785763601146720704,1785763601146824320
trace_random,0,208,70,1785763601146720672,1785763601146720672,1785763601146824256
trace_random,0,209,71,1785763601146720704,1785763601146720704,1785763601146824320
trace_random,0,210,84,1785763601146720672,1785763601146720672,1785763601146824256
trace_random,0,211,85,1785763601146720704,1785763601146720704,1785763601146824288
trace_random,0,212,98,1785763601146720704,1785763601146720704,1785763601146824288
trace_random,0,213,99,1785763601146720704,1785763601146720704,1785763601146824256
trace_random,0,214,112,1785763601146720640,1785763601146720640,1785763601146824256
trace_random,0,215,113,1785763601146720672,1785763601146720672,1785763601146824256
trace_random,0,216,126,1785763601146720672,1785763601146720672,1785763601146824256
trace_random,0,217,127,1785763601146720704,1785763601146720704,1785763601146824320
trace_random,0,218,8,1785763601146720800,1785763601146720800,1785763601146825088
trace_random,0,219,9,1785763601146720832,1785763601146720832,1785763601146825088
trace_random,0,220,24,1785763601146720832,1785763601146720832,1785763601146825120
trace_random,0,221,25,1785763601146720832,1785763601146720832,1785763601146825120
trace_random,0,222,40,1785763601146720896,1785763601146720896,1785763601146825152
trace_random,0,223,41,1785763601146720864,1785763601146720864,1785763601146825120
trace_random,0,224,56,1785763601146720864,1785763601146720864,1785763601146825152
trace_random,0,225,57,1785763601146720896,1785763601146720896,1785763601146825184
trace_random,0,226,72,1785763601146720800,1785763601146720800,1785763601146825088
trace_random,0,227,73,1785763601146720864,1785763601146720864,1785763601146825088
trace_random,0,228,86,1785763601146720864,1785763601146720864,1785763601146825152
trace_random,0,229,87,1785763601146720832,1785763601146720832,1785763601146825152
trace_random,0,230,100,1785763601146720832,1785763601146720832,1785763601146825344
trace_random,0,231,101,1785763601146720864,1785763601146720864,1785763601146825152
trace_random,0,232,114,1785763601146720896,1785763601146720896,1785763601146825184
trace_random,0,233,115,1785763601146720864,1785763601146720864,1785763601146825152
trace_random,0,234,128,1785763601146720864,1785763601146720864,1785763601146825152
trace_random,0,235,129,1785763601146720864,1785763601146720864,1785763601146825120
trace_random,0,236,142,1785763601146720864,1785763601146720864,1785763601146825248
trace_random,0,237,143,1785763601146720864,1785763601146720864,1785763601146825280
trace_random,0,238,144,1785763601146720864,1785763601146720864,1785763601146825280
trace_random,0,239,145,1785763601146720864,1785763601146720864,1785763601146825248
trace_random,0,240,146,1785763601146720832,1785763601146720832,1785763601146825376
trace_random,0,241,147,1785763601146720832,1785763601146720832,1785763601146825248
trace_random,0,242,10,1785763601146720672,1785763601146720672,1785763601146824864
trace_random,0,243,11,1785763601146720704,1785763601146720704,1785763601146824896
trace_random,0,244,26,1785763601146720672,1785763601146720672,1785763601146824896
trace_random,0,245,27,1785763601146720704,1785763601146720704,1785763601146824896
trace_random,0,246,42,1785763601146720640,1785763601146720640,1785763601146824864
trace_random,0,247,43,1785763601146720704,1785763601146720704,1785763601146824928
trace_random,0,248,58,1785763601146720672,1785763601146720672,1785763601146824928
trace_random,0,249,59,1785763601146720768,1785763601146720768,1785763601146824928
trace_random,0,250,74,1785763601146720640,1785763601146720640,1785763601146824864
trace_random,0,251,75,1785763601146720704,1785763601146720704,1785763601146824864
trace_random,0,252,88,1785763601146720672,1785763601146720672,1785763601146824864
trace_random,0,253,89,1785763601146720736,1785763601146720736,1785763601146824928
trace_random,0,254,102,1785763601146720704,1785763601146720704,1785763601146824896
trace_random,0,255,103,1785763601146720736,1785763601146720736,1785763601146824928
trace_random,0,256,116,1785763601146720704,1785763601146720704,1785763601146824896
trace_random,0,257,117,1785763601146720704,1785763601146720704,1785763601146824928
trace_random,0,258,130,1785763601146720640,1785763601146720640,1785763601146824864
trace_random,0,259,131,1785763601146720672,1785763601146720672,1785763601146824864
trace_random,0,260,136,1785763601146720640,1785763601146720640,1785763601146824896
trace_random,0,261,137,1785763601146720704,1785763601146720704,1785763601146824864
trace_random,0,262,12,1785763601146720832,1785763601146720832,1785763601146824800
trace_random,0,263,13,1785763601146720832,1785763601146720832,1785763601146824768
trace_random,0,264,28,1785763601146720864,1785763601146720864,1785763601146824800
trace_random,0,265,29,1785763601146720800,1785763601146720800,1785763601146824800
trace_random,0,266,44,1785763601146720896,1785763601146720896,1785763601146824800
trace_random,0,267,45,1785763601146720864,1785763601146720864,1785763601146824768
trace_random,0,268,60,1785763601146720864,1785763601146720864,1785763601146824832
trace_random,0,269,61,1785763601146720896,1785763601146720896,1785763601146824800
trace_random,0,270,76,1785763601146720800,1785763601146720800,1785763601146824736
trace_random,0,271,77,1785763601146720800,1785763601146720800,1785763601146824896
trace_random,0,272,90,1785763601146720864,1785763601146720864,1785763601146824800
trace_random,0,273,91,1785763601146720864,1785763601146720864,1785763601146824800
trace_random,0,274,104,1785763601146720896,1785763601146720896,1785763601146824800
trace_random,0,275,105,1785763601146720864,1785763601146720864,1785763601146824800
trace_random,0,276,118,1785763601146720864,1785763601146720864,1785763601146824800
trace_random,0,277,119,1785763601146720896,1785763601146720896,1785763601146824800
trace_random,0,278,132,1785763601146720832,1785763601146720832,1785763601146824736
trace_random,0,279,133,1785763601146720832,1785763601146720832,1785763601146824640
trace_random,0,280,138,1785763601146720832,1785763601146720832,1785763601146824672
trace_random,0,281,139,1785763601146720832,1785763601146720832,1785763601146824768
trace_random,0,282,14,1785763601146720800,1785763601146720800,1785763601146825088
trace_random,0,283,15,1785763601146720832,1785763601146720832,1785763601146825056
trace_random,0,284,30,1785763601146720832,1785763601146720832,1785763601146825088
trace_random,0,285,31,1785763601146720832,1785763601146720832,1785763601146825088
trace_random,0,286,46,1785763601146720864,1785763601146720864,1785763601146825088
trace_random,0,287,47,1785763601146720864,1785763601146720864,1785763601146825088
trace_random,0,288,62,1785763601146720864,1785763601146720864,1785763601146825088
trace_random,0,289,63,1785763601146720896,1785763601146720896,1785763601146825120
trace_random,0,290,78,1785763601146720800,1785763601146720800,1785763601146825056
trace_random,0,291,79,1785763601146720832,1785763601146720832,1785763601146825088
trace_random,0,292,92,1785763601146720832,1785763601146720832,1785763601146825088
trace_random,0,293,93,1785763601146720864,1785763601146720864,1785763601146825088
trace_random,0,294,106,1785763601146720864,1785763601146720864,1785763601146825088
trace_random,0,295,107,1785763601146720864,1785763601146720864,1785763601146825120
trace_random,0,296,120,1785763601146720864,1785763601146720864,1785763601146825088
trace_random,0,297,121,1785763601146720896,1785763601146720896,1785763601146825152
trace_random,0,298,134,1785763601146720832,1785763601146720832,1785763601146824928
trace_random,0,299,135,1785763601146720800,1785763601146720800,1785763601146824960
trace_random,0,300,140,1785763601146720832,1785763601146720832,1785763601146825056
trace_random,0,301,141,1785763601146720864,1785763601146720864,1785763601146824960
trace_random,0,302,0,1785763601146720832,1785763601146720832,1785763601146825184
trace_random,0,303,1,1785763601146720800,1785763601146720800,1785763601146825184
trace_random,0,304,16,1785763601146720832,1785763601146720832,1785763601146825216
trace_random,0,305,17,1785763601146720800,1785763601146720800,1785763601146825248
trace_random,0,306,32,1785763601146720864,1785763601146720864,1785763601146825216
trace_random,0,307,33,1785763601146720832,1785763601146720832,1785763601146825248
trace_random,0,308,48,1785763601146720896,1785763601146720896,1785763601146825248
trace_random,0,309,49,1785763601146720864,1785763601146720864,1785763601146825280
trace_random,0,310,64,1785763601146720832,1785763601146720832,1785763601146825248
trace_random,0,311,65,1785763601146720864,1785763601146720864,1785763601146825248
trace_random,0,312,2,1785763601146720704,1785763601146720704,1785763601146825088
trace_random,0,313,3,1785763601146720672,1785763601146720672,1785763601146825088
trace_random,0,314,18,1785763601146720672,1785763601146720672,1785763601146825088
trace_random,0,315,19,1785763601146720672,1785763601146720672,1785763601146825088
trace_random,0,316,34,1785763601146720704,1785763601146720704,1785763601146825056
trace_random,0,317,35,1785763601146720704,1785763601146720704,1785763601146825088
trace_random,0,318,50,1785763601146720704,1785763601146720704,1785763601146825088
trace_random,0,319,51,1785763601146720704,1785763601146720704,1785763601146825120
trace_random,0,320,66,1785763601146720704,1785763601146720704,1785763601146825056
trace_random,0,321,67,1785763601146720704,1785763601146720704,1785763601146825088
trace_random,0,322,80,1785763601146720704,1785763601146720704,1785763601146825088
trace_random,0,323,81,1785763601146720672,1785763601146720672,1785763601146825088
trace_random,0,324,94,1785763601146720704,1785763601146720704,1785763601146825088
trace_random,0,325,95,1785763601146720672,1785763601146720672,1785763601146825120
trace_random,0,326,108,1785763601146720672,1785763601146720672,1785763601146825056
trace_random,0,327,109,1785763601146720704,1785763601146720704,1785763601146825056
trace_random,0,328,122,1785763601146720704,1785763601146720704,1785763601146825088
trace_random,0,329,123,1785763601146720672,1785763601146720672,1785763601146825088
trace_random,0,330,4,1785763601146720704,1785763601146720704,1785763601146825024
trace_random,0,331,5,1785763601146720704,1785763601146720704,1785763601146825024
trace_random,0,332,20,1785763601146720704,1785763601146720704,1785763601146825024
trace_random,0,333,21,1785763601146720672,1785763601146720672,1785763601146825088
trace_random,0,334,36,1785763601146720704,1785763601146720704,1785763601146825024
trace_random,0,335,37,1785763601146720704,1785763601146720704,1785763601146825024
trace_random,0,336,52,1785763601146720704,1785763601146720704,1785763601146825056
trace_random,0,337,53,1785763601146720704,1785763601146720704,1785763601146825088
trace_random,0,338,68,1785763601146720704,1785763601146720704,1785763601146825024
trace_random,0,339,69,1785763601146720704,1785763601146720704,1785763601146825024
trace_random,0,340,82,1785763601146720704,1785763601146720704,1785763601146825088
trace_random,0,341,83,1785763601146720672,1785763601146720672,1785763601146825088
trace_random,0,342,96,1785763601146720704,1785763601146720704,1785763601146825088
trace_random,0,343,97,1785763601146720672,1785763601146720672,1785763601146825056
trace_random,0,344,110,1785763601146720704,1785763601146720704,1785763601146825024
trace_random,0,345,111,1785763601146720672,1785763601146720672,1785763601146825088
trace_random,0,346,124,1785763601146720704,1785763601146720704,1785763601146825024
trace_random,0,347,125,1785763601146720672,1785763601146720672,1785763601146825024
trace_random,0,348,6,1785763601146720704,1785763601146720704,1785763601146824288
trace_random,0,349,7,1785763601146720672,1785763601146720672,1785763601146824256
trace_random,0,350,22,1785763601146720672,1785763601146720672,1785763601146824256
trace_random,0,351,23,1785763601146720672,1785763601146720672,1785763601146824256
trace_random,0,352,38,1785763601146720672,1785763601146720672,1785763601146824320
trace_random,0,353,39,1785763601146720736,1785763601146720736,1785763601146824320
trace_random,0,354,54,1785763601146720704,1785763601146720704,1785763601146824320
trace_random,0,355,55,1785763601146720672,1785763601146720672,1785763601146824320
trace_random,0,356,70,1785763601146720704,1785763601146720704,1785763601146824256
trace_random,0,357,71,1785763601146720672,1785763601146720672,1785763601146824288
trace_random,0,358,84,1785763601146720704,1785763601146720704,1785763601146824256
trace_random,0,359,85,1785763601146720672,1785763601146720672,1785763601146824288
trace_random,0,360,98,1785763601146720704,1785763601146720704,1785763601146824288
trace_random,0,361,99,1785763601146720672,1785763601146720672,1785763601146824256
trace_random,0,362,112,1785763601146720704,1785763601146720704,1785763601146824256
trace_random,0,363,113,1785763601146720704,1785763601146720704,1785763601146824224
trace_random,0,364,126,1785763601146720704,1785763601146720704,1785763601146824256
trace_random,0,365,127,1785763601146720672,1785763601146720672,1785763601146824320
trace_random,0,366,142,1785763601146720896,1785763601146720896,1785763601146825248
trace_random,0,367,143,1785763601146720896,1785763601146720896,1785763601146825280
trace_random,0,368,144,1785763601146720896,1785763601146720896,1785763601146825248
trace_random,0,369,145,1785763601146720896,1785763601146720896,1785763601146825280
trace_random,0,370,146,1785763601146720864,1785763601146720864,1785763601146825216
trace_random,0,371,147,1785763601146720864,1785763601146720864,1785763601146825376
trace_random,0,372,8,1785763601146720832,1785763601146720832,1785763601146825120
trace_random,0,373,9,1785763601146720832,1785763601146720832,1785763601146825088
trace_random,0,374,24,1785763601146720832,1785763601146720832,1785763601146825088
trace_random,0,375,25,1785763601146720864,1785763601146720864,1785763601146825152
trace_random,0,376,40,1785763601146720864,1785763601146720864,1785763601146825152
trace_random,0,377,41,1785763601146720864,1785763601146720864,1785763601146825120
trace_random,0,378,56,1785763601146720896,1785763601146720896,1785763601146825152
trace_random,0,379,57,1785763601146720832,1785763601146720832,1785763601146825184
trace_random,0,380,72,1785763601146720832,1785763601146720832,1785763601146825088
trace_random,0,381,73,1785763601146720832,1785763601146720832,1785763601146825088
trace_random,0,382,86,1785763601146720832,1785763601146720832,1785763601146825152
trace_random,0,383,87,1785763601146720864,1785763601146720864,1785763601146825152
trace_random,0,384,100,1785763601146720864,1785763601146720864,1785763601146825184
trace_random,0,385,101,1785763601146720896,1785763601146720896,1785763601146825184
trace_random,0,386,114,1785763601146720864,1785763601146720864,1785763601146825152
trace_random,0,387,115,1785763601146720896,1785763601146720896,1785763601146825184
trace_random,0,388,128,1785763601146720832,1785763601146720832,1785763601146825152
trace_random,0,389,129,1785763601146720864,1785763601146720864,1785763601146825280
trace_random,0,390,10,1785763601146720704,1785763601146720704,1785763601146824864
trace_random,0,391,11,1785763601146720672,1785763601146720672,1785763601146824896
trace_random,0,392,26,1785763601146720672,1785763601146720672,1785763601146824864
trace_random,0,393,27,1785763601146720672,1785763601146720672,1785763601146824864
trace_random,0,394,42,1785763601146720704,1785763601146720704,1785763601146824864
trace_random,0,395,43,1785763601146720672,1785763601146720672,1785763601146824896
trace_random,0,396,58,1785763601146720704,1785763601146720704,1785763601146824928
trace_random,0,397,59,1785763601146720736,1785763601146720736,1785763601146824928
trace_random,0,398,74,1785763601146720704,1785763601146720704,1785763601146824864
trace_random,0,399,75,1785763601146720672,1785763601146720672,1785763601146824896
trace_random,0,400,88,1785763601146720704,1785763601146720704,1785763601146824896
trace_random,0,401,89,1785763601146720736,1785763601146720736,1785763601146824928
trace_random,0,402,102,1785763601146720672,1785763601146720672,1785763601146824896
trace_random,0,403,103,1785763601146720704,1785763601146720704,1785763601146825248
trace_random,0,404,116,1785763601146720704,1785763601146720704,1785763601146824896
trace_random,0,405,117,1785763601146720736,1785763601146720736,1785763601146824928
trace_random,0,406,130,1785763601146720672,1785763601146720672,1785763601146824896
trace_random,0,407,131,1785763601146720704,1785763601146720704,1785763601146824864
trace_random,0,408,136,1785763601146720704,1785763601146720704,1785763601146824864
trace_random,0,409,137,1785763601146720672,1785763601146720672,1785763601146824864
trace_random,0,410,12,1785763601146720800,1785763601146720800,1785763601146824800
trace_random,0,411,13,1785763601146720864,1785763601146720864,1785763601146824928
trace_random,0,412,28,1785763601146720832,1785763601146720832,1785763601146824800
trace_random,0,413,29,1785763601146720832,1785763601146720832,1785763601146824768
trace_random,0,414,44,1785763601146720864,1785763601146720864,1785763601146824800
trace_random,0,415,45,1785763601146720864,1785763601146720864,1785763601146824768
trace_random,0,416,60,1785763601146720896,1785763601146720896,1785763601146824800
trace_random,0,417,61,1785763601146720896,1785763601146720896,1785763601146824960
trace_random,0,418,76,1785763601146720832,1785763601146720832,1785763601146824736
trace_random,0,419,77,1785763601146720832,1785763601146720832,1785763601146824768
trace_random,0,420,90,1785763601146720832,1785763601146720832,1785763601146824800
trace_random,0,421,91,1785763601146720832,1785763601146720832,1785763601146824800
trace_random,0,422,104,1785763601146720864,1785763601146720864,1785763601146824800
trace_random,0,423,105,1785763601146720896,1785763601146720896,1785763601146824800
trace_random,0,424,118,1785763601146720896,1785763601146720896,1785763601146824800
trace_random,0,425,119,1785763601146720896,1785763601146720896,1785763601146824800
trace_random,0,426,132,1785763601146720832,1785763601146720832,1785763601146824736
trace_random,0,427,133,1785763601146720864,1785763601146720864,1785763601146824672
trace_random,0,428,138,1785763601146720864,1785763601146720864,1785763601146824672
trace_random,0,429,139,1785763601146720864,1785763601146720864,1785763601146824768
trace_random,0,430,14,1785763601146720832,1785763601146720832,1785763601146825088
trace_random,0,431,15,1785763601146720832,1785763601146720832,1785763601146825088
trace_random,0,432,30,1785763601146720800,1785763601146720800,1785763601146825088
trace_random,0,433,31,1785763601146720864,1785763601146720864,1785763601146825088
trace_random,0,434,46,1785763601146720832,1785763601146720832,1785763601146825088
trace_random,0,435,47,1785763601146720896,1785763601146720896,1785763601146825088
trace_random,0,436,62,1785763601146720896,1785763601146720896,1785763601146825088
trace_random,0,437,63,1785763601146720864,1785763601146720864,1785763601146825120
trace_random,0,438,78,1785763601146720832,1785763601146720832,1785763601146825056
trace_random,0,439,79,1785763601146720832,1785763601146720832,1785763601146825056
trace_random,0,440,92,1785763601146720864,1785763601146720864,1785763601146825056
trace_random,0,441,93,1785763601146720832,1785763601146720832,1785763601146825120
trace_random,0,442,106,1785763601146720896,1785763601146720896,1785763601146825088
trace_random,0,443,107,1785763601146720864,1785763601146720864,1785763601146825120
trace_random,0,444,120,1785763601146720896,1785763601146720896,1785763601146825088
trace_random,0,445,121,1785763601146720896,1785763601146720896,1785763601146825120
trace_random,0,446,134,1785763601146720832,1785763601146720832,1785763601146824928
trace_random,0,447,135,1785763601146720832,1785763601146720832,1785763601146824960
trace_random,0,448,140,1785763601146720864,1785763601146720864,1785763601146825056
trace_random,0,449,141,1785763601146720832,1785763601146720832,1785763601146824960
trace_random,0,450,0,1785763601146720864,1785763601146720864,1785763601146825312
trace_random,0,451,1,1785763601146720864,1785763601146720864,1785763601146825312
trace_random,0,452,16,1785763601146720864,1785763601146720864,1785763601146825376
trace_random,0,453,17,1785763601146720864,1785763601146720864,1785763601146825376
trace_random,0,454,32,1785763601146720864,1785763601146720864,1785763601146825376
trace_random,0,455,33,1785763601146720896,1785763601146720896,1785763601146825248
trace_random,0,456,48,1785763601146720896,1785763601146720896,1785763601146825280
trace_random,0,457,49,1785763601146720896,1785763601146720896,1785763601146825440
trace_random,0,458,64,1785763601146720864,1785763601146720864,1785763601146825376
trace_random,0,459,65,1785763601146720864,1785763601146720864,1785763601146825376
trace_random,0,460,2,1785763601146720736,1785763601146720736,1785763601146825376
trace_random,0,461,3,1785763601146720736,1785763601146720736,1785763601146825088
trace_random,0,462,18,1785763601146720736,1785763601146720736,1785763601146825408
trace_random,0,463,19,1785763601146720736,1785763601146720736,1785763601146825408
trace_random,0,464,34,1785763601146720736,1785763601146720736,1785763601146825376
trace_random,0,465,35,1785763601146720736,1785763601146720736,1785763601146825376
trace_random,0,466,50,1785763601146720736,1785763601146720736,1785763601146825088
trace_random,0,467,51,1785763601146720736,1785763601146720736,1785763601146825440
trace_random,0,468,66,1785763601146720704,1785763601146720704,1785763601146825376
trace_random,0,469,67,1785763601146720736,1785763601146720736,1785763601146825088
trace_random,0,470,80,1785763601146720736,1785763601146720736,1785763601146825088
trace_random,0,471,81,1785763601146720736,1785763601146720736,1785763601146825376
trace_random,0,472,94,1785763601146720736,1785763601146720736,1785763601146825088
trace_random,0,473,95,1785763601146720736,1785763601146720736,1785763601146825088
trace_random,0,474,108,1785763601146720704,1785763601146720704,1785763601146825344
trace_random,0,475,109,1785763601146720736,1785763601146720736,1785763601146825376
trace_random,0,476,122,1785763601146720736,1785763601146720736,1785763601146825376
trace_random,0,477,123,1785763601146720736,1785763601146720736,1785763601146825376
trace_random,0,478,4,1785763601146720736,1785763601146720736,1785763601146825312
trace_random,0,479,5,1785763601146720736,1785763601146720736,1785763601146825312
trace_random,0,480,20,1785763601146720736,1785763601146720736,1785763601146825312
trace_random,0,481,21,1785763601146720736,1785763601146720736,1785763601146825376
trace_random,0,482,36,1785763601146720736,1785763601146720736,1785763601146825312
trace_random,0,483,37,1785763601146720736,1785763601146720736,1785763601146825344
trace_random,0,484,52,1785763601146720736,1785763601146720736,1785763601146825056
trace_random,0,485,53,1785763601146720736,1785763601146720736,1785763601146825088
trace_random,0,486,68,1785763601146720736,1785763601146720736,1785763601146825312
trace_random,0,487,69,1785763601146720736,1785763601146720736,1785763601146825312
trace_random,0,488,82,1785763601146720736,1785763601146720736,1785763601146825056
trace_random,0,489,83,1785763601146720736,1785763601146720736,1785763601146825376
trace_random,0,490,96,1785763601146720736,1785763601146720736,1785763601146825088
trace_random,0,491,97,1785763601146720736,1785763601146720736,1785763601146825376
trace_random,0,492,110,1785763601146720736,1785763601146720736,1785763601146825344
trace_random,0,493,111,1785763601146720736,1785763601146720736,1785763601146825376
trace_random,0,494,124,1785763601146720736,1785763601146720736,1785763601146825344
trace_random,0,495,125,1785763601146720736,1785763601146720736,1785763601146825344
trace_random,0,496,142,1785763601146720896,1785763601146720896,1785763601146825376
trace_random,0,497,143,1785763601146720896,1785763601146720896,1785763601146825440
trace_random,0,498,144,1785763601146720896,1785763601146720896,1785763601146825408
trace_random,0,499,145,1785763601146720896,1785763601146720896,1785763601146825408
trace_random,0,500,146,1785763601146720896,1785763601146720896,1785763601146825376
trace_random,0,501,147,1785763601146720896,1785763601146720896,1785763601146825408
trace_random,0,502,6,1785763601146720736,1785763601146720736,1785763601146824288
trace_random,0,503,7,1785763601146720736,1785763601146720736,1785763601146824544
trace_random,0,504,22,1785763601146720736,1785763601146720736,1785763601146824544
trace_random,0,505,23,1785763601146720736,1785763601146720736,1785763601146824544
trace_random,0,506,38,1785763601146720736,1785763601146720736,1785763601146824320
trace_random,0,507,39,1785763601146720736,1785763601146720736,1785763601146824320
trace_random,0,508,54,1785763601146720736,1785763601146720736,1785763601146824320
trace_random,0,509,55,1785763601146720736,1785763601146720736,1785763601146824608
trace_random,0,510,70,1785763601146720736,1785763601146720736,1785763601146824544
trace_random,0,511,71,1785763601146720736,1785763601146720736,1785763601146824288
trace_random,0,512,84,1785763601146720736,1785763601146720736,1785763601146824288
trace_random,0,513,85,1785763601146720736,1785763601146720736,1785763601146824576
trace_random,0,514,98,1785763601146720736,1785763601146720736,1785763601146824288
trace_random,0,515,99,1785763601146720736,1785763601146720736,1785763601146824544
trace_random,0,516,112,1785763601146720736,1785763601146720736,1785763601146824512
trace_random,0,517,113,1785763601146720736,1785763601146720736,1785763601146824512
trace_random,0,518,126,1785763601146720736,1785763601146720736,1785763601146824544
trace_random,0,519,127,1785763601146720736,1785763601146720736,1785763601146824608
trace_random,0,520,8,1785763601146720864,1785763601146720864,1785763601146825120
trace_random,0,521,9,1785763601146720864,1785763601146720864,1785763601146825088
trace_random,0,522,24,1785763601146720864,1785763601146720864,1785763601146825248
trace_random,0,523,25,1785763601146720896,1785763601146720896,1785763601146825248
trace_random,0,524,40,1785763601146720896,1785763601146720896,1785763601146825152
trace_random,0,525,41,1785763601146720896,1785763601146720896,1785763601146825152
trace_random,0,526,56,1785763601146720896,1785763601146720896,1785763601146825280
trace_random,0,527,57,1785763601146720896,1785763601146720896,1785763601146825184
trace_random,0,528,72,1785763601146720864,1785763601146720864,1785763601146825216
trace_random,0,529,73,1785763601146720864,1785763601146720864,1785763601146825120
trace_random,0,530,86,1785763601146720896,1785763601146720896,1785763601146825152
trace_random,0,531,87,1785763601146720864,1785763601146720864,1785763601146825152
trace_random,0,532,100,1785763601146720896,1785763601146720896,1785763601146825344
trace_random,0,533,101,1785763601146720896,1785763601146720896,1785763601146825312
trace_random,0,534,114,1785763601146720896,1785763601146720896,1785763601146825280
trace_random,0,535,115,1785763601146720896,1785763601146720896,1785763601146825152
trace_random,0,536,128,1785763601146720896,1785763601146720896,1785763601146825248
trace_random,0,537,129,1785763601146720896,1785763601146720896,1785763601146825280
trace_random,0,538,10,1785763601146720736,1785763601146720736,1785763601146824864
trace_random,0,539,11,1785763601146720736,1785763601146720736,1785763601146824896
trace_random,0,540,26,1785763601146720736,1785763601146720736,1785763601146825152
trace_random,0,541,27,1785763601146720736,1785763601146720736,1785763601146825152
trace_random,0,542,42,1785763601146720736,1785763601146720736,1785763601146825152
trace_random,0,543,43,1785763601146720736,1785763601146720736,1785763601146825184
trace_random,0,544,58,1785763601146720736,1785763601146720736,1785763601146824928
trace_random,0,545,59,1785763601146720736,1785763601146720736,1785763601146824928
trace_random,0,546,74,1785763601146720736,1785763601146720736,1785763601146825184
trace_random,0,547,75,1785763601146720736,1785763601146720736,1785763601146825152
trace_random,0,548,88,1785763601146720736,1785763601146720736,1785763601146824864
trace_random,0,549,89,1785763601146720736,1785763601146720736,1785763601146825184
trace_random,0,550,102,1785763601146720736,1785763601146720736,1785763601146824896
trace_random,0,551,103,1785763601146720768,1785763601146720768,1785763601146824896
trace_random,0,552,116,1785763601146720736,1785763601146720736,1785763601146824928
trace_random,0,553,117,1785763601146720736,1785763601146720736,1785763601146824896
trace_random,0,554,130,1785763601146720704,1785763601146720704,1785763601146824864
trace_random,0,555,131,1785763601146720736,1785763601146720736,1785763601146825152
trace_random,0,556,136,1785763601146720736,1785763601146720736,1785763601146825152
trace_random,0,557,137,1785763601146720736,1785763601146720736,1785763601146825184
trace_random,0,558,12,1785763601146720864,1785763601146720864,1785763601146824800
trace_random,0,559,13,1785763601146720864,1785763601146720864,1785763601146824928
trace_random,0,560,28,1785763601146720864,1785763601146720864,1785763601146824960
trace_random,0,561,29,1785763601146720864,1785763601146720864,1785763601146824768
trace_random,0,562,44,1785763601146720896,1785763601146720896,1785763601146824800
trace_random,0,563,45,1785763601146720896,1785763601146720896,1785763601146824960
trace_random,0,564,60,1785763601146720896,1785763601146720896,1785763601146824832
trace_random,0,565,61,1785763601146720896,1785763601146720896,1785763601146824960
trace_random,0,566,76,1785763601146720832,1785763601146720832,1785763601146824896
trace_random,0,567,77,1785763601146720864,1785763601146720864,1785763601146824928
trace_random,0,568,90,1785763601146720896,1785763601146720896,1785763601146824800
trace_random,0,569,91,1785763601146720864,1785763601146720864,1785763601146824960
trace_random,0,570,104,1785763601146720896,1785763601146720896,1785763601146824960
trace_random,0,571,105,1785763601146720896,1785763601146720896,1785763601146824992
trace_random,0,572,118,1785763601146720928,1785763601146720928,1785763601146824960
trace_random,0,573,119,1785763601146720928,1785763601146720928,1785763601146824960
trace_random,0,574,132,1785763601146720864,1785763601146720864,1785763601146824896
trace_random,0,575,133,1785763601146720864,1785763601146720864,1785763601146824704
trace_random,0,576,138,1785763601146720896,1785763601146720896,1785763601146824704
trace_random,0,577,139,1785763601146720896,1785763601146720896,1785763601146824928
trace_random,0,578,14,1785763601146720832,1785763601146720832,1785763601146825248
trace_random,0,579,15,1785763601146720864,1785763601146720864,1785763601146825216
trace_random,0,580,30,1785763601146720896,1785763601146720896,1785763601146825248
trace_random,0,581,31,1785763601146720896,1785763601146720896,1785763601146825248
trace_random,0,582,46,1785763601146720896,1785763601146720896,1785763601146825216
trace_random,0,583,47,1785763601146720896,1785763601146720896,1785763601146825216
trace_random,0,584,62,1785763601146720896,1785763601146720896,1785763601146825248
trace_random,0,585,63,1785763601146720896,1785763601146720896,1785763601146825120
trace_random,0,586,78,1785763601146720864,1785763601146720864,1785763601146825184
trace_random,0,587,79,1785763601146720864,1785763601146720864,1785763601146825216
trace_random,0,588,92,1785763601146720896,1785763601146720896,1785763601146825248
trace_random,0,589,93,1785763601146720896,1785763601146720896,1785763601146825088
trace_random,0,590,106,1785763601146720896,1785763601146720896,1785763601146825248
trace_random,0,591,107,1785763601146720896,1785763601146720896,1785763601146825152
trace_random,0,592,120,1785763601146720896,1785763601146720896,1785763601146825088
trace_random,0,593,121,1785763601146720928,1785763601146720928,1785763601146825152
trace_random,0,594,134,1785763601146720864,1785763601146720864,1785763601146824960
trace_random,0,595,135,1785763601146720864,1785763601146720864,1785763601146824960
trace_random,0,596,140,1785763601146720896,1785763601146720896,1785763601146825248
trace_random,0,597,141,1785763601146720896,1785763601146720896,1785763601146824992
trace_random,0,598,0,1785763601146720864,1785763601146720864,1785763601146825312
trace_random,0,599,1,1785763601146720864,1785763601146720864,1785763601146825312
trace_random,0,600,16,1785763601146720864,1785763601146720864,1785763601146825376
trace_random,0,601,17,1785763601146720864,1785763601146720864,1785763601146825376
trace_random,0,602,32,1785763601146720896,1785763601146720896,1785763601146825824
trace_random,0,603,33,1785763601146720896,1785763601146720896,1785763601146825376
trace_random,0,604,48,1785763601146720896,1785763601146720896,1785763601146825376
trace_random,0,605,49,1785763601146720896,1785763601146720896,1785763601146825408
trace_random,0,606,64,1785763601146720864,1785763601146720864,1785763601146825408
trace_random,0,607,65,1785763601146720864,1785763601146720864,1785763601146825376
trace_random,0,608,2,1785763601146720736,1785763601146720736,1785763601146825376
trace_random,0,609,3,1785763601146720768,1785763601146720768,1785763601146825408
trace_random,0,610,18,1785763601146720736,1785763601146720736,1785763601146825376
trace_random,0,611,19,1785763601146720736,1785763601146720736,1785763601146825408
trace_random,0,612,34,1785763601146720736,1785763601146720736,1785763601146825376
trace_random,0,613,35,1785763601146720736,1785763601146720736,1785763601146825376
trace_random,0,614,50,1785763601146720736,1785763601146720736,1785763601146825408
trace_random,0,615,51,1785763601146720768,1785763601146720768,1785763601146825408
trace_random,0,616,66,1785763601146720736,1785763601146720736,1785763601146825376
trace_random,0,617,67,1785763601146720736,1785763601146720736,1785763601146825376
trace_random,0,618,80,1785763601146720736,1785763601146720736,1785763601146825408
trace_random,0,619,81,1785763601146720768,1785763601146720768,1785763601146825408
trace_random,0,620,94,1785763601146720736,1785763601146720736,1785763601146825408
trace_random,0,621,95,1785763601146720768,1785763601146720768,1785763601146825408
trace_random,0,622,108,1785763601146720736,1785763601146720736,1785763601146825344
trace_random,0,623,109,1785763601146720736,1785763601146720736,1785763601146825344
trace_random,0,624,122,1785763601146720736,1785763601146720736,1785763601146825408
trace_random,0,625,123,1785763601146720736,1785763601146720736,1785763601146825376
trace_random,0,626,142,1785763601146720960,1785763601146720960,1785763601146825408
trace_random,0,627,143,1785763601146720928,1785763601146720928,1785763601146825408
trace_random,0,628,144,1785763601146720960,1785763601146720960,1785763601146825408
trace_random,0,629,145,1785763601146720928,1785763601146720928,1785763601146825408
trace_random,0,630,146,1785763601146720928,1785763601146720928,1785763601146825376
trace_random,0,631,147,1785763601146720928,1785763601146720928,1785763601146825408
trace_random,0,632,4,1785763601146720736,1785763601146720736,1785763601146825312
trace_random,0,633,5,1785763601146720736,1785763601146720736,1785763601146825344
trace_random,0,634,20,1785763601146720736,1785763601146720736,1785763601146825312
trace_random,0,635,21,1785763601146720736,1785763601146720736,1785763601146825376
trace_random,0,636,36,1785763601146720736,1785763601146720736,1785763601146825312
trace_random,0,637,37,1785763601146720768,1785763601146720768,1785763601146825344
trace_random,0,638,52,1785763601146720736,1785763601146720736,1785763601146825376
trace_random,0,639,53,1785763601146720768,1785763601146720768,1785763601146825376
trace_random,0,640,68,1785763601146720736,1785763601146720736,1785763601146825312
trace_random,0,641,69,1785763601146720736,1785763601146720736,1785763601146825312
trace_random,0,642,82,1785763601146720736,1785763601146720736,1785763601146825376
trace_random,0,643,83,1785763601146720768,1785763601146720768,1785763601146825408
trace_random,0,644,96,1785763601146720736,1785763601146720736,1785763601146825376
trace_random,0,645,97,1785763601146720768,1785763601146720768,1785763601146825376
trace_random,0,646,110,1785763601146720736,1785763601146720736,1785763601146825344
trace_random,0,647,111,1785763601146720768,1785763601146720768,1785763601146825376
trace_random,0,648,124,1785763601146720736,1785763601146720736,1785763601146825312
trace_random,0,649,125,1785763601146720768,1785763601146720768,1785763601146825344
trace_random,0,650,6,1785763601146720736,1785763601146720736,1785763601146824576
trace_random,0,651,7,1785763601146720768,1785763601146720768,1785763601146824544
trace_random,0,652,22,1785763601146720736,1785763601146720736,1785763601146824544
trace_random,0,653,23,1785763601146720736,1785763601146720736,1785763601146824544
trace_random,0,654,38,1785763601146720736,1785763601146720736,1785763601146824608
trace_random,0,655,39,1785763601146720768,1785763601146720768,1785763601146824608
trace_random,0,656,54,1785763601146720736,1785763601146720736,1785763601146824352
trace_random,0,657,55,1785763601146720768,1785763601146720768,1785763601146824608
trace_random,0,658,70,1785763601146720736,1785763601146720736,1785763601146824544
trace_random,0,659,71,1785763601146720736,1785763601146720736,1785763601146824576
trace_random,0,660,84,1785763601146720736,1785763601146720736,1785763601146824544
trace_random,0,661,85,1785763601146720768,1785763601146720768,1785763601146824544
trace_random,0,662,98,1785763601146720736,1785763601146720736,1785763601146824576
trace_random,0,663,99,1785763601146720768,1785763601146720768,1785763601146824544
trace_random,0,664,112,1785763601146720736,1785763601146720736,1785763601146824544
trace_random,0,665,113,1785763601146720736,1785763601146720736,1785763601146824512
trace_random,0,666,126,1785763601146720736,1785763601146720736,1785763601146824544
trace_random,0,667,127,1785763601146720736,1785763601146720736,1785763601146824608
trace_random,0,668,8,1785763601146720864,1785763601146720864,1785763601146825280
trace_random,0,669,9,1785763601146720864,1785763601146720864,1785763601146825632
trace_random,0,670,24,1785763601146720896,1785763601146720896,1785763601146825248
trace_random,0,671,25,1785763601146720896,1785763601146720896,1785763601146825248
trace_random,0,672,40,1785763601146720896,1785763601146720896,1785763601146825280
trace_random,0,673,41,1785763601146720896,1785763601146720896,1785763601146825280
trace_random,0,674,56,1785763601146720928,1785763601146720928,1785763601146825280
trace_random,0,675,57,1785763601146720896,1785763601146720896,1785763601146825312
trace_random,0,676,72,1785763601146720896,1785763601146720896,1785763601146825248
trace_random,0,677,73,1785763601146720864,1785763601146720864,1785763601146825216
trace_random,0,678,86,1785763601146720896,1785763601146720896,1785763601146825280
trace_random,0,679,87,1785763601146720896,1785763601146720896,1785763601146825280
trace_random,0,680,100,1785763601146720896,1785763601146720896,1785763601146825344
trace_random,0,681,101,1785763601146720928,1785763601146720928,1785763601146825312
trace_random,0,682,114,1785763601146720896,1785763601146720896,1785763601146825280
trace_random,0,683,115,1785763601146720928,1785763601146720928,1785763601146825312
trace_random,0,684,128,1785763601146720896,1785763601146720896,1785763601146825248
trace_random,0,685,129,1785763601146720896,1785763601146720896,1785763601146825280
trace_random,0,686,10,1785763601146720736,1785763601146720736,1785763601146825152
trace_random,0,687,11,1785763601146720768,1785763601146720768,1785763601146825152
trace_random,0,688,26,1785763601146720736,1785763601146720736,1785763601146825184
trace_random,0,689,27,1785763601146720736,1785763601146720736,1785763601146825152
trace_random,0,690,42,1785763601146720736,1785763601146720736,1785763601146825152
trace_random,0,691,43,1785763601146720736,1785763601146720736,1785763601146825216
trace_random,0,692,58,1785763601146720736,1785763601146720736,1785763601146825184
trace_random,0,693,59,1785763601146720768,1785763601146720768,1785763601146824960
trace_random,0,694,74,1785763601146720736,1785763601146720736,1785763601146825152
trace_random,0,695,75,1785763601146720736,1785763601146720736,1785763601146825152
trace_random,0,696,88,1785763601146720768,1785763601146720768,1785763601146825152
trace_random,0,697,89,1785763601146720768,1785763601146720768,1785763601146825216
trace_random,0,698,102,1785763601146720736,1785763601146720736,1785763601146825184
trace_random,0,699,103,1785763601146720768,1785763601146720768,1785763601146825248
trace_random,0,700,116,1785763601146720736,1785763601146720736,1785763601146825184
trace_random,0,701,117,1785763601146720768,1785763601146720768,1785763601146825216
trace_random,0,702,130,1785763601146720736,1785763601146720736,1785763601146824896
trace_random,0,703,131,1785763601146720736,1785763601146720736,1785763601146825152
trace_random,0,704,136,1785763601146720736,1785763601146720736,1785763601146825152
trace_random,0,705,137,1785763601146720736,1785763601146720736,1785763601146825152
trace_random,0,706,12,1785763601146720864,1785763601146720864,1785763601146824960
trace_random,0,707,13,1785763601146720864,1785763601146720864,1785763601146824928
trace_random,0,708,28,1785763601146720864,1785763601146720864,1785763601146824960
trace_random,0,709,29,1785763601146720864,1785763601146720864,1785763601146824928
trace_random,0,710,44,1785763601146720896,1785763601146720896,1785763601146824960
trace_random,0,711,45,1785763601146720896,1785763601146720896,1785763601146824928
trace_random,0,712,60,1785763601146720896,1785763601146720896,1785763601146824992
trace_random,0,713,61,1785763601146720896,1785763601146720896,1785763601146824992
trace_random,0,714,76,1785763601146720864,1785763601146720864,1785763601146824896
trace_random,0,715,77,1785763601146720864,1785763601146720864,1785763601146824928
trace_random,0,716,90,1785763601146720864,1785763601146720864,1785763601146824960
trace_random,0,717,91,1785763601146720896,1785763601146720896,1785763601146824960
trace_random,0,718,104,1785763601146720896,1785763601146720896,1785763601146824960
trace_random,0,719,105,1785763601146720896,1785763601146720896,1785763601146824992
trace_random,0,720,118,1785763601146720928,1785763601146720928,1785763601146824960
trace_random,0,721,119,1785763601146720896,1785763601146720896,1785763601146824960
trace_random,0,722,132,1785763601146720864,1785763601146720864,1785763601146824896
trace_random,0,723,133,1785763601146720864,1785763601146720864,1785763601146824672
trace_random,0,724,138,1785763601146720896,1785763601146720896,1785763601146824704
trace_random,0,725,139,1785763601146720896,1785763601146720896,1785763601146824928
trace_random,0,726,14,1785763601146720864,1785763601146720864,1785763601146825248
trace_random,0,727,15,1785763601146720864,1785763601146720864,1785763601146825248
trace_random,0,728,30,1785763601146720864,1785763601146720864,1785763601146825280
trace_random,0,729,31,1785763601146720896,1785763601146720896,1785763601146825248
trace_random,0,730,46,1785763601146720896,1785763601146720896,1785763601146825216
trace_random,0,731,47,1785763601146720896,1785763601146720896,1785763601146825248
trace_random,0,732,62,1785763601146720896,1785763601146720896,1785763601146825280
trace_random,0,733,63,1785763601146720896,1785763601146720896,1785763601146825280
trace_random,0,734,78,1785763601146720864,1785763601146720864,1785763601146825184
trace_random,0,735,79,1785763601146720864,1785763601146720864,1785763601146825216
trace_random,0,736,92,1785763601146720896,1785763601146720896,1785763601146825248
trace_random,0,737,93,1785763601146720896,1785763601146720896,1785763601146825248
trace_random,0,738,106,1785763601146720896,1785763601146720896,1785763601146825248
trace_random,0,739,107,1785763601146720896,1785763601146720896,1785763601146825312
trace_random,0,740,120,1785763601146720896,1785763601146720896,1785763601146825248
trace_random,0,741,121,1785763601146720896,1785763601146720896,1785763601146825312
trace_random,0,742,134,1785763601146720864,1785763601146720864,1785763601146824960
trace_random,0,743,135,1785763601146720864,1785763601146720864,1785763601146824960
trace_random,0,744,140,1785763601146720896,1785763601146720896,1785763601146825216
trace_random,0,745,141,1785763601146720896,1785763601146720896,1785763601146824992
trace_random,0,746,0,1785763601146720896,1785763601146720896,1785763601146825312
trace_random,0,747,1,1785763601146720928,1785763601146720928,1785763601146825312
trace_random,0,748,16,1785763601146720896,1785763601146720896,1785763601146825376
trace_random,0,749,17,1785763601146720896,1785763601146720896,1785763601146825376
trace_random,0,750,32,1785763601146720928,1785763601146720928,1785763601146825376
trace_random,0,751,33,1785763601146720960,1785763601146720960,1785763601146825376
trace_random,0,752,48,1785763601146720960,1785763601146720960,1785763601146825376
trace_random,0,753,49,1785763601146720960,1785763601146720960,1785763601146825856
trace_random,0,754,64,1785763601146720896,1785763601146720896,1785763601146825408
trace_random,0,755,65,1785763601146720928,1785763601146720928,1785763601146825376
trace_random,0,756,2,1785763601146720768,1785763601146720768,1785763601146825376
trace_random,0,757,3,1785763601146720768,1785763601146720768,1785763601146825408
trace_random,0,758,18,1785763601146720768,1785763601146720768,1785763601146825408
trace_random,0,759,19,1785763601146720800,1785763601146720800,1785763601146825408
trace_random,0,760,34,1785763601146720768,1785763601146720768,1785763601146825376
trace_random,0,761,35,1785763601146720768,1785763601146720768,1785763601146825376
trace_random,0,762,50,1785763601146720768,1785763601146720768,1785763601146825408
trace_random,0,763,51,1785763601146720800,1785763601146720800,1785763601146825408
trace_random,0,764,66,1785763601146720736,1785763601146720736,1785763601146825376
trace_random,0,765,67,1785763601146720768,1785763601146720768,1785763601146825376
trace_random,0,766,80,1785763601146720768,1785763601146720768,1785763601146825408
trace_random,0,767,81,1785763601146720800,1785763601146720800,1785763601146825376
trace_random,0,768,94,1785763601146720768,1785763601146720768,1785763601146825408
trace_random,0,769,95,1785763601146720800,1785763601146720800,1785763601146825408
trace_random,0,770,108,1785763601146720736,1785763601146720736,1785763601146825376
trace_random,0,771,109,1785763601146720768,1785763601146720768,1785763601146825376
trace_random,0,772,122,1785763601146720768,1785763601146720768,1785763601146825376
trace_random,0,773,123,1785763601146720800,1785763601146720800,1785763601146825376
trace_random,0,774,4,1785763601146720768,1785763601146720768,1785763601146825312
trace_random,0,775,5,1785763601146720768,1785763601146720768,1785763601146825344
trace_random,0,776,20,1785763601146720768,1785763601146720768,1785763601146825344
trace_random,0,777,21,1785763601146720768,1785763601146720768,1785763601146825376
trace_random,0,778,36,1785763601146720768,1785763601146720768,1785763601146825312
trace_random,0,779,37,1785763601146720768,1785763601146720768,1785763601146825344
trace_random,0,780,52,1785763601146720768,1785763601146720768,1785763601146825376
trace_random,0,781,53,1785763601146720800,1785763601146720800,1785763601146825408
trace_random,0,782,68,1785763601146720736,1785763601146720736,1785763601146825312
trace_random,0,783,69,1785763601146720768,1785763601146720768,1785763601146825344
trace_random,0,784,82,1785763601146720768,1785763601146720768,1785763601146825376
trace_random,0,785,83,1785763601146720800,1785763601146720800,1785763601146825376
trace_random,0,786,96,1785763601146720768,1785763601146720768,1785763601146825376
trace_random,0,787,97,1785763601146720800,1785763601146720800,1785763601146825376
trace_random,0,788,110,1785763601146720768,1785763601146720768,1785763601146825344
trace_random,0,789,111,1785763601146720800,1785763601146720800,1785763601146825408
trace_random,0,790,124,1785763601146720768,1785763601146720768,1785763601146825344
trace_random,0,791,125,1785763601146720800,1785763601146720800,1785763601146825344
trace_random,0,792,142,1785763601146720992,1785763601146720992,1785763601146825408
trace_random,0,793,143,1785763601146720992,1785763601146720992,1785763601146825440
trace_random,0,794,144,1785763601146720992,1785763601146720992,1785763601146825440
trace_random,0,795,145,1785763601146720992,1785763601146720992,1785763601146825408
trace_random,0,796,146,1785763601146720960,1785763601146720960,1785763601146825792
trace_random,0,797,147,1785763601146720960,1785763601146720960,1785763601146825376
trace_random,0,798,6,1785763601146720768,1785763601146720768,1785763601146824576
trace_random,0,799,7,1785763601146720800,1785763601146720800,1785763601146824544
trace_random,0,800,22,1785763601146720768,1785763601146720768,1785763601146824544
trace_random,0,801,23,1785763601146720800,1785763601146720800,1785763601146824544
trace_random,0,802,38,1785763601146720768,1785763601146720768,1785763601146824608
trace_random,0,803,39,1785763601146720800,1785763601146720800,1785763601146824608
trace_random,0,804,54,1785763601146720768,1785763601146720768,1785763601146824352
trace_random,0,805,55,1785763601146720800,1785763601146720800,1785763601146824608
trace_random,0,806,70,1785763601146720768,1785763601146720768,1785763601146824544
trace_random,0,807,71,1785763601146720768,1785763601146720768,1785763601146824576
trace_random,0,808,84,1785763601146720768,1785763601146720768,1785763601146824576
trace_random,0,809,85,1785763601146720800,1785763601146720800,1785763601146824544
trace_random,0,810,98,1785763601146720768,1785763601146720768,1785763601146824576
trace_random,0,811,99,1785763601146720800,1785763601146720800,1785763601146824544
trace_random,0,812,112,1785763601146720736,1785763601146720736,1785763601146824544
trace_random,0,813,113,1785763601146720768,1785763601146720768,1785763601146824512
trace_random,0,814,126,1785763601146720768,1785763601146720768,1785763601146824544
trace_random,0,815,127,1785763601146720768,1785763601146720768,1785763601146824608
trace_random,0,816,8,1785763601146720896,1785763601146720896,1785763601146825248
trace_random,0,817,9,1785763601146720896,1785763601146720896,1785763601146825248
trace_random,0,818,24,1785763601146720928,1785763601146720928,1785763601146825248
trace_random,0,819,25,1785763601146720928,1785763601146720928,1785763601146825280
trace_random,0,820,40,1785763601146720928,1785763601146720928,1785763601146825248
trace_random,0,821,41,1785763601146720896,1785763601146720896,1785763601146825280
trace_random,0,822,56,1785763601146720960,1785763601146720960,1785763601146825312
trace_random,0,823,57,1785763601146720960,1785763601146720960,1785763601146825312
trace_random,0,824,72,1785763601146720896,1785763601146720896,1785763601146825248
trace_random,0,825,73,1785763601146720928,1785763601146720928,1785763601146825248
trace_random,0,826,86,1785763601146720928,1785763601146720928,1785763601146825280
trace_random,0,827,87,1785763601146720928,1785763601146720928,1785763601146825280
trace_random,0,828,100,1785763601146720960,1785763601146720960,1785763601146825760
trace_random,0,829,101,1785763601146720928,1785763601146720928,1785763601146825312
trace_random,0,830,114,1785763601146720960,1785763601146720960,1785763601146825312
trace_random,0,831,115,1785763601146720960,1785763601146720960,1785763601146825312
trace_random,0,832,128,1785763601146720928,1785763601146720928,1785763601146825248
trace_random,0,833,129,1785763601146720928,1785763601146720928,1785763601146825312
trace_random,0,834,10,1785763601146720768,1785763601146720768,1785763601146825152
trace_random,0,835,11,1785763601146720800,1785763601146720800,1785763601146825184
trace_random,0,836,26,1785763601146720768,1785763601146720768,1785763601146825152
trace_random,0,837,27,1785763601146720800,1785763601146720800,1785763601146825152
trace_random,0,838,42,1785763601146720768,1785763601146720768,1785763601146825152
trace_random,0,839,43,1785763601146720768,1785763601146720768,1785763601146825184
trace_random,0,840,58,1785763601146720768,1785763601146720768,1785763601146825216
trace_random,0,841,59,1785763601146720800,1785763601146720800,1785763601146824960
trace_random,0,842,74,1785763601146720768,1785763601146720768,1785763601146825152
trace_random,0,843,75,1785763601146720800,1785763601146720800,1785763601146825152
trace_random,0,844,88,1785763601146720768,1785763601146720768,1785763601146825152
trace_random,0,845,89,1785763601146720800,1785763601146720800,1785763601146825216
trace_random,0,846,102,1785763601146720800,1785763601146720800,1785763601146825184
trace_random,0,847,103,1785763601146720800,1785763601146720800,1785763601146825248
trace_random,0,848,116,1785763601146720768,1785763601146720768,1785763601146825184
trace_random,0,849,117,1785763601146720800,1785763601146720800,1785763601146825184
trace_random,0,850,130,1785763601146720736,1785763601146720736,1785763601146824896
trace_random,0,851,131,1785763601146720768,1785763601146720768,1785763601146825152
trace_random,0,852,136,1785763601146720768,1785763601146720768,1785763601146825184
trace_random,0,853,137,1785763601146720800,1785763601146720800,1785763601146825152
trace_random,0,854,12,1785763601146720896,1785763601146720896,1785763601146824960
trace_random,0,855,13,1785763601146720896,1785763601146720896,1785763601146824928
trace_random,0,856,28,1785763601146720928,1785763601146720928,1785763601146824960
trace_random,0,857,29,1785763601146720928,1785763601146720928,1785763601146824928
trace_random,0,858,44,1785763601146720960,1785763601146720960,1785763601146824928
trace_random,0,859,45,1785763601146720928,1785763601146720928,1785763601146824928
trace_random,0,860,60,1785763601146720960,1785763601146720960,1785763601146824960
trace_random,0,861,61,1785763601146720960,1785763601146720960,1785763601146824960
trace_random,0,862,76,1785763601146720896,1785763601146720896,1785763601146824896
trace_random,0,863,77,1785763601146720928,1785763601146720928,1785763601146824928
trace_random,0,864,90,1785763601146720960,1785763601146720960,1785763601146824960
trace_random,0,865,91,1785763601146720928,1785763601146720928,1785763601146825408
trace_random,0,866,104,1785763601146720960,1785763601146720960,1785763601146824960
trace_random,0,867,105,1785763601146720960,1785763601146720960,1785763601146825440
trace_random,0,868,118,1785763601146720960,1785763601146720960,1785763601146824960
trace_random,0,869,119,1785763601146720960,1785763601146720960,1785763601146824960
trace_random,0,870,132,1785763601146720928,1785763601146720928,1785763601146824896
trace_random,0,871,133,1785763601146720896,1785763601146720896,1785763601146824672
trace_random,0,872,138,1785763601146720928,1785763601146720928,1785763601146824704
trace_random,0,873,139,1785763601146720928,1785763601146720928,1785763601146824928
trace_random,0,874,14,1785763601146720896,1785763601146720896,1785763601146825216
trace_random,0,875,15,1785763601146720896,1785763601146720896,1785763601146825248
trace_random,0,876,30,1785763601146720896,1785763601146720896,1785763601146825248
trace_random,0,877,31,1785763601146720928,1785763601146720928,1785763601146825248
trace_random,0,878,46,1785763601146720928,1785763601146720928,1785763601146825632
trace_random,0,879,47,1785763601146720960,1785763601146720960,1785763601146825248
trace_random,0,880,62,1785763601146720960,1785763601146720960,1785763601146825280
trace_random,0,881,63,1785763601146720960,1785763601146720960,1785763601146825280
trace_random,0,882,78,1785763601146720896,1785763601146720896,1785763601146825216
trace_random,0,883,79,1785763601146720896,1785763601146720896,1785763601146825216
trace_random,0,884,92,1785763601146720928,1785763601146720928,1785763601146825248
trace_random,0,885,93,1785763601146720928,1785763601146720928,1785763601146825248
trace_random,0,886,106,1785763601146720960,1785763601146720960,1785763601146825280
trace_random,0,887,107,1785763601146720960,1785763601146720960,1785763601146825280
trace_random,0,888,120,1785763601146720960,1785763601146720960,1785763601146825248
trace_random,0,889,121,1785763601146720960,1785763601146720960,1785763601146825280
trace_random,0,890,134,1785763601146720896,1785763601146720896,1785763601146824960
trace_random,0,891,135,1785763601146720896,1785763601146720896,1785763601146824960
trace_random,0,892,140,1785763601146720928,1785763601146720928,1785763601146825216
trace_random,0,893,141,1785763601146720928,1785763601146720928,1785763601146825024
trace_random,0,894,0,1785763601146720928,1785763601146720928,1785763601146825312
trace_random,0,895,1,1785763601146720960,1785763601146720960,1785763601146825312
trace_random,0,896,16,1785763601146720928,1785763601146720928,1785763601146825376
trace_random,0,897,17,1785763601146720960,1785763601146720960,1785763601146825408
trace_random,0,898,32,1785763601146720960,1785763601146720960,1785763601146825792
trace_random,0,899,33,1785763601146720960,1785763601146720960,1785763601146825760
trace_random,0,900,48,1785763601146720992,1785763601146720992,1785763601146825408
trace_random,0,901,49,1785763601146720992,1785763601146720992,1785763601146825440
trace_random,0,902,64,1785763601146720960,1785763601146720960,1785763601146825408
trace_random,0,903,65,1785763601146720960,1785763601146720960,1785763601146825408
trace_random,0,904,2,1785763601146720800,1785763601146720800,1785763601146825376
trace_random,0,905,3,1785763601146720800,1785763601146720800,1785763601146825408
trace_random,0,906,18,1785763601146720800,1785763601146720800,1785763601146825408
trace_random,0,907,19,1785763601146720832,1785763601146720832,1785763601146825408
trace_random,0,908,34,1785763601146720800,1785763601146720800,1785763601146825376
trace_random,0,909,35,1785763601146720832,1785763601146720832,1785763601146825376
trace_random,0,910,50,1785763601146720800,1785763601146720800,1785763601146825408
trace_random,0,911,51,1785763601146720832,1785763601146720832,1785763601146825408
trace_random,0,912,66,1785763601146720800,1785763601146720800,1785763601146825376
trace_random,0,913,67,1785763601146720800,1785763601146720800,1785763601146825376
trace_random,0,914,80,1785763601146720800,1785763601146720800,1785763601146825408
trace_random,0,915,81,1785763601146720832,1785763601146720832,1785763601146825408
trace_random,0,916,94,1785763601146720800,1785763601146720800,1785763601146825376
trace_random,0,917,95,1785763601146720832,1785763601146720832,1785763601146825408
trace_random,0,918,108,1785763601146720800,1785763601146720800,1785763601146825376
trace_random,0,919,109,1785763601146720800,1785763601146720800,1785763601146825344
trace_random,0,920,122,1785763601146720800,1785763601146720800,1785763601146825408
trace_random,0,921,123,1785763601146720832,1785763601146720832,1785763601146825376
trace_random,0,922,4,1785763601146720800,1785763601146720800,1785763601146825344
trace_random,0,923,5,1785763601146720832,1785763601146720832,1785763601146825344
trace_random,0,924,20,1785763601146720800,1785763601146720800,1785763601146825344
trace_random,0,925,21,1785763601146720832,1785763601146720832,1785763601146825408
trace_random,0,926,36,1785763601146720800,1785763601146720800,1785763601146825312
trace_random,0,927,37,1785763601146720832,1785763601146720832,1785763601146825344
trace_random,0,928,52,1785763601146720832,1785763601146720832,1785763601146825376
trace_random,0,929,53,1785763601146720832,1785763601146720832,1785763601146825408
trace_random,0,930,68,1785763601146720800,1785763601146720800,1785763601146825312
trace_random,0,931,69,1785763601146720800,1785763601146720800,1785763601146825344
trace_random,0,932,82,1785763601146720800,1785763601146720800,1785763601146825376
trace_random,0,933,83,1785763601146720832,1785763601146720832,1785763601146825376
trace_random,0,934,96,1785763601146720832,1785763601146720832,1785763601146825376
trace_random,0,935,97,1785763601146720832,1785763601146720832,1785763601146825376
trace_random,0,936,110,1785763601146720800,1785763601146720800,1785763601146825376
trace_random,0,937,111,1785763601146720832,1785763601146720832,1785763601146825408
trace_random,0,938,124,1785763601146720800,1785763601146720800,1785763601146825344
trace_random,0,939,125,1785763601146720832,1785763601146720832,1785763601146825344
trace_random,0,940,6,1785763601146720800,1785763601146720800,1785763601146824576
trace_random,0,941,7,1785763601146720832,1785763601146720832,1785763601146824544
trace_random,0,942,22,1785763601146720800,1785763601146720800,1785763601146824544
trace_random,0,943,23,1785763601146720800,1785763601146720800,1785763601146824544
trace_random,0,944,38,1785763601146720832,1785763601146720832,1785763601146824608
trace_random,0,945,39,1785763601146720832,1785763601146720832,1785763601146824608
trace_random,0,946,54,1785763601146720800,1785763601146720800,1785763601146824320
trace_random,0,947,55,1785763601146720832,1785763601146720832,1785763601146824608
trace_random,0,948,70,1785763601146720800,1785763601146720800,1785763601146824544
trace_random,0,949,71,1785763601146720800,1785763601146720800,1785763601146824576
trace_random,0,950,84,1785763601146720800,1785763601146720800,1785763601146824544
trace_random,0,951,85,1785763601146720832,1785763601146720832,1785763601146824544
trace_random,0,952,98,1785763601146720800,1785763601146720800,1785763601146824576
trace_random,0,953,99,1785763601146720832,1785763601146720832,1785763601146824576
trace_random,0,954,112,1785763601146720800,1785763601146720800,1785763601146824544
trace_random,0,955,113,1785763601146720800,1785763601146720800,1785763601146824512
trace_random,0,956,126,1785763601146720800,1785763601146720800,1785763601146824544
trace_random,0,957,127,1785763601146720832,1785763601146720832,1785763601146824608
trace_random,0,958,8,1785763601146720928,1785763601146720928,1785763601146825248
trace_random,0,959,9,1785763601146720928,1785763601146720928,1785763601146825248
trace_random,0,960,24,1785763601146720960,1785763601146720960,1785763601146825632
trace_random,0,961,25,1785763601146720960,1785763601146720960,1785763601146825632
trace_random,0,962,40,1785763601146720960,1785763601146720960,1785763601146825696
trace_random,0,963,41,1785763601146720960,1785763601146720960,1785763601146825280
trace_random,0,964,56,1785763601146720992,1785763601146720992,1785763601146825312
trace_random,0,965,57,1785763601146720960,1785763601146720960,1785763601146825312
trace_random,0,966,72,1785763601146720960,1785763601146720960,1785763601146825248
trace_random,0,967,73,1785763601146720960,1785763601146720960,1785763601146825248
trace_random,0,968,86,1785763601146720960,1785763601146720960,1785763601146825728
trace_random,0,969,87,1785763601146720960,1785763601146720960,1785763601146825280
trace_random,0,970,100,1785763601146720992,1785763601146720992,1785763601146825760
trace_random,0,971,101,1785763601146720992,1785763601146720992,1785763601146825728
trace_random,0,972,114,1785763601146720992,1785763601146720992,1785763601146825728
trace_random,0,973,115,1785763601146720992,1785763601146720992,1785763601146825312
trace_random,0,974,128,1785763601146720960,1785763601146720960,1785763601146825280
trace_random,0,975,129,1785763601146720960,1785763601146720960,1785763601146825728
trace_random,0,976,10,1785763601146720800,1785763601146720800,1785763601146825152
trace_random,0,977,11,1785763601146720832,1785763601146720832,1785763601146825152
trace_random,0,978,26,1785763601146720800,1785763601146720800,1785763601146825184
trace_random,0,979,27,1785763601146720832,1785763601146720832,1785763601146825152
trace_random,0,980,42,1785763601146720800,1785763601146720800,1785763601146825152
trace_random,0,981,43,1785763601146720832,1785763601146720832,1785763601146825184
trace_random,0,982,58,1785763601146720800,1785763601146720800,1785763601146825216
trace_random,0,983,59,1785763601146720832,1785763601146720832,1785763601146824960
trace_random,0,984,74,1785763601146720800,1785763601146720800,1785763601146825152
trace_random,0,985,75,1785763601146720800,1785763601146720800,1785763601146825152
trace_random,0,986,88,1785763601146720800,1785763601146720800,1785763601146825184
trace_random,0,987,89,1785763601146720832,1785763601146720832,1785763601146825216
trace_random,0,988,102,1785763601146720800,1785763601146720800,1785763601146825184
trace_random,0,989,103,1785763601146720832,1785763601146720832,1785763601146825280
trace_random,0,990,116,1785763601146720800,1785763601146720800,1785763601146825184
trace_random,0,991,117,1785763601146720832,1785763601146720832,1785763601146825216
trace_random,0,992,12,1785763601146720928,1785763601146720928,1785763601146824960
trace_random,0,993,13,1785763601146720960,1785763601146720960,1785763601146824928
trace_random,0,994,28,1785763601146720960,1785763601146720960,1785763601146824960
trace_random,0,995,29,1785763601146720960,1785763601146720960,1785763601146824928
trace_random,0,996,44,1785763601146720960,1785763601146720960,1785763601146824960
trace_random,0,997,45,1785763601146720960,1785763601146720960,1785763601146824928
trace_random,0,998,60,1785763601146720992,1785763601146720992,1785763601146824960
trace_random,0,999,61,1785763601146720992,1785763601146720992,1785763601146825440
trace_random,0,1000,76,1785763601146720928,1785763601146720928,1785763601146824928
trace_random,0,1001,77,1785763601146720960,1785763601146720960,1785763601146825312
trace_random,0,1002,90,1785763601146720960,1785763601146720960,1785763601146824960
trace_random,0,1003,91,1785763601146720960,1785763601146720960,1785763601146825408
trace_random,0,1004,104,1785763601146720992,1785763601146720992,1785763601146825408
trace_random,0,1005,105,1785763601146720992,1785763601146720992,1785763601146824992
trace_random,0,1006,118,1785763601146720992,1785763601146720992,1785763601146824960
trace_random,0,1007,119,1785763601146720992,1785763601146720992,1785763601146824960
trace_random,0,1008,14,1785763601146720928,1785763601146720928,1785763601146825248
trace_random,0,1009,15,1785763601146720960,1785763601146720960,1785763601146825248
trace_random,0,1010,30,1785763601146720928,1785763601146720928,1785763601146825280
trace_random,0,1011,31,1785763601146720960,1785763601146720960,1785763601146825632
trace_random,0,1012,46,1785763601146720960,1785763601146720960,1785763601146825216
trace_random,0,1013,47,1785763601146720960,1785763601146720960,1785763601146825248
trace_random,0,1014,62,1785763601146720992,1785763601146720992,1785763601146825248
trace_random,0,1015,63,1785763601146720992,1785763601146720992,1785763601146825280
trace_random,0,1016,78,1785763601146720928,1785763601146720928,1785763601146825568
trace_random,0,1017,79,1785763601146720960,1785763601146720960,1785763601146825216
trace_random,0,1018,92,1785763601146720960,1785763601146720960,1785763601146825248
trace_random,0,1019,93,1785763601146720960,1785763601146720960,1785763601146825248
trace_random,0,1020,106,1785763601146720960,1785763601146720960,1785763601146825280
trace_random,0,1021,107,1785763601146720992,1785763601146720992,1785763601146825280
trace_random,0,1022,120,1785763601146720992,1785763601146720992,1785763601146825696
trace_random,0,1023,121,1785763601146720992,1785763601146720992,1785763601146825280
trace_random,1,0,142,1785763601146724672,1785763601147081312,1785763601147087072
trace_random,1,1,143,1785763601146724608,1785763601147001888,1785763601147008192
trace_random,1,2,144,1785763601146724384,1785763601147057568,1785763601147063264
trace_random,1,3,145,1785763601146724480,1785763601147043104,1785763601147048864
trace_random,1,4,146,1785763601146724352,1785763601147043776,1785763601147049504
trace_random,1,5,147,1785763601146724320,1785763601147048256,1785763601147053888
trace_random,1,6,0,1785763601146724320,1785763601147052832,1785763601147058432
trace_random,1,7,1,1785763601146724480,1785763601147053088,1785763601147058656
trace_random,1,8,16,1785763601146724640,1785763601147042272,1785763601147048032
trace_random,1,9,17,1785763601146724448,1785763601147077760,1785763601147083520
trace_random,1,10,32,1785763601146724704,1785763601147062080,1785763601147067680
trace_random,1,11,33,1785763601146724800,1785763601147006272,1785763601147012192
trace_random,1,12,48,1785763601146736544,1785763601147085440,1785763601147091200
trace_random,1,13,49,1785763601146724576,1785763601147057088,1785763601147062784
trace_random,1,14,64,1785763601146724512,1785763601147042240,1785763601147048000
trace_random,1,15,65,1785763601146724512,1785763601147023520,1785763601147029184
trace_random,1,16,2,1785763601146724480,1785763601147072896,1785763601147078464
trace_random,1,17,3,1785763601146724512,1785763601147054880,1785763601147060544
trace_random,1,18,18,1785763601146724448,1785763601147060576,1785763601147066336
trace_random,1,19,19,1785763601146724448,1785763601147065088,1785763601147070784
trace_random,1,20,34,1785763601146724576,1785763601147068992,1785763601147074624
trace_random,1,21,35,1785763601146724544,1785763601147052032,1785763601147057600
trace_random,1,22,50,1785763601146724608,1785763601146968608,1785763601146974400
trace_random,1,23,51,1785763601146725088,1785763601147066720,1785763601147072384
trace_random,1,24,66,1785763601146724256,1785763601147049120,1785763601147054816
trace_random,1,25,67,1785763601146724288,1785763601147037920,1785763601147043584
trace_random,1,26,80,1785763601146724352,1785763601147058848,1785763601147064576
trace_random,1,27,81,1785763601146724384,1785763601147063328,1785763601147069056
trace_random,1,28,94,1785763601146725312,1785763601147062432,1785763601147068160
trace_random,1,29,95,1785763601146724832,1785763601147058976,1785763601147064640
trace_random,1,30,108,1785763601146724320,1785763601147061920,1785763601147067552
trace_random,1,31,109,1785763601146724320,1785763601147070048,1785763601147075584
trace_random,1,32,122,1785763601146724640,1785763601147021728,1785763601147027520
trace_random,1,33,123,1785763601146724704,1785763601147058592,1785763601147064256
trace_random,1,34,4,1785763601146724928,1785763601147068000,1785763601147073600
trace_random,1,35,5,1785763601146724384,1785763601147044256,1785763601147049888
trace_random,1,36,20,1785763601146724352,1785763601147061632,1785763601147067296
trace_random,1,37,21,1785763601146724384,1785763601147072000,1785763601147077728
trace_random,1,38,36,1785763601146725152,1785763601147049312,1785763601147054912
trace_random,1,39,37,1785763601146724384,1785763601147073568,1785763601147079168
trace_random,1,40,52,1785763601146725152,1785763601147079680,1785763601147085408
trace_random,1,41,53,1785763601146724448,1785763601147011776,1785763601147017536
trace_random,1,42,68,1785763601146724576,1785763601147050272,1785763601147055808
trace_random,1,43,69,1785763601146724896,1785763601147065728,1785763601147071328
trace_random,1,44,82,1785763601146724512,1785763601147064384,1785763601147070112
trace_random,1,45,83,1785763601146724288,1785763601147063744,1785763601147069440
trace_random,1,46,96,1785763601146724640,1785763601147063232,1785763601147069056
trace_random,1,47,97,1785763601146724704,1785763601147050176,1785763601147055968
trace_random,1,48,110,1785763601146724800,1785763601147054368,1785763601147060128
trace_random,1,49,111,1785763601146724384,1785763601147010496,1785763601147016256
trace_random,1,50,124,1785763601146724576,1785763601147060256,1785763601147065920
trace_random,1,51,125,1785763601146724384,1785763601147065056,1785763601147070688
trace_random,1,52,6,1785763601146725088,1785763601147064032,1785763601147069664
trace_random,1,53,7,1785763601146724480,1785763601147031424,1785763601147037152
trace_random,1,54,22,1785763601146724384,1785763601147041216,1785763601147046880
trace_random,1,55,23,1785763601146724544,1785763601147040160,1785763601147045856
trace_random,1,56,38,1785763601146724384,1785763601147033536,1785763601147039232
trace_random,1,57,39,1785763601146724448,1785763601147090560,1785763601147096320
trace_random,1,58,54,1785763601146725408,1785763601147052064,1785763601147057760
trace_random,1,59,55,1785763601146724832,1785763601147032320,1785763601147037920
trace_random,1,60,70,1785763601146724672,1785763601147049408,1785763601147055008
trace_random,1,61,71,1785763601146724384,1785763601147068448,1785763601147074080
trace_random,1,62,84,1785763601146724672,1785763601147077152,1785763601147082848
trace_random,1,63,85,1785763601146724672,1785763601147040928,1785763601147046528
trace_random,1,64,98,1785763601146724448,1785763601147021504,1785763601147027104
trace_random,1,65,99,1785763601146724480,1785763601147068608,1785763601147074208
trace_random,1,66,112,1785763601146724256,1785763601147030528,1785763601147036128
trace_random,1,67,113,1785763601146724672,1785763601147067616,1785763601147073280
trace_random,1,68,126,1785763601146724704,1785763601147080160,1785763601147085792
trace_random,1,69,127,1785763601146724416,1785763601147039648,1785763601147045248
trace_random,1,70,8,1785763601146724352,1785763601147053472,1785763601147059168
trace_random,1,71,9,1785763601146724320,1785763601147040032,1785763601147045664
trace_random,1,72,24,1785763601146724576,1785763601147074432,1785763601147080160
trace_random,1,73,25,1785763601146724320,1785763601147042720,1785763601147048448
trace_random,1,74,40,1785763601146724352,1785763601147028480,1785763601147034144
trace_random,1,75,41,1785763601146724512,1785763601146990016,1785763601146997984
trace_random,1,76,56,1785763601146724672,1785763601147075264,1785763601147080928
trace_random,1,77,57,1785763601146724544,1785763601147049824,1785763601147055584
trace_random,1,78,72,1785763601146724672,1785763601147068704,1785763601147074272
trace_random,1,79,73,1785763601146725024,1785763601147049248,1785763601147054912
trace_random,1,80,86,1785763601146724704,1785763601147074272,1785763601147079968
trace_random,1,81,87,1785763601146724512,1785763601147070304,1785763601147076032
trace_random,1,82,100,1785763601146724864,1785763601147079392,1785763601147085088
trace_random,1,83,101,1785763601146724608,1785763601147069120,1785763601147074912
trace_random,1,84,114,1785763601146724896,1785763601147077664,1785763601147083328
trace_random,1,85,115,1785763601146724320,1785763601147045216,1785763601147050848
trace_random,1,86,128,1785763601146724640,1785763601147013792,1785763601147019392
trace_random,1,87,129,1785763601146724320,1785763601147073632,1785763601147079264
trace_random,1,88,10,1785763601146724256,1785763601147041216,1785763601147046912
trace_random,1,89,11,1785763601146724416,1785763601147050176,1785763601147055776
trace_random,1,90,26,1785763601146733600,1785763601147077184,1785763601147082816
trace_random,1,91,27,1785763601146724288,1785763601147068544,1785763601147074208
trace_random,1,92,42,1785763601146724384,1785763601146964960,1785763601146970560
trace_random,1,93,43,1785763601146724256,1785763601147068704,1785763601147074272
trace_random,1,94,58,1785763601146724448,1785763601147012512,1785763601147018176
trace_random,1,95,59,1785763601146724448,1785763601147076160,1785763601147081792
trace_random,1,96,74,1785763601146733024,1785763601147052704,1785763601147058336
trace_random,1,97,75,1785763601146724576,1785763601147043808,1785763601147049408
trace_random,1,98,88,1785763601146724384,1785763601147037984,1785763601147043552
trace_random,1,99,89,1785763601146724256,1785763601147041952,1785763601147047616
trace_random,1,100,102,1785763601146724832,1785763601147078880,1785763601147084608
trace_random,1,101,103,1785763601146724384,1785763601147065504,1785763601147071264
trace_random,1,102,116,1785763601146724768,1785763601147015712,1785763601147021344
trace_random,1,103,117,1785763601146724320,1785763601147078144,1785763601147083712
trace_random,1,104,130,1785763601146724224,1785763601147032032,1785763601147037600
trace_random,1,105,131,1785763601146724192,1785763601147052512,1785763601147058016
trace_random,1,106,136,1785763601146724192,1785763601147034944,1785763601147040512
trace_random,1,107,137,1785763601146724320,1785763601147053344,1785763601147058976
trace_random,1,108,142,1785763601146753888,1785763601147103904,1785763601147109568
trace_random,1,109,143,1785763601146724672,1785763601147058400,1785763601147064128
trace_random,1,110,144,1785763601146724608,1785763601147056544,1785763601147062208
trace_random,1,111,145,1785763601146724672,1785763601147072896,1785763601147078624
trace_random,1,112,146,1785763601146753472,1785763601147091584,1785763601147097248
trace_random,1,113,147,1785763601146725088,1785763601147061792,1785763601147067456
trace_random,1,114,12,1785763601146724480,1785763601147048992,1785763601147054688
trace_random,1,115,13,1785763601146724672,1785763601147012512,1785763601147018240
trace_random,1,116,28,1785763601146724320,1785763601147069088,1785763601147074848
trace_random,1,117,29,1785763601146725024,1785763601147050688,1785763601147056448
trace_random,1,118,44,1785763601146724928,1785763601147049504,1785763601147055136
trace_random,1,119,45,1785763601146724320,1785763601147015104,1785763601147020736
trace_random,1,120,60,1785763601146724672,1785763601147054336,1785763601147060160
trace_random,1,121,61,1785763601146724576,1785763601147079360,1785763601147085184
trace_random,1,122,76,1785763601146724576,1785763601147055040,1785763601147060704
trace_random,1,123,77,1785763601146724992,1785763601147055360,1785763601147061024
trace_random,1,124,90,1785763601146724416,1785763601147057056,1785763601147062816
trace_random,1,125,91,1785763601146724480,1785763601147060320,1785763601147065952
trace_random,1,126,104,1785763601146725120,1785763601146999456,1785763601147006080
trace_random,1,127,105,1785763601146724480,1785763601147064576,1785763601147070432
trace_random,1,128,118,1785763601146724960,1785763601147026528,1785763601147032608
trace_random,1,129,119,1785763601146724320,1785763601147041824,1785763601147047488
trace_random,1,130,132,1785763601146724256,1785763601147058688,1785763601147064288
trace_random,1,131,133,1785763601146724256,1785763601147052384,1785763601147058048
trace_random,1,132,138,1785763601146724384,1785763601147049088,1785763601147054784
trace_random,1,133,139,1785763601146724320,1785763601147054208,1785763601147059904
trace_random,1,134,14,1785763601146724320,1785763601147016896,1785763601147022592
trace_random,1,135,15,1785763601146724352,1785763601147060032,1785763601147065728
trace_random,1,136,30,1785763601146724384,1785763601147038080,1785763601147043840
trace_random,1,137,31,1785763601146724416,1785763601147063264,1785763601147068992
trace_random,1,138,46,1785763601146724576,1785763601147071232,1785763601147076896
trace_random,1,139,47,1785763601146724896,1785763601147029504,1785763601147035136
trace_random,1,140,62,1785763601146724736,1785763601147027776,1785763601147033536
trace_random,1,141,63,1785763601146724512,1785763601147059488,1785763601147065312
trace_random,1,142,78,1785763601146724736,1785763601147071776,1785763601147077472
trace_random,1,143,79,1785763601146724480,1785763601147050752,1785763601147056416
trace_random,1,144,92,1785763601146724544,1785763601147071040,1785763601147076800
trace_random,1,145,93,1785763601146724608,1785763601147069024,1785763601147074784
trace_random,1,146,106,1785763601146724384,1785763601147045792,1785763601147051680
trace_random,1,147,107,1785763601146724512,1785763601147078464,1785763601147084352
trace_random,1,148,120,1785763601146724768,1785763601147024768,1785763601147030592
trace_random,1,149,121,1785763601146724640,1785763601147044416,1785763601147050112
trace_random,1,150,134,1785763601146724384,1785763601147063712,1785763601147069376
trace_random,1,151,135,1785763601146724256,1785763601147030432,1785763601147036032
trace_random,1,152,140,1785763601146724352,1785763601147050848,1785763601147056480
trace_random,1,153,141,1785763601146724288,1785763601147061728,1785763601147067456
trace_random,1,154,0,1785763601146736512,1785763601147081568,1785763601147087200
trace_random,1,155,1,1785763601146724736,1785763601147065664,1785763601147071232
trace_random,1,156,16,1785763601146736512,1785763601147056768,1785763601147062496
trace_random,1,157,17,1785763601146728192,1785763601147065184,1785763601147070912
trace_random,1,158,32,1785763601146736512,1785763601147077696,1785763601147083328
trace_random,1,159,33,1785763601146728576,1785763601147042144,1785763601147047776
trace_random,1,160,48,1785763601146753472,1785763601147103616,1785763601147109312
trace_random,1,161,49,1785763601146736544,1785763601147059424,1785763601147065184
trace_random,1,162,64,1785763601146736672,1785763601147075456,1785763601147081248
trace_random,1,163,65,1785763601146753472,1785763601147094656,1785763601147100320
trace_random,1,164,2,1785763601146736416,1785763601147073056,1785763601147078688
trace_random,1,165,3,1785763601146734240,1785763601147075968,1785763601147081664
trace_random,1,166,18,1785763601146734240,1785763601147046336,1785763601147052000
trace_random,1,167,19,1785763601146734240,1785763601147076320,1785763601147082048
trace_random,1,168,34,1785763601146734240,1785763601147047008,1785763601147052672
trace_random,1,169,35,1785763601146751168,1785763601147075712,1785763601147081216
trace_random,1,170,50,1785763601146735232,1785763601147061984,1785763601147067648
trace_random,1,171,51,1785763601146735840,1785763601147086464,1785763601147092160
trace_random,1,172,66,1785763601146734240,1785763601147077056,1785763601147082592
trace_random,1,173,67,1785763601146727552,1785763601147044640,1785763601147050272
trace_random,1,174,80,1785763601146725056,1785763601147027552,1785763601147033376
trace_random,1,175,81,1785763601146734240,1785763601147059200,1785763601147064864
trace_random,1,176,94,1785763601146734368,1785763601147062112,1785763601147067776
trace_random,1,177,95,1785763601146751168,1785763601147077760,1785763601147083360
trace_random,1,178,108,1785763601146736608,1785763601147034432,1785763601147040064
trace_random,1,179,109,1785763601146734432,1785763601147071936,1785763601147077504
trace_random,1,180,122,1785763601146734240,1785763601147019904,1785763601147025536
trace_random,1,181,123,1785763601146725664,1785763601147005184,1785763601147010816
trace_random,1,182,4,1785763601146726208,1785763601147066560,1785763601147072224
trace_random,1,183,5,1785763601146756576,1785763601147042720,1785763601147048224
trace_random,1,184,20,1785763601146725568,1785763601147054720,1785763601147060480
trace_random,1,185,21,1785763601146724384,1785763601147069728,1785763601147075360
trace_random,1,186,36,1785763601146739680,1785763601147083200,1785763601147088800
trace_random,1,187,37,1785763601146756576,1785763601147079616,1785763601147085216
trace_random,1,188,52,1785763601146739680,1785763601147098144,1785763601147103872
trace_random,1,189,53,1785763601146741984,1785763601147057344,1785763601147063136
trace_random,1,190,68,1785763601146739648,1785763601147058176,1785763601147063776
trace_random,1,191,69,1785763601146725856,1785763601147052256,1785763601147057792
trace_random,1,192,82,1785763601146739680,1785763601147084672,1785763601147090336
trace_random,1,193,83,1785763601146724288,1785763601147072064,1785763601147077792
trace_random,1,194,96,1785763601146757376,1785763601147110080,1785763601147115776
trace_random,1,195,97,1785763601146739680,1785763601147068544,1785763601147074272
trace_random,1,196,110,1785763601146740224,1785763601147078016,1785763601147083744
trace_random,1,197,111,1785763601146756608,1785763601147072928,1785763601147078560
trace_random,1,198,124,1785763601146740064,1785763601147073664,1785763601147079328
trace_random,1,199,125,1785763601146727456,1785763601147067104,1785763601147072672
trace_random,1,200,6,1785763601146725824,1785763601147045504,1785763601147051232
trace_random,1,201,7,1785763601146724512,1785763601147082336,1785763601147088032
trace_random,1,202,22,1785763601146741056,1785763601147059904,1785763601147065632
trace_random,1,203,23,1785763601146740448,1785763601147085280,1785763601147090944
trace_random,1,204,38,1785763601146724352,1785763601147038208,1785763601147044032
trace_random,1,205,39,1785763601146740320,1785763601147099328,1785763601147105024
trace_random,1,206,54,1785763601146740320,1785763601147084256,1785763601147089920
trace_random,1,207,55,1785763601146740320,1785763601147100320,1785763601147105920
trace_random,1,208,70,1785763601146730464,1785763601147073856,1785763601147079456
trace_random,1,209,71,1785763601146741440,1785763601147064192,1785763601147069856
trace_random,1,210,84,1785763601146724512,1785763601147053568,1785763601147059264
trace_random,1,211,85,1785763601146724672,1785763601147080384,1785763601147085952
trace_random,1,212,98,1785763601146740320,1785763601147063712,1785763601147069312
trace_random,1,213,99,1785763601146728192,1785763601147062624,1785763601147068320
trace_random,1,214,112,1785763601146740320,1785763601147075488,1785763601147081088
trace_random,1,215,113,1785763601146740320,1785763601147074304,1785763601147079904
trace_random,1,216,126,1785763601146740320,1785763601147035328,1785763601147040960
trace_random,1,217,127,1785763601146740320,1785763601147079520,1785763601147085152
trace_random,1,218,8,1785763601146733888,1785763601147042368,1785763601147048000
trace_random,1,219,9,1785763601146725600,1785763601147067744,1785763601147073440
trace_random,1,220,24,1785763601146733632,1785763601147053280,1785763601147059040
trace_random,1,221,25,1785763601146724768,1785763601147065408,1785763601147071136
trace_random,1,222,40,1785763601146733600,1785763601147057600,1785763601147063168
trace_random,1,223,41,1785763601146726528,1785763601147046624,1785763601147052192
trace_random,1,224,56,1785763601146725472,1785763601147053056,1785763601147058752
trace_random,1,225,57,1785763601146733600,1785763601147070592,1785763601147076288
trace_random,1,226,72,1785763601146742080,1785763601147079872,1785763601147085472
trace_random,1,227,73,1785763601146750560,1785763601147089152,1785763601147094752
trace_random,1,228,86,1785763601146733600,1785763601147073344,1785763601147079168
trace_random,1,229,87,1785763601146725152,1785763601147078080,1785763601147083808
trace_random,1,230,100,1785763601146733632,1785763601147093024,1785763601147098720
trace_random,1,231,101,1785763601146734048,1785763601147065728,1785763601147071552
trace_random,1,232,114,1785763601146726144,1785763601147053984,1785763601147059680
trace_random,1,233,115,1785763601146733888,1785763601147033888,1785763601147039488
trace_random,1,234,128,1785763601146732448,1785763601147052128,1785763601147057792
trace_random,1,235,129,1785763601146750560,1785763601147056832,1785763601147062528
trace_random,1,236,142,1785763601146770432,1785763601147113504,1785763601147119296
trace_random,1,237,143,1785763601146770432,1785763601147125856,1785763601147131392
trace_random,1,238,144,1785763601146753472,1785763601147062304,1785763601147067840
trace_random,1,239,145,1785763601146753472,1785763601147091776,1785763601147097408
trace_random,1,240,146,1785763601146753472,1785763601147086656,1785763601147092384
trace_random,1,241,147,1785763601146753984,1785763601147085664,1785763601147091264
trace_random,1,242,10,1785763601146733024,1785763601147083840,1785763601147089504
trace_random,1,243,11,1785763601146749920,1785763601147071584,1785763601147077280
trace_random,1,244,26,1785763601146724928,1785763601147067136,1785763601147072768
trace_random,1,245,27,1785763601146733568,1785763601147020160,1785763601147025824
trace_random,1,246,42,1785763601146726176,1785763601147068864,1785763601147074432
trace_random,1,247,43,1785763601146749920,1785763601147070112,1785763601147075680
trace_random,1,248,58,1785763601146733152,1785763601147079488,1785763601147085088
trace_random,1,249,59,1785763601146734624,1785763601147016576,1785763601147022304
trace_random,1,250,74,1785763601146733536,1785763601147069248,1785763601147074880
trace_random,1,251,75,1785763601146749920,1785763601147070048,1785763601147075680
trace_random,1,252,88,1785763601146749920,1785763601147057536,1785763601147063200
trace_random,1,253,89,1785763601146733088,1785763601147086240,1785763601147091904
trace_random,1,254,102,1785763601146738624,1785763601147052896,1785763601147058688
trace_random,1,255,103,1785763601146737312,1785763601147056992,1785763601147062688
trace_random,1,256,116,1785763601146733408,1785763601147086016,1785763601147091488
trace_random,1,257,117,1785763601146733024,1785763601147085792,1785763601147091328
trace_random,1,258,130,1785763601146724448,1785763601147067936,1785763601147073504
trace_random,1,259,131,1785763601146724576,1785763601147033536,1785763601147039104
trace_random,1,260,136,1785763601146724608,1785763601147058368,1785763601147063904
trace_random,1,261,137,1785763601146724672,1785763601147068640,1785763601147074272
trace_random,1,262,12,1785763601146752864,1785763601147083264,1785763601147088992
trace_random,1,263,13,1785763601146724512,1785763601147062976,1785763601147068704
trace_random,1,264,28,1785763601146724832,1785763601147047968,1785763601147053664
trace_random,1,265,29,1785763601146724736,1785763601147058976,1785763601147064768
trace_random,1,266,44,1785763601146735968,1785763601147057216,1785763601147062880
trace_random,1,267,45,1785763601146735968,1785763601147061312,1785763601147067104
trace_random,1,268,60,1785763601146753280,1785763601147090432,1785763601147096256
trace_random,1,269,61,1785763601146735968,1785763601147054560,1785763601147060320
trace_random,1,270,76,1785763601146737952,1785763601147012000,1785763601147017632
trace_random,1,271,77,1785763601146728160,1785763601147057344,1785763601147062944
trace_random,1,272,90,1785763601146753728,1785763601147079040,1785763601147084672
trace_random,1,273,91,1785763601146728352,1785763601147030944,1785763601147036704
trace_random,1,274,104,1785763601146736000,1785763601147083008,1785763601147088800
trace_random,1,275,105,1785763601146752896,1785763601147052416,1785763601147058336
trace_random,1,276,118,1785763601146735968,1785763601147035392,1785763601147041120
trace_random,1,277,119,1785763601146735968,1785763601147076480,1785763601147082272
trace_random,1,278,132,1785763601146724672,1785763601147009248,1785763601147015168
trace_random,1,279,133,1785763601146724704,1785763601147008512,1785763601147014144
trace_random,1,280,138,1785763601146724288,1785763601147051104,1785763601147056768
trace_random,1,281,139,1785763601146724800,1785763601147051488,1785763601147057152
trace_random,1,282,14,1785763601146750176,1785763601147082592,1785763601147088288
trace_random,1,283,15,1785763601146733248,1785763601147079136,1785763601147084800
trace_random,1,284,30,1785763601146733504,1785763601147050176,1785763601147055840
trace_random,1,285,31,1785763601146750176,1785763601147023680,1785763601147029440
trace_random,1,286,46,1785763601146724544,1785763601147036256,1785763601147042016
trace_random,1,287,47,1785763601146737856,1785763601147035392,1785763601147041056
trace_random,1,288,62,1785763601146733792,1785763601147074176,1785763601147079968
trace_random,1,289,63,1785763601146724736,1785763601147063808,1785763601147069600
trace_random,1,290,78,1785763601146767104,1785763601147040768,1785763601147046368
trace_random,1,291,79,1785763601146726400,1785763601147052896,1785763601147058592
trace_random,1,292,92,1785763601146726176,1785763601147065504,1785763601147071200
trace_random,1,293,93,1785763601146750176,1785763601147043552,1785763601147049280
trace_random,1,294,106,1785763601146733248,1785763601147072736,1785763601147078560
trace_random,1,295,107,1785763601146733952,1785763601147087936,1785763601147093792
trace_random,1,296,120,1785763601146724448,1785763601147062464,1785763601147068128
trace_random,1,297,121,1785763601146731040,1785763601147024704,1785763601147030432
trace_random,1,298,134,1785763601146724448,1785763601147037344,1785763601147042848
trace_random,1,299,135,1785763601146724576,1785763601147003584,1785763601147009568
trace_random,1,300,140,1785763601146724352,1785763601147051616,1785763601147057312
trace_random,1,301,141,1785763601146724864,1785763601147066688,1785763601147072384
trace_random,1,302,0,1785763601146770432,1785763601147098272,1785763601147103840
trace_random,1,303,1,1785763601146770432,1785763601147082432,1785763601147087968
trace_random,1,304,16,1785763601146753568,1785763601147089600,1785763601147095360
trace_random,1,305,17,1785763601146770432,1785763601147102208,1785763601147108000
trace_random,1,306,32,1785763601146770432,1785763601147098112,1785763601147103744
trace_random,1,307,33,1785763601146770432,1785763601147095744,1785763601147101248
trace_random,1,308,48,1785763601146770432,1785763601147096896,1785763601147102688
trace_random,1,309,49,1785763601146770432,1785763601147115520,1785763601147121088
trace_random,1,310,64,1785763601146770432,1785763601147095488,1785763601147101056
trace_random,1,311,65,1785763601146770432,1785763601147120352,1785763601147125952
trace_random,1,312,2,1785763601146768128,1785763601147100832,1785763601147106496
trace_random,1,313,3,1785763601146768128,1785763601147116864,1785763601147122368
trace_random,1,314,18,1785763601146751168,1785763601147087520,1785763601147093248
trace_random,1,315,19,1785763601146768128,1785763601147079648,1785763601147085440
trace_random,1,316,34,1785763601146768128,1785763601147114848,1785763601147120416
trace_random,1,317,35,1785763601146768128,1785763601147070752,1785763601147076288
trace_random,1,318,50,1785763601146768128,1785763601147086560,1785763601147092320
trace_random,1,319,51,1785763601146751168,1785763601147101248,1785763601147106752
trace_random,1,320,66,1785763601146751168,1785763601147017888,1785763601147023488
trace_random,1,321,67,1785763601146751200,1785763601147094112,1785763601147099712
trace_random,1,322,80,1785763601146751168,1785763601147085504,1785763601147091200
trace_random,1,323,81,1785763601146751200,1785763601147104736,1785763601147110496
trace_random,1,324,94,1785763601146751168,1785763601147073536,1785763601147079264
trace_random,1,325,95,1785763601146768128,1785763601147083360,1785763601147088992
trace_random,1,326,108,1785763601146768128,1785763601147094624,1785763601147100096
trace_random,1,327,109,1785763601146768128,1785763601147082208,1785763601147087744
trace_random,1,328,122,1785763601146768128,1785763601147110304,1785763601147115840
trace_random,1,329,123,1785763601146751168,1785763601147098240,1785763601147103840
trace_random,1,330,4,1785763601146773504,1785763601147097664,1785763601147103296
trace_random,1,331,5,1785763601146773504,1785763601147095200,1785763601147100672
trace_random,1,332,20,1785763601146773504,1785763601147111072,1785763601147116800
trace_random,1,333,21,1785763601146756576,1785763601147097888,1785763601147103616
trace_random,1,334,36,1785763601146773504,1785763601147095008,1785763601147100544
trace_random,1,335,37,1785763601146756576,1785763601147058656,1785763601147064448
trace_random,1,336,52,1785763601146773504,1785763601147102720,1785763601147108448
trace_random,1,337,53,1785763601146773504,1785763601147127488,1785763601147133184
trace_random,1,338,68,1785763601146756576,1785763601147073408,1785763601147078976
trace_random,1,339,69,1785763601146756576,1785763601147082720,1785763601147088352
trace_random,1,340,82,1785763601146756576,1785763601147093984,1785763601147099744
trace_random,1,341,83,1785763601146756608,1785763601147103840,1785763601147109536
trace_random,1,342,96,1785763601146756608,1785763601147091552,1785763601147097376
trace_random,1,343,97,1785763601146773504,1785763601147119040,1785763601147124768
trace_random,1,344,110,1785763601146773504,1785763601147091392,1785763601147097088
trace_random,1,345,111,1785763601146773504,1785763601147072928,1785763601147078688
trace_random,1,346,124,1785763601146773504,1785763601147123200,1785763601147128544
trace_random,1,347,125,1785763601146773504,1785763601147115456,1785763601147120896
trace_random,1,348,6,1785763601146773888,1785763601147079968,1785763601147085632
trace_random,1,349,7,1785763601146757120,1785763601147106176,1785763601147111776
trace_random,1,350,22,1785763601146773888,1785763601147074560,1785763601147080320
trace_random,1,351,23,1785763601146773888,1785763601147126560,1785763601147131904
trace_random,1,352,38,1785763601146773888,1785763601147132096,1785763601147137472
trace_random,1,353,39,1785763601146757120,1785763601147085632,1785763601147091296
trace_random,1,354,54,1785763601146757120,1785763601147084608,1785763601147090240
trace_random,1,355,55,1785763601146740320,1785763601147081184,1785763601147086784
trace_random,1,356,70,1785763601146773888,1785763601147114144,1785763601147119712
trace_random,1,357,71,1785763601146757120,1785763601147082528,1785763601147088160
trace_random,1,358,84,1785763601146773888,1785763601147092640,1785763601147098304
trace_random,1,359,85,1785763601146773888,1785763601147114080,1785763601147119680
trace_random,1,360,98,1785763601146757120,1785763601147100160,1785763601147105792
trace_random,1,361,99,1785763601146757120,1785763601147100256,1785763601147105920
trace_random,1,362,112,1785763601146757088,1785763601147081152,1785763601147086752
trace_random,1,363,113,1785763601146740320,1785763601147013120,1785763601147018784
trace_random,1,364,126,1785763601146757120,1785763601147075264,1785763601147080832
trace_random,1,365,127,1785763601146773888,1785763601147097024,1785763601147102720
trace_random,1,366,142,1785763601146770432,1785763601147130432,1785763601147135872
trace_random,1,367,143,1785763601146770432,1785763601147107936,1785763601147113664
trace_random,1,368,144,1785763601146753472,1785763601147080096,1785763601147085696
trace_random,1,369,145,1785763601146770432,1785763601147117568,1785763601147122976
trace_random,1,370,146,1785763601146770432,1785763601147114272,1785763601147119808
trace_random,1,371,147,1785763601146770432,1785763601147120192,1785763601147125792
trace_random,1,372,8,1785763601146767488,1785763601147110176,1785763601147115520
trace_random,1,373,9,1785763601146750560,1785763601147091968,1785763601147097728
trace_random,1,374,24,1785763601146750560,1785763601147086656,1785763601147092448
trace_random,1,375,25,1785763601146767488,1785763601147101472,1785763601147107232
trace_random,1,376,40,1785763601146767488,1785763601147107232,1785763601147112704
trace_random,1,377,41,1785763601146750624,1785763601147089792,1785763601147095328
trace_random,1,378,56,1785763601146767488,1785763601147100608,1785763601147106432
trace_random,1,379,57,1785763601146750560,1785763601147082784,1785763601147088576
trace_random,1,380,72,1785763601146767488,1785763601147091392,1785763601147097024
trace_random,1,381,73,1785763601146750560,1785763601147087776,1785763601147093376
trace_random,1,382,86,1785763601146767488,1785763601147095712,1785763601147101376
trace_random,1,383,87,1785763601146767488,1785763601147113472,1785763601147118912
trace_random,1,384,100,1785763601146734048,1785763601147084064,1785763601147089792
trace_random,1,385,101,1785763601146767488,1785763601147119840,1785763601147125536
trace_random,1,386,114,1785763601146767488,1785763601147113024,1785763601147118656
trace_random,1,387,115,1785763601146733824,1785763601147083072,1785763601147088736
trace_random,1,388,128,1785763601146767488,1785763601147085440,1785763601147091104
trace_random,1,389,129,1785763601146750560,1785763601147061280,1785763601147067040
trace_random,1,390,10,1785763601146766816,1785763601147094784,1785763601147100384
trace_random,1,391,11,1785763601146766816,1785763601147120416,1785763601147126016
trace_random,1,392,26,1785763601146766816,1785763601147091328,1785763601147096960
trace_random,1,393,27,1785763601146766816,1785763601147036192,1785763601147041824
trace_random,1,394,42,1785763601146766816,1785763601147066528,1785763601147072032
trace_random,1,395,43,1785763601146766816,1785763601147106976,1785763601147112384
trace_random,1,396,58,1785763601146766816,1785763601147086496,1785763601147092224
trace_random,1,397,59,1785763601146766816,1785763601147111840,1785763601147117408
trace_random,1,398,74,1785763601146749920,1785763601147062816,1785763601147068384
trace_random,1,399,75,1785763601146766816,1785763601147098464,1785763601147104064
trace_random,1,400,88,1785763601146766816,1785763601147095040,1785763601147100736
trace_random,1,401,89,1785763601146749920,1785763601147083552,1785763601147089184
trace_random,1,402,102,1785763601146741472,1785763601147090720,1785763601147096384
trace_random,1,403,103,1785763601146749920,1785763601147075872,1785763601147081472
trace_random,1,404,116,1785763601146733536,1785763601147066464,1785763601147072000
trace_random,1,405,117,1785763601146749920,1785763601147099712,1785763601147105376
trace_random,1,406,130,1785763601146725472,1785763601147060128,1785763601147065696
trace_random,1,407,131,1785763601146726240,1785763601147064032,1785763601147069536
trace_random,1,408,136,1785763601146724928,1785763601147009600,1785763601147015264
trace_random,1,409,137,1785763601146726688,1785763601147079488,1785763601147085056
trace_random,1,410,12,1785763601146769760,1785763601147112448,1785763601147117792
trace_random,1,411,13,1785763601146769760,1785763601147062656,1785763601147068384
trace_random,1,412,28,1785763601146752864,1785763601147090816,1785763601147096544
trace_random,1,413,29,1785763601146769760,1785763601147102912,1785763601147108672
trace_random,1,414,44,1785763601146769760,1785763601147068864,1785763601147074560
trace_random,1,415,45,1785763601146769760,1785763601147085152,1785763601147090848
trace_random,1,416,60,1785763601146769760,1785763601147109408,1785763601147114976
trace_random,1,417,61,1785763601146752864,1785763601147070176,1785763601147076000
trace_random,1,418,76,1785763601146736224,1785763601147076064,1785763601147081760
trace_random,1,419,77,1785763601146752864,1785763601147071264,1785763601147076864
trace_random,1,420,90,1785763601146752896,1785763601147077632,1785763601147083328
trace_random,1,421,91,1785763601146736000,1785763601147064128,1785763601147069952
trace_random,1,422,104,1785763601146769760,1785763601147089728,1785763601147095616
trace_random,1,423,105,1785763601146769760,1785763601147045440,1785763601147051328
trace_random,1,424,118,1785763601146769760,1785763601147072320,1785763601147078080
trace_random,1,425,119,1785763601146752864,1785763601147103968,1785763601147109696
trace_random,1,426,132,1785763601146726272,1785763601147013376,1785763601147019008
trace_random,1,427,133,1785763601146726112,1785763601147073504,1785763601147079168
trace_random,1,428,138,1785763601146725696,1785763601147024288,1785763601147029920
trace_random,1,429,139,1785763601146725568,1785763601147044352,1785763601147050048
trace_random,1,430,14,1785763601146733216,1785763601147068960,1785763601147074560
trace_random,1,431,15,1785763601146733408,1785763601147083680,1785763601147089312
trace_random,1,432,30,1785763601146767104,1785763601147108576,1785763601147114112
trace_random,1,433,31,1785763601146767104,1785763601147064928,1785763601147070624
trace_random,1,434,46,1785763601146767104,1785763601147108672,1785763601147114272
trace_random,1,435,47,1785763601146750336,1785763601147061024,1785763601147066656
trace_random,1,436,62,1785763601146767104,1785763601147095968,1785763601147101696
trace_random,1,437,63,1785763601146767104,1785763601147083264,1785763601147089056
trace_random,1,438,78,1785763601146767104,1785763601147106720,1785763601147112096
trace_random,1,439,79,1785763601146767104,1785763601147088512,1785763601147094176
trace_random,1,440,92,1785763601146767104,1785763601147098976,1785763601147104736
trace_random,1,441,93,1785763601146767104,1785763601147112768,1785763601147118304
trace_random,1,442,106,1785763601146733728,1785763601147060576,1785763601147066368
trace_random,1,443,107,1785763601146767104,1785763601147082112,1785763601147087904
trace_random,1,444,120,1785763601146750176,1785763601147066720,1785763601147072480
trace_random,1,445,121,1785763601146750176,1785763601147072736,1785763601147078496
trace_random,1,446,134,1785763601146725664,1785763601147061952,1785763601147067552
trace_random,1,447,135,1785763601146725472,1785763601146999712,1785763601147006240
trace_random,1,448,140,1785763601146734336,1785763601147057504,1785763601147063168
trace_random,1,449,141,1785763601146725920,1785763601147011840,1785763601147017824
trace_random,1,450,0,1785763601146770432,1785763601147080160,1785763601147085728
trace_random,1,451,1,1785763601146770432,1785763601147108800,1785763601147114240
trace_random,1,452,16,1785763601146753472,1785763601147093600,1785763601147099264
trace_random,1,453,17,1785763601146770432,1785763601147114144,1785763601147119872
trace_random,1,454,32,1785763601146770432,1785763601147062976,1785763601147068544
trace_random,1,455,33,1785763601146770432,1785763601147099136,1785763601147104704
trace_random,1,456,48,1785763601146770432,1785763601147086880,1785763601147092448
trace_random,1,457,49,1785763601146770432,1785763601147113568,1785763601147119264
trace_random,1,458,64,1785763601146770432,1785763601147053792,1785763601147059360
trace_random,1,459,65,1785763601146770432,1785763601147053280,1785763601147058848
trace_random,1,460,2,1785763601146768128,1785763601147115872,1785763601147121216
trace_random,1,461,3,1785763601146768128,1785763601147091584,1785763601147097184
trace_random,1,462,18,1785763601146768128,1785763601147104480,1785763601147110144
trace_random,1,463,19,1785763601146768128,1785763601147105440,1785763601147110720
trace_random,1,464,34,1785763601146751168,1785763601147085504,1785763601147091104
trace_random,1,465,35,1785763601146768128,1785763601147101088,1785763601147106528
trace_random,1,466,50,1785763601146768128,1785763601147101920,1785763601147107328
trace_random,1,467,51,1785763601146768128,1785763601147038976,1785763601147044736
trace_random,1,468,66,1785763601146768128,1785763601147097088,1785763601147102720
trace_random,1,469,67,1785763601146768128,1785763601147096608,1785763601147102144
trace_random,1,470,80,1785763601146768128,1785763601147102464,1785763601147108128
trace_random,1,471,81,1785763601146768128,1785763601147120352,1785763601147125984
trace_random,1,472,94,1785763601146768128,1785763601147092896,1785763601147098496
trace_random,1,473,95,1785763601146768128,1785763601147097888,1785763601147103424
trace_random,1,474,108,1785763601146768128,1785763601147058784,1785763601147064352
trace_random,1,475,109,1785763601146768128,1785763601147102688,1785763601147108256
trace_random,1,476,122,1785763601146768128,1785763601147072576,1785763601147078240
trace_random,1,477,123,1785763601146768128,1785763601147114464,1785763601147120032
trace_random,1,478,4,1785763601146773504,1785763601147092384,1785763601147097952
trace_random,1,479,5,1785763601146773504,1785763601147089792,1785763601147095168
trace_random,1,480,20,1785763601146773504,1785763601147121952,1785763601147127520
trace_random,1,481,21,1785763601146756576,1785763601147107488,1785763601147113184
trace_random,1,482,36,1785763601146773504,1785763601147088928,1785763601147094592
trace_random,1,483,37,1785763601146773504,1785763601147084128,1785763601147089728
trace_random,1,484,52,1785763601146773504,1785763601147084320,1785763601147089984
trace_random,1,485,53,1785763601146756608,1785763601147045376,1785763601147051008
trace_random,1,486,68,1785763601146773504,1785763601147106944,1785763601147112128
trace_random,1,487,69,1785763601146773504,1785763601147069696,1785763601147075232
trace_random,1,488,82,1785763601146773504,1785763601147104576,1785763601147109984
trace_random,1,489,83,1785763601146773504,1785763601147084000,1785763601147089728
trace_random,1,490,96,1785763601146773504,1785763601147094144,1785763601147099872
trace_random,1,491,97,1785763601146773504,1785763601147104128,1785763601147109952
trace_random,1,492,110,1785763601146773504,1785763601147088992,1785763601147094720
trace_random,1,493,111,1785763601146773504,1785763601147060192,1785763601147065728
trace_random,1,494,124,1785763601146773504,1785763601147121760,1785763601147127136
trace_random,1,495,125,1785763601146773504,1785763601147102336,1785763601147107936
trace_random,1,496,142,1785763601146753472,1785763601147112576,1785763601147118368
trace_random,1,497,143,1785763601146770432,1785763601147103424,1785763601147109088
trace_random,1,498,144,1785763601146770432,1785763601147087680,1785763601147093376
trace_random,1,499,145,1785763601146753472,1785763601147089312,1785763601147094976
trace_random,1,500,146,1785763601146770432,1785763601147103872,1785763601147109472
trace_random,1,501,147,1785763601146753472,1785763601147090752,1785763601147096352
trace_random,1,502,6,1785763601146773888,1785763601147122880,1785763601147128256
trace_random,1,503,7,1785763601146773888,1785763601147113504,1785763601147119072
trace_random,1,504,22,1785763601146773888,1785763601147095424,1785763601147101056
trace_random,1,505,23,1785763601146757088,1785763601147068256,1785763601147073856
trace_random,1,506,38,1785763601146773888,1785763601147126240,1785763601147131904
trace_random,1,507,39,1785763601146757120,1785763601147113440,1785763601147118816
trace_random,1,508,54,1785763601146773888,1785763601147097984,1785763601147103648
trace_random,1,509,55,1785763601146773888,1785763601147126336,1785763601147131968
trace_random,1,510,70,1785763601146773888,1785763601147029952,1785763601147035584
trace_random,1,511,71,1785763601146773888,1785763601147115104,1785763601147120640
trace_random,1,512,84,1785763601146773888,1785763601147111552,1785763601147117152
trace_random,1,513,85,1785763601146773888,1785763601147128256,1785763601147133792
trace_random,1,514,98,1785763601146757120,1785763601147078080,1785763601147083584
trace_random,1,515,99,1785763601146773888,1785763601147108800,1785763601147114336
trace_random,1,516,112,1785763601146757088,1785763601147082368,1785763601147087936
trace_random,1,517,113,1785763601146773888,1785763601147099776,1785763601147105344
trace_random,1,518,126,1785763601146773888,1785763601147121088,1785763601147126688
trace_random,1,519,127,1785763601146773888,1785763601147112768,1785763601147118368
trace_random,1,520,8,1785763601146750560,1785763601147059200,1785763601147064896
trace_random,1,521,9,1785763601146767488,1785763601147095200,1785763601147100800
trace_random,1,522,24,1785763601146767488,1785763601147061024,1785763601147066688
trace_random,1,523,25,1785763601146767488,1785763601147105248,1785763601147110528
trace_random,1,524,40,1785763601146767488,1785763601147078784,1785763601147084352
trace_random,1,525,41,1785763601146767488,1785763601147075520,1785763601147081056
trace_random,1,526,56,1785763601146750560,1785763601147100448,1785763601147106176
trace_random,1,527,57,1785763601146750624,1785763601147105408,1785763601147110944
trace_random,1,528,72,1785763601146767488,1785763601147093440,1785763601147098976
trace_random,1,529,73,1785763601146750560,1785763601147098240,1785763601147103904
trace_random,1,530,86,1785763601146750848,1785763601147103264,1785763601147108800
trace_random,1,531,87,1785763601146767488,1785763601147115552,1785763601147120928
trace_random,1,532,100,1785763601146767488,1785763601147082752,1785763601147088544
trace_random,1,533,101,1785763601146750560,1785763601147066208,1785763601147071840
trace_random,1,534,114,1785763601146767488,1785763601147111328,1785763601147116992
trace_random,1,535,115,1785763601146750560,1785763601147102112,1785763601147107488
trace_random,1,536,128,1785763601146767488,1785763601147061280,1785763601147066784
trace_random,1,537,129,1785763601146767488,1785763601147111040,1785763601147116672
trace_random,1,538,10,1785763601146766816,1785763601147083840,1785763601147089504
trace_random,1,539,11,1785763601146766816,1785763601147090848,1785763601147096480
trace_random,1,540,26,1785763601146749920,1785763601147090080,1785763601147095744
trace_random,1,541,27,1785763601146766816,1785763601147101472,1785763601147107104
trace_random,1,542,42,1785763601146766816,1785763601147079360,1785763601147084832
trace_random,1,543,43,1785763601146766816,1785763601147083456,1785763601147088896
trace_random,1,544,58,1785763601146766816,1785763601147046304,1785763601147051968
trace_random,1,545,59,1785763601146766816,1785763601147085472,1785763601147091104
trace_random,1,546,74,1785763601146766816,1785763601147108224,1785763601147113536
trace_random,1,547,75,1785763601146766816,1785763601147097056,1785763601147102624
trace_random,1,548,88,1785763601146766816,1785763601147087808,1785763601147093472
trace_random,1,549,89,1785763601146766816,1785763601147056640,1785763601147062272
trace_random,1,550,102,1785763601146749920,1785763601147098688,1785763601147104288
trace_random,1,551,103,1785763601146749920,1785763601147064544,1785763601147070144
trace_random,1,552,116,1785763601146749920,1785763601147084608,1785763601147090176
trace_random,1,553,117,1785763601146766816,1785763601147121344,1785763601147126688
trace_random,1,554,130,1785763601146737280,1785763601147026400,1785763601147031936
trace_random,1,555,131,1785763601146732192,1785763601147065376,1785763601147070912
trace_random,1,556,136,1785763601146736480,1785763601147048192,1785763601147053792
trace_random,1,557,137,1785763601146766816,1785763601147113248,1785763601147118720
trace_random,1,558,12,1785763601146769760,1785763601147098720,1785763601147104384
trace_random,1,559,13,1785763601146769760,1785763601147114560,1785763601147120256
trace_random,1,560,28,1785763601146752864,1785763601147086208,1785763601147091904
trace_random,1,561,29,1785763601146769760,1785763601147099232,1785763601147104960
trace_random,1,562,44,1785763601146769760,1785763601147058400,1785763601147064032
trace_random,1,563,45,1785763601146769760,1785763601147105088,1785763601147110752
trace_random,1,564,60,1785763601146769760,1785763601147103712,1785763601147109440
trace_random,1,565,61,1785763601146769760,1785763601147106848,1785763601147112352
trace_random,1,566,76,1785763601146769760,1785763601147070080,1785763601147075680
trace_random,1,567,77,1785763601146769760,1785763601147084704,1785763601147090336
trace_random,1,568,90,1785763601146752896,1785763601147081024,1785763601147086272
trace_random,1,569,91,1785763601146769760,1785763601147080800,1785763601147086560
trace_random,1,570,104,1785763601146769760,1785763601147125920,1785763601147131744
trace_random,1,571,105,1785763601146769760,1785763601147069152,1785763601147074976
trace_random,1,572,118,1785763601146769760,1785763601147092640,1785763601147098368
trace_random,1,573,119,1785763601146769760,1785763601147090816,1785763601147096544
trace_random,1,574,132,1785763601146729696,1785763601147034144,1785763601147039680
trace_random,1,575,133,1785763601146740896,1785763601147047296,1785763601147052896
trace_random,1,576,138,1785763601146734528,1785763601147058784,1785763601147064512
trace_random,1,577,139,1785763601146732064,1785763601147006048,1785763601147011680
trace_random,1,578,14,1785763601146767104,1785763601147101376,1785763601147107072
trace_random,1,579,15,1785763601146767104,1785763601147080128,1785763601147085728
trace_random,1,580,30,1785763601146767104,1785763601147110048,1785763601147115456
trace_random,1,581,31,1785763601146767104,1785763601147063200,1785763601147068832
trace_random,1,582,46,1785763601146767104,1785763601147053472,1785763601147059040
trace_random,1,583,47,1785763601146767104,1785763601147089184,1785763601147094848
trace_random,1,584,62,1785763601146767104,1785763601147104736,1785763601147110272
trace_random,1,585,63,1785763601146767104,1785763601147116672,1785763601147122368
trace_random,1,586,78,1785763601146767104,1785763601147081184,1785763601147086784
trace_random,1,587,79,1785763601146750176,1785763601147090336,1785763601147095936
trace_random,1,588,92,1785763601146750176,1785763601147050848,1785763601147056544
trace_random,1,589,93,1785763601146767104,1785763601147080768,1785763601147086464
trace_random,1,590,106,1785763601146767104,1785763601147057952,1785763601147063808
trace_random,1,591,107,1785763601146750176,1785763601147029888,1785763601147035712
trace_random,1,592,120,1785763601146750176,1785763601147086464,1785763601147092160
trace_random,1,593,121,1785763601146767104,1785763601147087712,1785763601147093248
trace_random,1,594,134,1785763601146729312,1785763601147046432,1785763601147052000
trace_random,1,595,135,1785763601146732512,1785763601147038816,1785763601147044384
trace_random,1,596,140,1785763601146733088,1785763601147070624,1785763601147076224
trace_random,1,597,141,1785763601146733504,1785763601147072704,1785763601147078336
trace_random,1,598,0,1785763601146753472,1785763601147096384,1785763601147101920
trace_random,1,599,1,1785763601146770432,1785763601147079040,1785763601147084576
trace_random,1,600,16,1785763601146753472,1785763601147070336,1785763601147076064
trace_random,1,601,17,1785763601146770432,1785763601147126208,1785763601147131776
trace_random,1,602,32,1785763601146770432,1785763601147115072,1785763601147120448
trace_random,1,603,33,1785763601146770432,1785763601147098240,1785763601147103296
trace_random,1,604,48,1785763601146770432,1785763601147105952,1785763601147111616
trace_random,1,605,49,1785763601146770432,1785763601147117696,1785763601147122944
trace_random,1,606,64,1785763601146770432,1785763601147120288,1785763601147125920
trace_random,1,607,65,1785763601146770432,1785763601147112288,1785763601147117888
trace_random,1,608,2,1785763601146768128,1785763601147103360,1785763601147108992
trace_random,1,609,3,1785763601146751168,1785763601147045824,1785763601147051456
trace_random,1,610,18,1785763601146768128,1785763601147103040,1785763601147108672
trace_random,1,611,19,1785763601146768128,1785763601147083168,1785763601147088864
trace_random,1,612,34,1785763601146751168,1785763601147060448,1785763601147066048
trace_random,1,613,35,1785763601146768128,1785763601147094560,1785763601147100064
trace_random,1,614,50,1785763601146768128,1785763601147090880,1785763601147096544
trace_random,1,615,51,1785763601146768128,1785763601147055232,1785763601147060992
trace_random,1,616,66,1785763601146768128,1785763601147084160,1785763601147089792
trace_random,1,617,67,1785763601146768128,1785763601147112480,1785763601147117632
trace_random,1,618,80,1785763601146751168,1785763601147102976,1785763601147108608
trace_random,1,619,81,1785763601146768128,1785763601147071392,1785763601147077024
trace_random,1,620,94,1785763601146751168,1785763601147058592,1785763601147064352
trace_random,1,621,95,1785763601146751168,1785763601147082496,1785763601147088192
trace_random,1,622,108,1785763601146751168,1785763601147074496,1785763601147080032
trace_random,1,623,109,1785763601146768128,1785763601147107264,1785763601147112416
trace_random,1,624,122,1785763601146768128,1785763601147115040,1785763601147120192
trace_random,1,625,123,1785763601146768128,1785763601147095168,1785763601147100704
trace_random,1,626,142,1785763601146753472,1785763601147079328,1785763601147085056
trace_random,1,627,143,1785763601146770432,1785763601147114912,1785763601147120608
trace_random,1,628,144,1785763601146770432,1785763601147111520,1785763601147117088
trace_random,1,629,145,1785763601146770432,1785763601147100544,1785763601147106144
trace_random,1,630,146,1785763601146770432,1785763601147088288,1785763601147093984
trace_random,1,631,147,1785763601146770432,1785763601147094272,1785763601147099904
trace_random,1,632,4,1785763601146773504,1785763601147110912,1785763601147116448
trace_random,1,633,5,1785763601146773504,1785763601147093600,1785763601147098848
trace_random,1,634,20,1785763601146773504,1785763601147107872,1785763601147113504
trace_random,1,635,21,1785763601146773504,1785763601147120960,1785763601147126240
trace_random,1,636,36,1785763601146773504,1785763601147123616,1785763601147129184
trace_random,1,637,37,1785763601146773504,1785763601147095936,1785763601147101536
trace_random,1,638,52,1785763601146756608,1785763601147100864,1785763601147106528
trace_random,1,639,53,1785763601146773504,1785763601147038688,1785763601147044416
trace_random,1,640,68,1785763601146773504,1785763601147092128,1785763601147097664
trace_random,1,641,69,1785763601146773504,1785763601147112032,1785763601147117504
trace_random,1,642,82,1785763601146756608,1785763601147072544,1785763601147078176
trace_random,1,643,83,1785763601146773504,1785763601147119392,1785763601147124800
trace_random,1,644,96,1785763601146773504,1785763601147132704,1785763601147138368
trace_random,1,645,97,1785763601146756608,1785763601147076928,1785763601147082720
trace_random,1,646,110,1785763601146773504,1785763601147086944,1785763601147092608
trace_random,1,647,111,1785763601146773504,1785763601147126784,1785763601147132512
trace_random,1,648,124,1785763601146756608,1785763601147083552,1785763601147089184
trace_random,1,649,125,1785763601146756608,1785763601147106368,1785763601147112000
trace_random,1,650,6,1785763601146773888,1785763601147120736,1785763601147126240
trace_random,1,651,7,1785763601146773888,1785763601147120320,1785763601147125920
trace_random,1,652,22,1785763601146773888,1785763601147103008,1785763601147108640
trace_random,1,653,23,1785763601146773888,1785763601147120096,1785763601147125728
trace_random,1,654,38,1785763601146773920,1785763601147072608,1785763601147078304
trace_random,1,655,39,1785763601146757120,1785763601147082176,1785763601147088032
trace_random,1,656,54,1785763601146773888,1785763601147098464,1785763601147104256
trace_random,1,657,55,1785763601146757120,1785763601147056000,1785763601147061728
trace_random,1,658,70,1785763601146773888,1785763601147077120,1785763601147082720
trace_random,1,659,71,1785763601146773888,1785763601147106976,1785763601147112544
trace_random,1,660,84,1785763601146773888,1785763601147099616,1785763601147105312
trace_random,1,661,85,1785763601146757120,1785763601147058848,1785763601147064416
trace_random,1,662,98,1785763601146773888,1785763601147105696,1785763601147111264
trace_random,1,663,99,1785763601146773888,1785763601147121696,1785763601147127328
trace_random,1,664,112,1785763601146773888,1785763601147110880,1785763601147116160
trace_random,1,665,113,1785763601146773888,1785763601147101792,1785763601147107328
trace_random,1,666,126,1785763601146773888,1785763601147105088,1785763601147110720
trace_random,1,667,127,1785763601146773888,1785763601147122112,1785763601147127648
trace_random,1,668,8,1785763601146767488,1785763601147098336,1785763601147103840
trace_random,1,669,9,1785763601146767488,1785763601147093088,1785763601147098688
trace_random,1,670,24,1785763601146767488,1785763601147103008,1785763601147108576
trace_random,1,671,25,1785763601146767488,1785763601147101376,1785763601147107072
trace_random,1,672,40,1785763601146767488,1785763601147083808,1785763601147089344
trace_random,1,673,41,1785763601146767488,1785763601147059744,1785763601147065312
trace_random,1,674,56,1785763601146767520,1785763601147114240,1785763601147119936
trace_random,1,675,57,1785763601146767520,1785763601147087904,1785763601147093632
trace_random,1,676,72,1785763601146767488,1785763601147085888,1785763601147091456
trace_random,1,677,73,1785763601146767488,1785763601147109664,1785763601147115136
trace_random,1,678,86,1785763601146750560,1785763601147076224,1785763601147081888
trace_random,1,679,87,1785763601146767488,1785763601147099776,1785763601147105376
trace_random,1,680,100,1785763601146767520,1785763601147115968,1785763601147121728
trace_random,1,681,101,1785763601146750560,1785763601147072768,1785763601147078496
trace_random,1,682,114,1785763601146750560,1785763601147070816,1785763601147076416
trace_random,1,683,115,1785763601146767488,1785763601147072640,1785763601147078272
trace_random,1,684,128,1785763601146767488,1785763601147053184,1785763601147058784
trace_random,1,685,129,1785763601146767488,1785763601147104608,1785763601147110208
trace_random,1,686,10,1785763601146766816,1785763601147120288,1785763601147125856
trace_random,1,687,11,1785763601146766816,1785763601147105312,1785763601147110912
trace_random,1,688,26,1785763601146766816,1785763601147105952,1785763601147111616
trace_random,1,689,27,1785763601146749920,1785763601147097856,1785763601147103488
trace_random,1,690,42,1785763601146766816,1785763601147104480,1785763601147110016
trace_random,1,691,43,1785763601146766816,1785763601147087968,1785763601147093440
trace_random,1,692,58,1785763601146766816,1785763601147106912,1785763601147112448
trace_random,1,693,59,1785763601146766816,1785763601147116320,1785763601147121536
trace_random,1,694,74,1785763601146766816,1785763601147069856,1785763601147075424
trace_random,1,695,75,1785763601146749920,1785763601147099680,1785763601147105248
trace_random,1,696,88,1785763601146766816,1785763601147110688,1785763601147116288
trace_random,1,697,89,1785763601146766816,1785763601147102560,1785763601147108192
trace_random,1,698,102,1785763601146766816,1785763601147104064,1785763601147109696
trace_random,1,699,103,1785763601146766816,1785763601147099264,1785763601147105024
trace_random,1,700,116,1785763601146766816,1785763601147096448,1785763601147102048
trace_random,1,701,117,1785763601146766816,1785763601147098912,1785763601147104480
trace_random,1,702,130,1785763601146766816,1785763601147067264,1785763601147072736
trace_random,1,703,131,1785763601146766816,1785763601147034016,1785763601147039552
trace_random,1,704,136,1785763601146766816,1785763601147103808,1785763601147109248
trace_random,1,705,137,1785763601146749920,1785763601147087904,1785763601147093504
trace_random,1,706,12,1785763601146769760,1785763601147079744,1785763601147085408
trace_random,1,707,13,1785763601146769760,1785763601147072608,1785763601147078304
trace_random,1,708,28,1785763601146769760,1785763601147064192,1785763601147070016
trace_random,1,709,29,1785763601146769728,1785763601147113152,1785763601147118816
trace_random,1,710,44,1785763601146752864,1785763601147074496,1785763601147080192
trace_random,1,711,45,1785763601146769760,1785763601147113024,1785763601147118592
trace_random,1,712,60,1785763601146769760,1785763601147108576,1785763601147113984
trace_random,1,713,61,1785763601146769760,1785763601147101728,1785763601147107488
trace_random,1,714,76,1785763601146752864,1785763601147075712,1785763601147081344
trace_random,1,715,77,1785763601146769760,1785763601147105088,1785763601147110688
trace_random,1,716,90,1785763601146769760,1785763601147060576,1785763601147066368
trace_random,1,717,91,1785763601146769760,1785763601147086816,1785763601147092480
trace_random,1,718,104,1785763601146752896,1785763601147089152,1785763601147094912
trace_random,1,719,105,1785763601146769760,1785763601147103264,1785763601147108640
trace_random,1,720,118,1785763601146769760,1785763601147086688,1785763601147092384
trace_random,1,721,119,1785763601146769760,1785763601147098432,1785763601147104128
trace_random,1,722,132,1785763601146769728,1785763601147095264,1785763601147100832
trace_random,1,723,133,1785763601146769728,1785763601147096000,1785763601147101600
trace_random,1,724,138,1785763601146769760,1785763601147108928,1785763601147114624
trace_random,1,725,139,1785763601146769760,1785763601147092800,1785763601147098272
trace_random,1,726,14,1785763601146767104,1785763601147106240,1785763601147111904
trace_random,1,727,15,1785763601146767104,1785763601147113056,1785763601147118624
trace_random,1,728,30,1785763601146767104,1785763601147085184,1785763601147090848
trace_random,1,729,31,1785763601146767104,1785763601147088032,1785763601147093632
trace_random,1,730,46,1785763601146767104,1785763601147102976,1785763601147108576
trace_random,1,731,47,1785763601146767104,1785763601147093600,1785763601147099136
trace_random,1,732,62,1785763601146767104,1785763601147105472,1785763601147111264
trace_random,1,733,63,1785763601146767104,1785763601147079680,1785763601147085440
trace_random,1,734,78,1785763601146750176,1785763601147090240,1785763601147095904
trace_random,1,735,79,1785763601146750176,1785763601147084192,1785763601147089792
trace_random,1,736,92,1785763601146767104,1785763601147102272,1785763601147107904
trace_random,1,737,93,1785763601146767104,1785763601147061152,1785763601147066912
trace_random,1,738,106,1785763601146767104,1785763601147112608,1785763601147118368
trace_random,1,739,107,1785763601146767104,1785763601147108512,1785763601147114016
trace_random,1,740,120,1785763601146767104,1785763601147098848,1785763601147104544
trace_random,1,741,121,1785763601146767104,1785763601147088032,1785763601147093312
trace_random,1,742,134,1785763601146767104,1785763601147105760,1785763601147111360
trace_random,1,743,135,1785763601146767104,1785763601147105408,1785763601147110976
trace_random,1,744,140,1785763601146767104,1785763601147072320,1785763601147077408
trace_random,1,745,141,1785763601146750176,1785763601147078976,1785763601147084672
trace_random,1,746,0,1785763601146753472,1785763601147078400,1785763601147084064
trace_random,1,747,1,1785763601146753472,1785763601147097408,1785763601147102976
trace_random,1,748,16,1785763601146770432,1785763601147023264,1785763601147029056
trace_random,1,749,17,1785763601146770432,1785763601147107616,1785763601147113344
trace_random,1,750,32,1785763601146770432,1785763601147103840,1785763601147109408
trace_random,1,751,33,1785763601146770432,1785763601147095584,1785763601147101024
trace_random,1,752,48,1785763601146770432,1785763601147116512,1785763601147121984
trace_random,1,753,49,1785763601146770432,1785763601147106976,1785763601147112672
trace_random,1,754,64,1785763601146770432,1785763601147080032,1785763601147085664
trace_random,1,755,65,1785763601146770432,1785763601147074368,1785763601147080032
trace_random,1,756,2,1785763601146751168,1785763601147048064,1785763601147053696
trace_random,1,757,3,1785763601146768128,1785763601147110240,1785763601147115840
trace_random,1,758,18,1785763601146768128,1785763601147075968,1785763601147081632
trace_random,1,759,19,1785763601146768128,1785763601147092768,1785763601147098464
trace_random,1,760,34,1785763601146768128,1785763601147087168,1785763601147092640
trace_random,1,761,35,1785763601146768128,1785763601147011008,1785763601147016640
trace_random,1,762,50,1785763601146768128,1785763601147099520,1785763601147105056
trace_random,1,763,51,1785763601146768128,1785763601147087488,1785763601147093312
trace_random,1,764,66,1785763601146751168,1785763601147052064,1785763601147057664
trace_random,1,765,67,1785763601146768128,1785763601147079584,1785763601147085184
trace_random,1,766,80,1785763601146768128,1785763601147110592,1785763601147115968
trace_random,1,767,81,1785763601146768128,1785763601147116768,1785763601147122496
trace_random,1,768,94,1785763601146768128,1785763601147117312,1785763601147122944
trace_random,1,769,95,1785763601146751168,1785763601147098720,1785763601147104064
trace_random,1,770,108,1785763601146751168,1785763601147054592,1785763601147060128
trace_random,1,771,109,1785763601146768128,1785763601147088352,1785763601147093920
trace_random,1,772,122,1785763601146768128,1785763601147104736,1785763601147110368
trace_random,1,773,123,1785763601146751168,1785763601147052000,1785763601147057664
trace_random,1,774,4,1785763601146773504,1785763601147122496,1785763601147127840
trace_random,1,775,5,1785763601146756608,1785763601147090336,1785763601147095968
trace_random,1,776,20,1785763601146773504,1785763601147116960,1785763601147122560
trace_random,1,777,21,1785763601146756576,1785763601147060480,1785763601147066176
trace_random,1,778,36,1785763601146756608,1785763601147078368,1785763601147083968
trace_random,1,779,37,1785763601146773504,1785763601147109344,1785763601147114752
trace_random,1,780,52,1785763601146773504,1785763601147094656,1785763601147100416
trace_random,1,781,53,1785763601146773504,1785763601147094656,1785763601147100384
trace_random,1,782,68,1785763601146773504,1785763601147087136,1785763601147092704
trace_random,1,783,69,1785763601146773504,1785763601147113184,1785763601147118208
trace_random,1,784,82,1785763601146773504,1785763601147100960,1785763601147106688
trace_random,1,785,83,1785763601146756608,1785763601147069728,1785763601147075552
trace_random,1,786,96,1785763601146773504,1785763601147095232,1785763601147101088
trace_random,1,787,97,1785763601146773504,1785763601147103360,1785763601147109152
trace_random,1,788,110,1785763601146773504,1785763601147101504,1785763601147107136
trace_random,1,789,111,1785763601146773504,1785763601147102688,1785763601147108352
trace_random,1,790,124,1785763601146773504,1785763601147071168,1785763601147076896
trace_random,1,791,125,1785763601146773504,1785763601147080608,1785763601147086272
trace_random,1,792,142,1785763601146770432,1785763601147099392,1785763601147105056
trace_random,1,793,143,1785763601146770432,1785763601147108992,1785763601147114720
trace_random,1,794,144,1785763601146770432,1785763601147117376,1785763601147122784
trace_random,1,795,145,1785763601146770432,1785763601147060320,1785763601147065920
trace_random,1,796,146,1785763601146770432,1785763601147098624,1785763601147104288
trace_random,1,797,147,1785763601146770432,1785763601147066240,1785763601147071968
trace_random,1,798,6,1785763601146773888,1785763601147080672,1785763601147086304
trace_random,1,799,7,1785763601146773888,1785763601147111616,1785763601147117312
trace_random,1,800,22,1785763601146773888,1785763601147126176,1785763601147131808
trace_random,1,801,23,1785763601146757088,1785763601147102368,1785763601147108032
trace_random,1,802,38,1785763601146773920,1785763601147130144,1785763601147135840
trace_random,1,803,39,1785763601146773920,1785763601147110880,1785763601147116544
trace_random,1,804,54,1785763601146773920,1785763601147123456,1785763601147128992
trace_random,1,805,55,1785763601146773920,1785763601147133632,1785763601147138880
trace_random,1,806,70,1785763601146773888,1785763601147060704,1785763601147066304
trace_random,1,807,71,1785763601146757120,1785763601147082784,1785763601147088352
trace_random,1,808,84,1785763601146773888,1785763601147124000,1785763601147129632
trace_random,1,809,85,1785763601146773888,1785763601147091008,1785763601147096608
trace_random,1,810,98,1785763601146773888,1785763601147102528,1785763601147108064
trace_random,1,811,99,1785763601146773920,1785763601147130240,1785763601147135712
trace_random,1,812,112,1785763601146773888,1785763601147109312,1785763601147114784
trace_random,1,813,113,1785763601146773888,1785763601147116032,1785763601147121536
trace_random,1,814,126,1785763601146773888,1785763601147113824,1785763601147119296
trace_random,1,815,127,1785763601146757120,1785763601147090432,1785763601147095904
trace_random,1,816,8,1785763601146750560,1785763601147073952,1785763601147079552
trace_random,1,817,9,1785763601146750560,1785763601147096768,1785763601147102432
trace_random,1,818,24,1785763601146750560,1785763601147084064,1785763601147089760
trace_random,1,819,25,1785763601146767488,1785763601147093248,1785763601147098944
trace_random,1,820,40,1785763601146767520,1785763601147065376,1785763601147070944
trace_random,1,821,41,1785763601146767488,1785763601147113408,1785763601147118944
trace_random,1,822,56,1785763601146750560,1785763601147089344,1785763601147095040
trace_random,1,823,57,1785763601146750560,1785763601147036640,1785763601147042272
trace_random,1,824,72,1785763601146750560,1785763601147053824,1785763601147059456
trace_random,1,825,73,1785763601146750560,1785763601147064832,1785763601147070560
trace_random,1,826,86,1785763601146767488,1785763601147088288,1785763601147093920
trace_random,1,827,87,1785763601146767520,1785763601147078784,1785763601147084544
trace_random,1,828,100,1785763601146767520,1785763601147087424,1785763601147093216
trace_random,1,829,101,1785763601146767520,1785763601147114720,1785763601147120416
trace_random,1,830,114,1785763601146767520,1785763601147124064,1785763601147129696
trace_random,1,831,115,1785763601146767488,1785763601147050720,1785763601147056384
trace_random,1,832,128,1785763601146767488,1785763601147119744,1785763601147125344
trace_random,1,833,129,1785763601146767488,1785763601147069280,1785763601147074848
trace_random,1,834,10,1785763601146766816,1785763601147102848,1785763601147108480
trace_random,1,835,11,1785763601146766816,1785763601147124704,1785763601147130048
trace_random,1,836,26,1785763601146766816,1785763601147047424,1785763601147053088
trace_random,1,837,27,1785763601146766816,1785763601147119872,1785763601147125472
trace_random,1,838,42,1785763601146766816,1785763601147107520,1785763601147113024
trace_random,1,839,43,1785763601146766816,1785763601147080864,1785763601147086400
trace_random,1,840,58,1785763601146766848,1785763601147075904,1785763601147081568
trace_random,1,841,59,1785763601146766816,1785763601147110304,1785763601147115968
trace_random,1,842,74,1785763601146766816,1785763601147100096,1785763601147105664
trace_random,1,843,75,1785763601146766816,1785763601147117600,1785763601147122752
trace_random,1,844,88,1785763601146766848,1785763601147119232,1785763601147124224
trace_random,1,845,89,1785763601146766848,1785763601147115104,1785763601147120416
trace_random,1,846,102,1785763601146749920,1785763601147081760,1785763601147087392
trace_random,1,847,103,1785763601146766848,1785763601147112640,1785763601147118048
trace_random,1,848,116,1785763601146766816,1785763601147111776,1785763601147117344
trace_random,1,849,117,1785763601146766816,1785763601147117568,1785763601147123136
trace_random,1,850,130,1785763601146766816,1785763601147109088,1785763601147114432
trace_random,1,851,131,1785763601146749920,1785763601147082976,1785763601147088480
trace_random,1,852,136,1785763601146766816,1785763601147083872,1785763601147089472
trace_random,1,853,137,1785763601146766816,1785763601147057568,1785763601147063168
trace_random,1,854,12,1785763601146752896,1785763601147072576,1785763601147078272
trace_random,1,855,13,1785763601146769760,1785763601147117440,1785763601147122592
trace_random,1,856,28,1785763601146769760,1785763601147113472,1785763601147118880
trace_random,1,857,29,1785763601146769760,1785763601147064768,1785763601147070432
trace_random,1,858,44,1785763601146752864,1785763601147079552,1785763601147085248
trace_random,1,859,45,1785763601146769760,1785763601147061344,1785763601147067136
trace_random,1,860,60,1785763601146752896,1785763601147072160,1785763601147077920
trace_random,1,861,61,1785763601146769760,1785763601147084576,1785763601147090368
trace_random,1,862,76,1785763601146769760,1785763601147105088,1785763601147110560
trace_random,1,863,77,1785763601146769760,1785763601147100128,1785763601147105792
trace_random,1,864,90,1785763601146769760,1785763601147070496,1785763601147076256
trace_random,1,865,91,1785763601146769760,1785763601147118144,1785763601147123840
trace_random,1,866,104,1785763601146752896,1785763601147102080,1785763601147107936
trace_random,1,867,105,1785763601146769760,1785763601147091008,1785763601147096768
trace_random,1,868,118,1785763601146752896,1785763601147094144,1785763601147099744
trace_random,1,869,119,1785763601146769760,1785763601147105728,1785763601147111520
trace_random,1,870,132,1785763601146769760,1785763601147110688,1785763601147116032
trace_random,1,871,133,1785763601146769760,1785763601147112864,1785763601147118272
trace_random,1,872,138,1785763601146769760,1785763601147089824,1785763601147095456
trace_random,1,873,139,1785763601146769760,1785763601147071488,1785763601147077152
trace_random,1,874,14,1785763601146750176,1785763601147095040,1785763601147100672
trace_random,1,875,15,1785763601146767104,1785763601147087648,1785763601147093248
trace_random,1,876,30,1785763601146767104,1785763601147073440,1785763601147079168
trace_random,1,877,31,1785763601146767104,1785763601147112416,1785763601147118144
trace_random,1,878,46,1785763601146767104,1785763601147075872,1785763601147081536
trace_random,1,879,47,1785763601146767104,1785763601147076960,1785763601147082592
trace_random,1,880,62,1785763601146767104,1785763601147077056,1785763601147082784
trace_random,1,881,63,1785763601146767104,1785763601147109632,1785763601147115392
trace_random,1,882,78,1785763601146767104,1785763601147091648,1785763601147097280
trace_random,1,883,79,1785763601146767104,1785763601147097632,1785763601147103264
trace_random,1,884,92,1785763601146767104,1785763601147099712,1785763601147105440
trace_random,1,885,93,1785763601146767104,1785763601147101056,1785763601147106784
trace_random,1,886,106,1785763601146767104,1785763601147083008,1785763601147088800
trace_random,1,887,107,1785763601146767136,1785763601147108064,1785763601147113664
trace_random,1,888,120,1785763601146767104,1785763601147102912,1785763601147108352
trace_random,1,889,121,1785763601146750176,1785763601147070368,1785763601147076096
trace_random,1,890,134,1785763601146750176,1785763601147052480,1785763601147058016
trace_random,1,891,135,1785763601146767104,1785763601147067616,1785763601147073184
trace_random,1,892,140,1785763601146767104,1785763601147053600,1785763601147059328
trace_random,1,893,141,1785763601146767104,1785763601147107904,1785763601147113600
trace_random,1,894,0,1785763601146770432,1785763601147104000,1785763601147109536
trace_random,1,895,1,1785763601146753472,1785763601147067232,1785763601147072832
trace_random,1,896,16,1785763601146770432,1785763601147117088,1785763601147122368
trace_random,1,897,17,1785763601146770432,1785763601147109888,1785763601147115648
trace_random,1,898,32,1785763601146770432,1785763601147116928,1785763601147122112
trace_random,1,899,33,1785763601146770432,1785763601147093184,1785763601147098848
trace_random,1,900,48,1785763601146770432,1785763601147097632,1785763601147103328
trace_random,1,901,49,1785763601146753472,1785763601147090432,1785763601147096128
trace_random,1,902,64,1785763601146770432,1785763601147070272,1785763601147075904
trace_random,1,903,65,1785763601146770432,1785763601147120064,1785763601147125440
trace_random,1,904,2,1785763601146768128,1785763601147079392,1785763601147085056
trace_random,1,905,3,1785763601146768128,1785763601147097824,1785763601147103392
trace_random,1,906,18,1785763601146768128,1785763601147116192,1785763601147121856
trace_random,1,907,19,1785763601146768128,1785763601147090048,1785763601147095712
trace_random,1,908,34,1785763601146768128,1785763601147084800,1785763601147090368
trace_random,1,909,35,1785763601146768128,1785763601147090240,1785763601147095776
trace_random,1,910,50,1785763601146751168,1785763601147043840,1785763601147049600
trace_random,1,911,51,1785763601146768128,1785763601147067520,1785763601147073312
trace_random,1,912,66,1785763601146768128,1785763601147089920,1785763601147095488
trace_random,1,913,67,1785763601146768128,1785763601147087776,1785763601147093376
trace_random,1,914,80,1785763601146751168,1785763601147097216,1785763601147102880
trace_random,1,915,81,1785763601146768128,1785763601147106176,1785763601147111904
trace_random,1,916,94,1785763601146768128,1785763601147103648,1785763601147109344
trace_random,1,917,95,1785763601146751168,1785763601147071136,1785763601147076960
trace_random,1,918,108,1785763601146768128,1785763601147113184,1785763601147118432
trace_random,1,919,109,1785763601146768128,1785763601147051360,1785763601147056864
trace_random,1,920,122,1785763601146751168,1785763601147074784,1785763601147080416
trace_random,1,921,123,1785763601146768128,1785763601147070720,1785763601147076416
trace_random,1,922,4,1785763601146773504,1785763601147099744,1785763601147105344
trace_random,1,923,5,1785763601146773504,1785763601147093344,1785763601147098656
trace_random,1,924,20,1785763601146773504,1785763601147122496,1785763601147127840
trace_random,1,925,21,1785763601146773504,1785763601147119968,1785763601147125312
trace_random,1,926,36,1785763601146773504,1785763601147085696,1785763601147091360
trace_random,1,927,37,1785763601146773504,1785763601147083872,1785763601147089408
trace_random,1,928,52,1785763601146773536,1785763601147128000,1785763601147133408
trace_random,1,929,53,1785763601146756608,1785763601147097792,1785763601147103456
trace_random,1,930,68,1785763601146756608,1785763601147058944,1785763601147064512
trace_random,1,931,69,1785763601146773504,1785763601147108224,1785763601147113792
trace_random,1,932,82,1785763601146773504,1785763601147093440,1785763601147099104
trace_random,1,933,83,1785763601146773504,1785763601147118656,1785763601147124352
trace_random,1,934,96,1785763601146773536,1785763601147116576,1785763601147122336
trace_random,1,935,97,1785763601146773536,1785763601147116672,1785763601147122432
trace_random,1,936,110,1785763601146773504,1785763601147082368,1785763601147088000
trace_random,1,937,111,1785763601146756608,1785763601147076384,1785763601147082112
trace_random,1,938,124,1785763601146756608,1785763601147087200,1785763601147092896
trace_random,1,939,125,1785763601146773504,1785763601147085984,1785763601147091680
trace_random,1,940,6,1785763601146757120,1785763601147111840,1785763601147117472
trace_random,1,941,7,1785763601146757120,1785763601147074720,1785763601147080416
trace_random,1,942,22,1785763601146773888,1785763601147090080,1785763601147095712
trace_random,1,943,23,1785763601146773888,1785763601147062336,1785763601147068064
trace_random,1,944,38,1785763601146757120,1785763601147116672,1785763601147122336
trace_random,1,945,39,1785763601146773888,1785763601147080928,1785763601147086720
trace_random,1,946,54,1785763601146773920,1785763601147104000,1785763601147109568
trace_random,1,947,55,1785763601146773920,1785763601147092352,1785763601147098080
trace_random,1,948,70,1785763601146773888,1785763601147105856,1785763601147111456
trace_random,1,949,71,1785763601146773888,1785763601147120384,1785763601147125792
trace_random,1,950,84,1785763601146757120,1785763601147113664,1785763601147119168
trace_random,1,951,85,1785763601146773920,1785763601147114816,1785763601147120512
trace_random,1,952,98,1785763601146757120,1785763601147107616,1785763601147112832
trace_random,1,953,99,1785763601146773888,1785763601147129056,1785763601147134432
trace_random,1,954,112,1785763601146773888,1785763601147103616,1785763601147109152
trace_random,1,955,113,1785763601146773888,1785763601147110944,1785763601147116480
trace_random,1,956,126,1785763601146773888,1785763601147107680,1785763601147113248
trace_random,1,957,127,1785763601146773888,1785763601147127072,1785763601147132672
trace_random,1,958,8,1785763601146767520,1785763601147101472,1785763601147107168
trace_random,1,959,9,1785763601146767488,1785763601147114752,1785763601147120224
trace_random,1,960,24,1785763601146767488,1785763601147099392,1785763601147105024
trace_random,1,961,25,1785763601146750560,1785763601147097184,1785763601147102944
trace_random,1,962,40,1785763601146750560,1785763601147088448,1785763601147094016
trace_random,1,963,41,1785763601146767520,1785763601147069216,1785763601147074848
trace_random,1,964,56,1785763601146767520,1785763601147121120,1785763601147126560
trace_random,1,965,57,1785763601146750560,1785763601147090016,1785763601147095648
trace_random,1,966,72,1785763601146767488,1785763601147108608,1785763601147114048
trace_random,1,967,73,1785763601146750560,1785763601147063104,1785763601147068768
trace_random,1,968,86,1785763601146767520,1785763601147089920,1785763601147095648
trace_random,1,969,87,1785763601146767520,1785763601147092288,1785763601147097984
trace_random,1,970,100,1785763601146767520,1785763601147078208,1785763601147084032
trace_random,1,971,101,1785763601146750560,1785763601147101312,1785763601147107040
trace_random,1,972,114,1785763601146767520,1785763601147076768,1785763601147082464
trace_random,1,973,115,1785763601146750560,1785763601147099104,1785763601147104544
trace_random,1,974,128,1785763601146767520,1785763601147087136,1785763601147092896
trace_random,1,975,129,1785763601146767488,1785763601147076704,1785763601147082240
trace_random,1,976,10,1785763601146749920,1785763601147090752,1785763601147096448
trace_random,1,977,11,1785763601146766848,1785763601147089248,1785763601147094944
trace_random,1,978,26,1785763601146766816,1785763601147088256,1785763601147093920
trace_random,1,979,27,1785763601146766816,1785763601147092544,1785763601147098208
trace_random,1,980,42,1785763601146766816,1785763601147114272,1785763601147119616
trace_random,1,981,43,1785763601146766816,1785763601147079072,1785763601147084608
trace_random,1,982,58,1785763601146766848,1785763601147115776,1785763601147121152
trace_random,1,983,59,1785763601146766848,1785763601147105952,1785763601147111520
trace_random,1,984,74,1785763601146749920,1785763601147094688,1785763601147100256
trace_random,1,985,75,1785763601146766816,1785763601147114048,1785763601147119648
trace_random,1,986,88,1785763601146766848,1785763601147118208,1785763601147123616
trace_random,1,987,89,1785763601146749920,1785763601147091232,1785763601147096768
trace_random,1,988,102,1785763601146766816,1785763601147120064,1785763601147125472
trace_random,1,989,103,1785763601146766816,1785763601147107072,1785763601147112672
trace_random,1,990,116,1785763601146766848,1785763601147105408,1785763601147110912
trace_random,1,991,117,1785763601146766848,1785763601147113504,1785763601147119072
trace_random,1,992,12,1785763601146769760,1785763601147099360,1785763601147105088
trace_random,1,993,13,1785763601146769760,1785763601147070016,1785763601147075680
trace_random,1,994,28,1785763601146769760,1785763601147092224,1785763601147097984
trace_random,1,995,29,1785763601146769760,1785763601147122624,1785763601147128352
trace_random,1,996,44,1785763601146769760,1785763601147091104,1785763601147096704
trace_random,1,997,45,1785763601146752896,1785763601147058144,1785763601147063872
trace_random,1,998,60,1785763601146769760,1785763601147031680,1785763601147037568
trace_random,1,999,61,1785763601146752896,1785763601147073248,1785763601147079040
trace_random,1,1000,76,1785763601146769760,1785763601147097984,1785763601147103616
trace_random,1,1001,77,1785763601146769760,1785763601147119360,1785763601147124864
trace_random,1,1002,90,1785763601146769760,1785763601147064096,1785763601147069856
trace_random,1,1003,91,1785763601146769760,1785763601147066176,1785763601147071904
trace_random,1,1004,104,1785763601146769760,1785763601147101088,1785763601147106912
trace_random,1,1005,105,1785763601146769760,1785763601147100192,1785763601147106080
trace_random,1,1006,118,1785763601146769760,1785763601147110720,1785763601147116416
trace_random,1,1007,119,1785763601146769760,1785763601147108096,1785763601147113568
trace_random,1,1008,14,1785763601146750176,1785763601147094496,1785763601147100032
trace_random,1,1009,15,1785763601146767104,1785763601147114784,1785763601147120416
trace_random,1,1010,30,1785763601146767104,1785763601147068864,1785763601147074656
trace_random,1,1011,31,1785763601146767104,1785763601147115648,1785763601147120992
trace_random,1,1012,46,1785763601146767104,1785763601147092928,1785763601147098528
trace_random,1,1013,47,1785763601146750176,1785763601147067968,1785763601147073664
trace_random,1,1014,62,1785763601146767104,1785763601147109088,1785763601147114784
trace_random,1,1015,63,1785763601146767136,1785763601147114464,1785763601147120064
trace_random,1,1016,78,1785763601146767104,1785763601147104704,1785763601147110432
trace_random,1,1017,79,1785763601146767104,1785763601147106144,1785763601147111584
trace_random,1,1018,92,1785763601146767104,1785763601147115136,1785763601147120704
trace_random,1,1019,93,1785763601146767104,1785763601147107456,1785763601147113152
trace_random,1,1020,106,1785763601146767136,1785763601147110304,1785763601147115968
trace_random,1,1021,107,1785763601146767104,1785763601147105728,1785763601147111328
trace_random,1,1022,120,1785763601146750176,1785763601147062464,1785763601147068256
trace_random,1,1023,121,1785763601146767104,1785763601147050144,1785763601147055968
