tag,kernel_id,block_id,sm_id,t_launch,t_dep_satisfied,t_end
trace_interval,0,0,142,1785763600237593728,1785763600237593728,1785763600237697376
trace_interval,0,1,143,1785763600237593696,1785763600237593696,1785763600237697376
trace_interval,0,2,144,1785763600237593664,1785763600237593664,1785763600237697312
trace_interval,0,3,145,1785763600237593664,1785763600237593664,1785763600237697344
trace_interval,0,4,146,1785763600237593664,1785763600237593664,1785763600237697312
trace_interval,0,5,147,1785763600237593664,1785763600237593664,1785763600237697344
trace_interval,0,6,0,1785763600237593632,1785763600237593632,1785763600237697312
trace_interval,0,7,1,1785763600237593632,1785763600237593632,1785763600237697312
trace_interval,0,8,16,1785763600237593664,1785763600237593664,1785763600237697344
trace_interval,0,9,17,1785763600237593664,1785763600237593664,1785763600237697344
trace_interval,0,10,32,1785763600237593664,1785763600237593664,1785763600237697312
trace_interval,0,11,33,1785763600237593664,1785763600237593664,1785763600237697312
trace_interval,0,12,48,1785763600237593696,1785763600237593696,1785763600237697344
trace_interval,0,13,49,1785763600237593664,1785763600237593664,1785763600237697376
trace_interval,0,14,64,1785763600237593664,1785763600237593664,1785763600237697344
trace_interval,0,15,65,1785763600237593696,1785763600237593696,1785763600237697344
trace_interval,0,16,2,1785763600237593504,1785763600237593504,1785763600237697088
trace_interval,0,17,3,1785763600237593504,1785763600237593504,1785763600237697088
trace_interval,0,18,18,1785763600237593504,1785763600237593504,1785763600237697088
trace_interval,0,19,19,1785763600237593504,1785763600237593504,1785763600237697120
trace_interval,0,20,34,1785763600237593504,1785763600237593504,1785763600237697088
trace_interval,0,21,35,1785763600237593536,1785763600237593536,1785763600237697120
trace_interval,0,22,50,1785763600237593504,1785763600237593504,1785763600237697088
trace_interval,0,23,51,1785763600237593536,1785763600237593536,1785763600237697120
trace_interval,0,24,66,1785763600237593472,1785763600237593472,1785763600237697120
trace_interval,0,25,67,1785763600237593504,1785763600237593504,1785763600237697088
trace_interval,0,26,80,1785763600237593504,1785763600237593504,1785763600237697088
trace_interval,0,27,81,1785763600237593536,1785763600237593536,1785763600237697120
trace_interval,0,28,94,1785763600237593504,1785763600237593504,1785763600237697120
trace_interval,0,29,95,1785763600237593568,1785763600237593568,1785763600237697120
trace_interval,0,30,108,1785763600237593504,1785763600237593504,1785763600237697088
trace_interval,0,31,109,1785763600237593504,1785763600237593504,1785763600237697088
trace_interval,0,32,122,1785763600237593504,1785763600237593504,1785763600237697120
trace_interval,0,33,123,1785763600237593504,1785763600237593504,1785763600237697088
trace_interval,0,34,4,1785763600237593504,1785763600237593504,1785763600237697024
trace_interval,0,35,5,1785763600237593504,1785763600237593504,1785763600237697056
trace_interval,0,36,20,1785763600237593504,1785763600237593504,1785763600237697024
trace_interval,0,37,21,1785763600237593536,1785763600237593536,1785763600237697024
trace_interval,0,38,36,1785763600237593504,1785763600237593504,1785763600237696992
trace_interval,0,39,37,1785763600237593504,1785763600237593504,1785763600237697056
trace_interval,0,40,52,1785763600237593504,1785763600237593504,1785763600237697056
trace_interval,0,41,53,1785763600237593536,1785763600237593536,1785763600237697056
trace_interval,0,42,68,1785763600237593472,1785763600237593472,1785763600237696992
trace_interval,0,43,69,1785763600237593504,1785763600237593504,1785763600237697024
trace_interval,0,44,82,1785763600237593504,1785763600237593504,1785763600237697056
trace_interval,0,45,83,1785763600237593536,1785763600237593536,1785763600237697056
trace_interval,0,46,96,1785763600237593504,1785763600237593504,1785763600237697056
trace_interval,0,47,97,1785763600237593568,1785763600237593568,1785763600237697024
trace_interval,0,48,110,1785763600237593536,1785763600237593536,1785763600237697056
trace_interval,0,49,111,1785763600237593536,1785763600237593536,1785763600237697056
trace_interval,0,50,124,1785763600237593504,1785763600237593504,1785763600237697024
trace_interval,0,51,125,1785763600237593504,1785763600237593504,1785763600237697056
trace_interval,0,52,6,1785763600237593504,1785763600237593504,1785763600237696832
trace_interval,0,53,7,1785763600237593536,1785763600237593536,1785763600237696768
trace_interval,0,54,22,1785763600237593504,1785763600237593504,1785763600237696768
trace_interval,0,55,23,1785763600237593504,1785763600237593504,1785763600237696768
trace_interval,0,56,38,1785763600237593504,1785763600237593504,1785763600237696832
trace_interval,0,57,39,1785763600237593536,1785763600237593536,1785763600237696832
trace_interval,0,58,54,1785763600237593504,1785763600237593504,1785763600237696832
trace_interval,0,59,55,1785763600237593536,1785763600237593536,1785763600237696832
trace_interval,0,60,70,1785763600237593504,1785763600237593504,1785763600237696736
trace_interval,0,61,71,1785763600237593504,1785763600237593504,1785763600237696800
trace_interval,0,62,84,1785763600237593504,1785763600237593504,1785763600237696832
trace_interval,0,63,85,1785763600237593568,1785763600237593568,1785763600237696768
trace_interval,0,64,98,1785763600237593504,1785763600237593504,1785763600237696800
trace_interval,0,65,99,1785763600237593536,1785763600237593536,1785763600237696832
trace_interval,0,66,112,1785763600237593472,1785763600237593472,1785763600237696768
trace_interval,0,67,113,1785763600237593504,1785763600237593504,1785763600237696768
trace_interval,0,68,126,1785763600237593504,1785763600237593504,1785763600237696768
trace_interval,0,69,127,1785763600237593504,1785763600237593504,1785763600237696832
trace_interval,0,70,8,1785763600237593664,1785763600237593664,1785763600237697120
trace_interval,0,71,9,1785763600237593664,1785763600237593664,1785763600237697152
trace_interval,0,72,24,1785763600237593664,1785763600237593664,1785763600237697152
trace_interval,0,73,25,1785763600237593664,1785763600237593664,1785763600237697120
trace_interval,0,74,40,1785763600237593696,1785763600237593696,1785763600237697152
trace_interval,0,75,41,1785763600237593696,1785763600237593696,1785763600237697152
trace_interval,0,76,56,1785763600237593728,1785763600237593728,1785763600237697056
trace_interval,0,77,57,1785763600237593696,1785763600237593696,1785763600237697184
trace_interval,0,78,72,1785763600237593696,1785763600237593696,1785763600237697248
trace_interval,0,79,73,1785763600237593664,1785763600237593664,1785763600237697120
trace_interval,0,80,86,1785763600237593664,1785763600237593664,1785763600237697152
trace_interval,0,81,87,1785763600237593696,1785763600237593696,1785763600237697152
trace_interval,0,82,100,1785763600237593664,1785763600237593664,1785763600237697216
trace_interval,0,83,101,1785763600237593696,1785763600237593696,1785763600237697216
trace_interval,0,84,114,1785763600237593696,1785763600237593696,1785763600237697184
trace_interval,0,85,115,1785763600237593728,1785763600237593728,1785763600237697344
trace_interval,0,86,128,1785763600237593696,1785763600237593696,1785763600237697152
trace_interval,0,87,129,1785763600237593664,1785763600237593664,1785763600237697184
trace_interval,0,88,10,1785763600237593504,1785763600237593504,1785763600237697088
trace_interval,0,89,11,1785763600237593568,1785763600237593568,1785763600237697120
trace_interval,0,90,26,1785763600237593504,1785763600237593504,1785763600237697088
trace_interval,0,91,27,1785763600237593536,1785763600237593536,1785763600237697088
trace_interval,0,92,42,1785763600237593504,1785763600237593504,1785763600237697088
trace_interval,0,93,43,1785763600237593536,1785763600237593536,1785763600237697120
trace_interval,0,94,58,1785763600237593536,1785763600237593536,1785763600237697152
trace_interval,0,95,59,1785763600237593600,1785763600237593600,1785763600237697152
trace_interval,0,96,74,1785763600237593504,1785763600237593504,1785763600237697088
trace_interval,0,97,75,1785763600237593504,1785763600237593504,1785763600237697088
trace_interval,0,98,88,1785763600237593504,1785763600237593504,1785763600237697152
trace_interval,0,99,89,1785763600237593568,1785763600237593568,1785763600237697088
trace_interval,0,100,102,1785763600237593504,1785763600237593504,1785763600237697120
trace_interval,0,101,103,1785763600237593536,1785763600237593536,1785763600237697184
trace_interval,0,102,116,1785763600237593504,1785763600237593504,1785763600237697088
trace_interval,0,103,117,1785763600237593568,1785763600237593568,1785763600237697152
trace_interval,0,104,130,1785763600237593472,1785763600237593472,1785763600237697088
trace_interval,0,105,131,1785763600237593504,1785763600237593504,1785763600237697088
trace_interval,0,106,136,1785763600237593504,1785763600237593504,1785763600237697088
trace_interval,0,107,137,1785763600237593536,1785763600237593536,1785763600237697120
trace_interval,0,108,142,1785763600237593664,1785763600237593664,1785763600237697376
trace_interval,0,109,143,1785763600237593696,1785763600237593696,1785763600237697376
trace_interval,0,110,144,1785763600237593696,1785763600237593696,1785763600237697344
trace_interval,0,111,145,1785763600237593696,1785763600237593696,1785763600237697344
trace_interval,0,112,146,1785763600237593664,1785763600237593664,1785763600237697312
trace_interval,0,113,147,1785763600237593664,1785763600237593664,1785763600237697344
trace_interval,0,114,12,1785763600237593632,1785763600237593632,1785763600237696960
trace_interval,0,115,13,1785763600237593632,1785763600237593632,1785763600237696992
trace_interval,0,116,28,1785763600237593664,1785763600237593664,1785763600237696992
trace_interval,0,117,29,1785763600237593664,1785763600237593664,1785763600237696992
trace_interval,0,118,44,1785763600237593696,1785763600237593696,1785763600237696992
trace_interval,0,119,45,1785763600237593696,1785763600237593696,1785763600237696960
trace_interval,0,120,60,1785763600237593696,1785763600237593696,1785763600237697024
trace_interval,0,121,61,1785763600237593728,1785763600237593728,1785763600237697024
trace_interval,0,122,76,1785763600237593632,1785763600237593632,1785763600237696960
trace_interval,0,123,77,1785763600237593664,1785763600237593664,1785763600237696960
trace_interval,0,124,90,1785763600237593696,1785763600237593696,1785763600237696992
trace_interval,0,125,91,1785763600237593664,1785763600237593664,1785763600237696960
trace_interval,0,126,104,1785763600237593696,1785763600237593696,1785763600237697024
trace_interval,0,127,105,1785763600237593728,1785763600237593728,1785763600237697184
trace_interval,0,128,118,1785763600237593696,1785763600237593696,1785763600237696992
trace_interval,0,129,119,1785763600237593696,1785763600237593696,1785763600237696992
trace_interval,0,130,132,1785763600237593664,1785763600237593664,1785763600237696832
trace_interval,0,131,133,1785763600237593664,1785763600237593664,1785763600237696896
trace_interval,0,132,138,1785763600237593664,1785763600237593664,1785763600237696896
trace_interval,0,133,139,1785763600237593696,1785763600237593696,1785763600237696896
trace_interval,0,134,14,1785763600237593664,1785763600237593664,1785763600237697248
trace_interval,0,135,15,1785763600237593664,1785763600237593664,1785763600237697248
trace_interval,0,136,30,1785763600237593696,1785763600237593696,1785763600237697248
trace_interval,0,137,31,1785763600237593664,1785763600237593664,1785763600237697248
trace_interval,0,138,46,1785763600237593664,1785763600237593664,1785763600237697216
trace_interval,0,139,47,1785763600237593664,1785763600237593664,1785763600237697248
trace_interval,0,140,62,1785763600237593664,1785763600237593664,1785763600237697248
trace_interval,0,141,63,1785763600237593728,1785763600237593728,1785763600237697280
trace_interval,0,142,78,1785763600237593632,1785763600237593632,1785763600237697216
trace_interval,0,143,79,1785763600237593664,1785763600237593664,1785763600237697376
trace_interval,0,144,92,1785763600237593664,1785763600237593664,1785763600237697248
trace_interval,0,145,93,1785763600237593664,1785763600237593664,1785763600237697248
trace_interval,0,146,106,1785763600237593696,1785763600237593696,1785763600237697280
trace_interval,0,147,107,1785763600237593696,1785763600237593696,1785763600237697280
trace_interval,0,148,120,1785763600237593696,1785763600237593696,1785763600237697248
trace_interval,0,149,121,1785763600237593696,1785763600237593696,1785763600237697248
trace_interval,0,150,134,1785763600237593664,1785763600237593664,1785763600237697088
trace_interval,0,151,135,1785763600237593664,1785763600237593664,1785763600237697088
trace_interval,0,152,140,1785763600237593664,1785763600237593664,1785763600237697248
trace_interval,0,153,141,1785763600237593664,1785763600237593664,1785763600237697216
trace_interval,0,154,0,1785763600237593664,1785763600237593664,1785763600237697312
trace_interval,0,155,1,1785763600237593664,1785763600237593664,1785763600237697312
trace_interval,0,156,16,1785763600237593664,1785763600237593664,1785763600237697344
trace_interval,0,157,17,1785763600237593696,1785763600237593696,1785763600237697472
trace_interval,0,158,32,1785763600237593664,1785763600237593664,1785763600237697344
trace_interval,0,159,33,1785763600237593696,1785763600237593696,1785763600237697344
trace_interval,0,160,48,1785763600237593696,1785763600237593696,1785763600237697344
trace_interval,0,161,49,1785763600237593696,1785763600237593696,1785763600237697376
trace_interval,0,162,64,1785763600237593696,1785763600237593696,1785763600237697344
trace_interval,0,163,65,1785763600237593664,1785763600237593664,1785763600237697344
trace_interval,0,164,2,1785763600237593472,1785763600237593472,1785763600237697088
trace_interval,0,165,3,1785763600237593536,1785763600237593536,1785763600237697088
trace_interval,0,166,18,1785763600237593504,1785763600237593504,1785763600237697088
trace_interval,0,167,19,1785763600237593536,1785763600237593536,1785763600237697120
trace_interval,0,168,34,1785763600237593472,1785763600237593472,1785763600237697088
trace_interval,0,169,35,1785763600237593504,1785763600237593504,1785763600237697088
trace_interval,0,170,50,1785763600237593536,1785763600237593536,1785763600237697120
trace_interval,0,171,51,1785763600237593568,1785763600237593568,1785763600237697120
trace_interval,0,172,66,1785763600237593472,1785763600237593472,1785763600237697088
trace_interval,0,173,67,1785763600237593536,1785763600237593536,1785763600237697120
trace_interval,0,174,80,1785763600237593536,1785763600237593536,1785763600237697120
trace_interval,0,175,81,1785763600237593536,1785763600237593536,1785763600237697120
trace_interval,0,176,94,1785763600237593504,1785763600237593504,1785763600237697120
trace_interval,0,177,95,1785763600237593536,1785763600237593536,1785763600237697120
trace_interval,0,178,108,1785763600237593472,1785763600237593472,1785763600237697088
trace_interval,0,179,109,1785763600237593504,1785763600237593504,1785763600237697088
trace_interval,0,180,122,1785763600237593504,1785763600237593504,1785763600237697120
trace_interval,0,181,123,1785763600237593536,1785763600237593536,1785763600237697120
trace_interval,0,182,4,1785763600237593472,1785763600237593472,1785763600237697024
trace_interval,0,183,5,1785763600237593536,1785763600237593536,1785763600237697088
trace_interval,0,184,20,1785763600237593472,1785763600237593472,1785763600237697024
trace_interval,0,185,21,1785763600237593536,1785763600237593536,1785763600237697024
trace_interval,0,186,36,1785763600237593472,1785763600237593472,1785763600237697024
trace_interval,0,187,37,1785763600237593536,1785763600237593536,1785763600237697056
trace_interval,0,188,52,1785763600237593536,1785763600237593536,1785763600237697056
trace_interval,0,189,53,1785763600237593568,1785763600237593568,1785763600237697088
trace_interval,0,190,68,1785763600237593472,1785763600237593472,1785763600237697024
trace_interval,0,191,69,1785763600237593504,1785763600237593504,1785763600237696992
trace_interval,0,192,82,1785763600237593504,1785763600237593504,1785763600237697056
trace_interval,0,193,83,1785763600237593536,1785763600237593536,1785763600237697056
trace_interval,0,194,96,1785763600237593536,1785763600237593536,1785763600237697056
trace_interval,0,195,97,1785763600237593536,1785763600237593536,1785763600237697056
trace_interval,0,196,110,1785763600237593504,1785763600237593504,1785763600237697056
trace_interval,0,197,111,1785763600237593536,1785763600237593536,1785763600237697056
trace_interval,0,198,124,1785763600237593504,1785763600237593504,1785763600237697024
trace_interval,0,199,125,1785763600237593536,1785763600237593536,1785763600237697056
trace_interval,0,200,6,1785763600237593504,1785763600237593504,1785763600237696832
trace_interval,0,201,7,1785763600237593568,1785763600237593568,1785763600237696768
trace_interval,0,202,22,1785763600237593504,1785763600237593504,1785763600237696768
trace_interval,0,203,23,1785763600237593536,1785763600237593536,1785763600237696768
trace_interval,0,204,38,1785763600237593536,1785763600237593536,1785763600237696832
trace_interval,0,205,39,1785763600237593568,1785763600237593568,1785763600237696832
trace_interval,0,206,54,1785763600237593536,1785763600237593536,1785763600237696832
trace_interval,0,207,55,1785763600237593536,1785763600237593536,1785763600237696832
trace_interval,0,208,70,1785763600237593472,1785763600237593472,1785763600237696768
trace_interval,0,209,71,1785763600237593536,1785763600237593536,1785763600237696832
trace_interval,0,210,84,1785763600237593504,1785763600237593504,1785763600237696832
trace_interval,0,211,85,1785763600237593536,1785763600237593536,1785763600237696800
trace_interval,0,212,98,1785763600237593536,1785763600237593536,1785763600237696832
trace_interval,0,213,99,1785763600237593536,1785763600237593536,1785763600237696832
trace_interval,0,214,112,1785763600237593472,1785763600237593472,1785763600237696768
trace_interval,0,215,113,1785763600237593504,1785763600237593504,1785763600237696736
trace_interval,0,216,126,1785763600237593504,1785763600237593504,1785763600237696768
trace_interval,0,217,127,1785763600237593536,1785763600237593536,1785763600237696832
trace_interval,0,218,8,1785763600237593664,1785763600237593664,1785763600237697120
trace_interval,0,219,9,1785763600237593664,1785763600237593664,1785763600237697120
trace_interval,0,220,24,1785763600237593664,1785763600237593664,1785763600237697152
trace_interval,0,221,25,1785763600237593664,1785763600237593664,1785763600237697152
trace_interval,0,222,40,1785763600237593696,1785763600237593696,1785763600237697152
trace_interval,0,223,41,1785763600237593664,1785763600237593664,1785763600237697152
trace_interval,0,224,56,1785763600237593728,1785763600237593728,1785763600237697088
trace_interval,0,225,57,1785763600237593728,1785763600237593728,1785763600237697184
trace_interval,0,226,72,1785763600237593664,1785763600237593664,1785763600237697120
trace_interval,0,227,73,1785763600237593664,1785763600237593664,1785763600237697120
trace_interval,0,228,86,1785763600237593696,1785763600237593696,1785763600237697184
trace_interval,0,229,87,1785763600237593664,1785763600237593664,1785763600237697152
trace_interval,0,230,100,1785763600237593696,1785763600237593696,1785763600237697184
trace_interval,0,231,101,1785763600237593728,1785763600237593728,1785763600237697184
trace_interval,0,232,114,1785763600237593728,1785763600237593728,1785763600237697184
trace_interval,0,233,115,1785763600237593696,1785763600237593696,1785763600237697184
trace_interval,0,234,128,1785763600237593696,1785763600237593696,1785763600237697152
trace_interval,0,235,129,1785763600237593696,1785763600237593696,1785763600237697152
trace_interval,0,236,142,1785763600237593696,1785763600237593696,1785763600237697376
trace_interval,0,237,143,1785763600237593664,1785763600237593664,1785763600237697376
trace_interval,0,238,144,1785763600237593728,1785763600237593728,1785763600237697344
trace_interval,0,239,145,1785763600237593728,1785763600237593728,1785763600237697376
trace_interval,0,240,146,1785763600237593696,1785763600237593696,1785763600237697312
trace_interval,0,241,147,1785763600237593696,1785763600237593696,1785763600237697344
trace_interval,0,242,10,1785763600237593504,1785763600237593504,1785763600237697088
trace_interval,0,243,11,1785763600237593536,1785763600237593536,1785763600237697088
trace_interval,0,244,26,1785763600237593504,1785763600237593504,1785763600237697088
trace_interval,0,245,27,1785763600237593536,1785763600237593536,1785763600237697120
trace_interval,0,246,42,1785763600237593472,1785763600237593472,1785763600237697088
trace_interval,0,247,43,1785763600237593536,1785763600237593536,1785763600237697152
trace_interval,0,248,58,1785763600237593536,1785763600237593536,1785763600237697152
trace_interval,0,249,59,1785763600237593536,1785763600237593536,1785763600237697152
trace_interval,0,250,74,1785763600237593472,1785763600237593472,1785763600237697120
trace_interval,0,251,75,1785763600237593536,1785763600237593536,1785763600237697088
trace_interval,0,252,88,1785763600237593536,1785763600237593536,1785763600237697152
trace_interval,0,253,89,1785763600237593536,1785763600237593536,1785763600237697120
trace_interval,0,254,102,1785763600237593536,1785763600237593536,1785763600237697120
trace_interval,0,255,103,1785763600237593568,1785763600237593568,1785763600237697152
trace_interval,0,256,116,1785763600237593536,1785763600237593536,1785763600237697088
trace_interval,0,257,117,1785763600237593568,1785763600237593568,1785763600237697152
trace_interval,0,258,130,1785763600237593472,1785763600237593472,1785763600237697120
trace_interval,0,259,131,1785763600237593504,1785763600237593504,1785763600237697088
trace_interval,0,260,136,1785763600237593472,1785763600237593472,1785763600237697088
trace_interval,0,261,137,1785763600237593536,1785763600237593536,1785763600237697088
trace_interval,0,262,12,1785763600237593632,1785763600237593632,1785763600237696960
trace_interval,0,263,13,1785763600237593664,1785763600237593664,1785763600237696992
trace_interval,0,264,28,1785763600237593664,1785763600237593664,1785763600237696992
trace_interval,0,265,29,1785763600237593664,1785763600237593664,1785763600237696992
trace_interval,0,266,44,1785763600237593664,1785763600237593664,1785763600237697152
trace_interval,0,267,45,1785763600237593664,1785763600237593664,1785763600237696960
trace_interval,0,268,60,1785763600237593728,1785763600237593728,1785763600237697024
trace_interval,0,269,61,1785763600237593696,1785763600237593696,1785763600237697024
trace_interval,0,270,76,1785763600237593664,1785763600237593664,1785763600237696960
trace_interval,0,271,77,1785763600237593664,1785763600237593664,1785763600237696960
trace_interval,0,272,90,1785763600237593664,1785763600237593664,1785763600237696992
trace_interval,0,273,91,1785763600237593696,1785763600237593696,1785763600237696992
trace_interval,0,274,104,1785763600237593696,1785763600237593696,1785763600237697024
trace_interval,0,275,105,1785763600237593696,1785763600237593696,1785763600237697024
trace_interval,0,276,118,1785763600237593728,1785763600237593728,1785763600237697024
trace_interval,0,277,119,1785763600237593728,1785763600237593728,1785763600237696992
trace_interval,0,278,132,1785763600237593664,1785763600237593664,1785763600237696832
trace_interval,0,279,133,1785763600237593664,1785763600237593664,1785763600237696832
trace_interval,0,280,138,1785763600237593696,1785763600237593696,1785763600237696864
trace_interval,0,281,139,1785763600237593664,1785763600237593664,1785763600237696896
trace_interval,0,282,14,1785763600237593664,1785763600237593664,1785763600237697248
trace_interval,0,283,15,1785763600237593632,1785763600237593632,1785763600237697248
trace_interval,0,284,30,1785763600237593664,1785763600237593664,1785763600237697248
trace_interval,0,285,31,1785763600237593664,1785763600237593664,1785763600237697248
trace_interval,0,286,46,1785763600237593696,1785763600237593696,1785763600237697216
trace_interval,0,287,47,1785763600237593696,1785763600237593696,1785763600237697248
trace_interval,0,288,62,1785763600237593696,1785763600237593696,1785763600237697248
trace_interval,0,289,63,1785763600237593728,1785763600237593728,1785763600237697312
trace_interval,0,290,78,1785763600237593664,1785763600237593664,1785763600237697216
trace_interval,0,291,79,1785763600237593664,1785763600237593664,1785763600237697216
trace_interval,0,292,92,1785763600237593664,1785763600237593664,1785763600237697248
trace_interval,0,293,93,1785763600237593664,1785763600237593664,1785763600237697248
trace_interval,0,294,106,1785763600237593728,1785763600237593728,1785763600237697280
trace_interval,0,295,107,1785763600237593728,1785763600237593728,1785763600237697280
trace_interval,0,296,120,1785763600237593696,1785763600237593696,1785763600237697248
trace_interval,0,297,121,1785763600237593728,1785763600237593728,1785763600237697248
trace_interval,0,298,134,1785763600237593664,1785763600237593664,1785763600237697088
trace_interval,0,299,135,1785763600237593664,1785763600237593664,1785763600237697120
trace_interval,0,300,140,1785763600237593696,1785763600237593696,1785763600237697216
trace_interval,0,301,141,1785763600237593664,1785763600237593664,1785763600237697216
trace_interval,0,302,0,1785763600237593664,1785763600237593664,1785763600237697312
trace_interval,0,303,1,1785763600237593664,1785763600237593664,1785763600237697312
trace_interval,0,304,16,1785763600237593664,1785763600237593664,1785763600237697344
trace_interval,0,305,17,1785763600237593664,1785763600237593664,1785763600237697344
trace_interval,0,306,32,1785763600237593696,1785763600237593696,1785763600237697312
trace_interval,0,307,33,1785763600237593664,1785763600237593664,1785763600237697344
trace_interval,0,308,48,1785763600237593664,1785763600237593664,1785763600237697504
trace_interval,0,309,49,1785763600237593728,1785763600237593728,1785763600237697376
trace_interval,0,310,64,1785763600237593664,1785763600237593664,1785763600237697376
trace_interval,0,311,65,1785763600237593664,1785763600237593664,1785763600237697344
trace_interval,0,312,2,1785763600237593536,1785763600237593536,1785763600237697088
trace_interval,0,313,3,1785763600237593504,1785763600237593504,1785763600237697088
trace_interval,0,314,18,1785763600237593504,1785763600237593504,1785763600237697088
trace_interval,0,315,19,1785763600237593504,1785763600237593504,1785763600237697120
trace_interval,0,316,34,1785763600237593536,1785763600237593536,1785763600237697088
trace_interval,0,317,35,1785763600237593536,1785763600237593536,1785763600237697120
trace_interval,0,318,50,1785763600237593536,1785763600237593536,1785763600237697120
trace_interval,0,319,51,1785763600237593536,1785763600237593536,1785763600237697120
trace_interval,0,320,66,1785763600237593536,1785763600237593536,1785763600237697088
trace_interval,0,321,67,1785763600237593536,1785763600237593536,1785763600237697088
trace_interval,0,322,80,1785763600237593536,1785763600237593536,1785763600237697120
trace_interval,0,323,81,1785763600237593504,1785763600237593504,1785763600237697120
trace_interval,0,324,94,1785763600237593536,1785763600237593536,1785763600237697120
trace_interval,0,325,95,1785763600237593504,1785763600237593504,1785763600237697120
trace_interval,0,326,108,1785763600237593504,1785763600237593504,1785763600237697088
trace_interval,0,327,109,1785763600237593536,1785763600237593536,1785763600237697088
trace_interval,0,328,122,1785763600237593536,1785763600237593536,1785763600237697120
trace_interval,0,329,123,1785763600237593504,1785763600237593504,1785763600237697088
trace_interval,0,330,4,1785763600237593536,1785763600237593536,1785763600237697024
trace_interval,0,331,5,1785763600237593536,1785763600237593536,1785763600237697056
trace_interval,0,332,20,1785763600237593536,1785763600237593536,1785763600237696992
trace_interval,0,333,21,1785763600237593504,1785763600237593504,1785763600237697024
trace_interval,0,334,36,1785763600237593536,1785763600237593536,1785763600237697024
trace_interval,0,335,37,1785763600237593536,1785763600237593536,1785763600237697024
trace_interval,0,336,52,1785763600237593536,1785763600237593536,1785763600237697056
trace_interval,0,337,53,1785763600237593536,1785763600237593536,1785763600237697056
trace_interval,0,338,68,1785763600237593536,1785763600237593536,1785763600237697024
trace_interval,0,339,69,1785763600237593536,1785763600237593536,1785763600237697024
trace_interval,0,340,82,1785763600237593536,1785763600237593536,1785763600237697088
trace_interval,0,341,83,1785763600237593504,1785763600237593504,1785763600237697056
trace_interval,0,342,96,1785763600237593536,1785763600237593536,1785763600237697088
trace_interval,0,343,97,1785763600237593504,1785763600237593504,1785763600237697056
trace_interval,0,344,110,1785763600237593536,1785763600237593536,1785763600237697056
trace_interval,0,345,111,1785763600237593504,1785763600237593504,1785763600237697056
trace_interval,0,346,124,1785763600237593536,1785763600237593536,1785763600237697056
trace_interval,0,347,125,1785763600237593504,1785763600237593504,1785763600237697056
trace_interval,0,348,6,1785763600237593536,1785763600237593536,1785763600237696800
trace_interval,0,349,7,1785763600237593504,1785763600237593504,1785763600237696768
trace_interval,0,350,22,1785763600237593504,1785763600237593504,1785763600237696768
trace_interval,0,351,23,1785763600237593504,1785763600237593504,1785763600237696768
trace_interval,0,352,38,1785763600237593504,1785763600237593504,1785763600237696832
trace_interval,0,353,39,1785763600237593568,1785763600237593568,1785763600237696832
trace_interval,0,354,54,1785763600237593536,1785763600237593536,1785763600237696832
trace_interval,0,355,55,1785763600237593504,1785763600237593504,1785763600237696832
trace_interval,0,356,70,1785763600237593536,1785763600237593536,1785763600237696768
trace_interval,0,357,71,1785763600237593504,1785763600237593504,1785763600237696800
trace_interval,0,358,84,1785763600237593536,1785763600237593536,1785763600237696832
trace_interval,0,359,85,1785763600237593504,1785763600237593504,1785763600237696800
trace_interval,0,360,98,1785763600237593536,1785763600237593536,1785763600237696832
trace_interval,0,361,99,1785763600237593504,1785763600237593504,1785763600237696832
trace_interval,0,362,112,1785763600237593536,1785763600237593536,1785763600237696768
trace_interval,0,363,113,1785763600237593536,1785763600237593536,1785763600237696736
trace_interval,0,364,126,1785763600237593536,1785763600237593536,1785763600237696768
trace_interval,0,365,127,1785763600237593504,1785763600237593504,1785763600237696832
trace_interval,0,366,142,1785763600237593728,1785763600237593728,1785763600237697376
trace_interval,0,367,143,1785763600237593728,1785763600237593728,1785763600237697376
trace_interval,0,368,144,1785763600237593728,1785763600237593728,1785763600237697504
trace_interval,0,369,145,1785763600237593728,1785763600237593728,1785763600237697504
trace_interval,0,370,146,1785763600237593696,1785763600237593696,1785763600237697440
trace_interval,0,371,147,1785763600237593728,1785763600237593728,1785763600237697504
trace_interval,0,372,8,1785763600237593664,1785763600237593664,1785763600237697120
trace_interval,0,373,9,1785763600237593632,1785763600237593632,1785763600237697280
trace_interval,0,374,24,1785763600237593664,1785763600237593664,1785763600237697152
trace_interval,0,375,25,1785763600237593696,1785763600237593696,1785763600237697152
trace_interval,0,376,40,1785763600237593664,1785763600237593664,1785763600237697312
trace_interval,0,377,41,1785763600237593696,1785763600237593696,1785763600237697152
trace_interval,0,378,56,1785763600237593696,1785763600237593696,1785763600237697088
trace_interval,0,379,57,1785763600237593696,1785763600237593696,1785763600237697344
trace_interval,0,380,72,1785763600237593664,1785763600237593664,1785763600237697120
trace_interval,0,381,73,1785763600237593664,1785763600237593664,1785763600237697120
trace_interval,0,382,86,1785763600237593696,1785763600237593696,1785763600237697152
trace_interval,0,383,87,1785763600237593696,1785763600237593696,1785763600237697184
trace_interval,0,384,100,1785763600237593728,1785763600237593728,1785763600237697216
trace_interval,0,385,101,1785763600237593696,1785763600237593696,1785763600237697216
trace_interval,0,386,114,1785763600237593728,1785763600237593728,1785763600237697184
trace_interval,0,387,115,1785763600237593728,1785763600237593728,1785763600237697184
trace_interval,0,388,128,1785763600237593664,1785763600237593664,1785763600237697152
trace_interval,0,389,129,1785763600237593696,1785763600237593696,1785763600237697152
trace_interval,0,390,10,1785763600237593536,1785763600237593536,1785763600237697088
trace_interval,0,391,11,1785763600237593504,1785763600237593504,1785763600237697088
trace_interval,0,392,26,1785763600237593504,1785763600237593504,1785763600237697088
trace_interval,0,393,27,1785763600237593504,1785763600237593504,1785763600237697088
trace_interval,0,394,42,1785763600237593536,1785763600237593536,1785763600237697088
trace_interval,0,395,43,1785763600237593504,1785763600237593504,1785763600237697120
trace_interval,0,396,58,1785763600237593536,1785763600237593536,1785763600237697152
trace_interval,0,397,59,1785763600237593568,1785763600237593568,1785763600237697152
trace_interval,0,398,74,1785763600237593504,1785763600237593504,1785763600237697088
trace_interval,0,399,75,1785763600237593504,1785763600237593504,1785763600237697088
trace_interval,0,400,88,1785763600237593536,1785763600237593536,1785763600237697184
trace_interval,0,401,89,1785763600237593536,1785763600237593536,1785763600237697120
trace_interval,0,402,102,1785763600237593504,1785763600237593504,1785763600237697120
trace_interval,0,403,103,1785763600237593600,1785763600237593600,1785763600237697152
trace_interval,0,404,116,1785763600237593536,1785763600237593536,1785763600237697120
trace_interval,0,405,117,1785763600237593568,1785763600237593568,1785763600237697152
trace_interval,0,406,130,1785763600237593504,1785763600237593504,1785763600237697088
trace_interval,0,407,131,1785763600237593536,1785763600237593536,1785763600237697088
trace_interval,0,408,136,1785763600237593536,1785763600237593536,1785763600237697120
trace_interval,0,409,137,1785763600237593504,1785763600237593504,1785763600237697120
trace_interval,0,410,12,1785763600237593664,1785763600237593664,1785763600237696960
trace_interval,0,411,13,1785763600237593664,1785763600237593664,1785763600237696960
trace_interval,0,412,28,1785763600237593696,1785763600237593696,1785763600237696992
trace_interval,0,413,29,1785763600237593696,1785763600237593696,1785763600237697152
trace_interval,0,414,44,1785763600237593696,1785763600237593696,1785763600237696960
trace_interval,0,415,45,1785763600237593696,1785763600237593696,1785763600237696992
trace_interval,0,416,60,1785763600237593696,1785763600237593696,1785763600237697024
trace_interval,0,417,61,1785763600237593696,1785763600237593696,1785763600237697024
trace_interval,0,418,76,1785763600237593664,1785763600237593664,1785763600237696960
trace_interval,0,419,77,1785763600237593632,1785763600237593632,1785763600237696960
trace_interval,0,420,90,1785763600237593664,1785763600237593664,1785763600237696992
trace_interval,0,421,91,1785763600237593664,1785763600237593664,1785763600237696992
trace_interval,0,422,104,1785763600237593664,1785763600237593664,1785763600237697024
trace_interval,0,423,105,1785763600237593728,1785763600237593728,1785763600237697024
trace_interval,0,424,118,1785763600237593728,1785763600237593728,1785763600237697024
trace_interval,0,425,119,1785763600237593696,1785763600237593696,1785763600237697024
trace_interval,0,426,132,1785763600237593632,1785763600237593632,1785763600237696864
trace_interval,0,427,133,1785763600237593664,1785763600237593664,1785763600237696864
trace_interval,0,428,138,1785763600237593664,1785763600237593664,1785763600237696864
trace_interval,0,429,139,1785763600237593696,1785763600237593696,1785763600237696896
trace_interval,0,430,14,1785763600237593632,1785763600237593632,1785763600237697248
trace_interval,0,431,15,1785763600237593664,1785763600237593664,1785763600237697248
trace_interval,0,432,30,1785763600237593664,1785763600237593664,1785763600237697248
trace_interval,0,433,31,1785763600237593696,1785763600237593696,1785763600237697248
trace_interval,0,434,46,1785763600237593696,1785763600237593696,1785763600237697216
trace_interval,0,435,47,1785763600237593664,1785763600237593664,1785763600237697216
trace_interval,0,436,62,1785763600237593728,1785763600237593728,1785763600237697248
trace_interval,0,437,63,1785763600237593696,1785763600237593696,1785763600237697312
trace_interval,0,438,78,1785763600237593664,1785763600237593664,1785763600237697216
trace_interval,0,439,79,1785763600237593664,1785763600237593664,1785763600237697216
trace_interval,0,440,92,1785763600237593696,1785763600237593696,1785763600237697248
trace_interval,0,441,93,1785763600237593696,1785763600237593696,1785763600237697248
trace_interval,0,442,106,1785763600237593696,1785763600237593696,1785763600237697312
trace_interval,0,443,107,1785763600237593664,1785763600237593664,1785763600237697280
trace_interval,0,444,120,1785763600237593728,1785763600237593728,1785763600237697248
trace_interval,0,445,121,1785763600237593696,1785763600237593696,1785763600237697248
trace_interval,0,446,134,1785763600237593664,1785763600237593664,1785763600237697088
trace_interval,0,447,135,1785763600237593664,1785763600237593664,1785763600237697088
trace_interval,0,448,140,1785763600237593664,1785763600237593664,1785763600237697376
trace_interval,0,449,141,1785763600237593696,1785763600237593696,1785763600237697216
trace_interval,0,450,0,1785763600237593696,1785763600237593696,1785763600237697440
trace_interval,0,451,1,1785763600237593696,1785763600237593696,1785763600237697440
trace_interval,0,452,16,1785763600237593696,1785763600237593696,1785763600237697344
trace_interval,0,453,17,1785763600237593728,1785763600237593728,1785763600237697472
trace_interval,0,454,32,1785763600237593728,1785763600237593728,1785763600237697440
trace_interval,0,455,33,1785763600237593696,1785763600237593696,1785763600237697472
trace_interval,0,456,48,1785763600237593728,1785763600237593728,1785763600237697504
trace_interval,0,457,49,1785763600237593728,1785763600237593728,1785763600237697504
trace_interval,0,458,64,1785763600237593696,1785763600237593696,1785763600237697344
trace_interval,0,459,65,1785763600237593696,1785763600237593696,1785763600237697504
trace_interval,0,460,2,1785763600237593568,1785763600237593568,1785763600237697376
trace_interval,0,461,3,1785763600237593568,1785763600237593568,1785763600237697408
trace_interval,0,462,18,1785763600237593568,1785763600237593568,1785763600237697408
trace_interval,0,463,19,1785763600237593568,1785763600237593568,1785763600237697440
trace_interval,0,464,34,1785763600237593568,1785763600237593568,1785763600237697408
trace_interval,0,465,35,1785763600237593568,1785763600237593568,1785763600237697088
trace_interval,0,466,50,1785763600237593568,1785763600237593568,1785763600237697088
trace_interval,0,467,51,1785763600237593568,1785763600237593568,1785763600237697120
trace_interval,0,468,66,1785763600237593536,1785763600237593536,1785763600237697376
trace_interval,0,469,67,1785763600237593568,1785763600237593568,1785763600237697120
trace_interval,0,470,80,1785763600237593568,1785763600237593568,1785763600237697120
trace_interval,0,471,81,1785763600237593568,1785763600237593568,1785763600237697408
trace_interval,0,472,94,1785763600237593568,1785763600237593568,1785763600237697408
trace_interval,0,473,95,1785763600237593568,1785763600237593568,1785763600237697408
trace_interval,0,474,108,1785763600237593536,1785763600237593536,1785763600237697376
trace_interval,0,475,109,1785763600237593568,1785763600237593568,1785763600237697376
trace_interval,0,476,122,1785763600237593568,1785763600237593568,1785763600237697120
trace_interval,0,477,123,1785763600237593568,1785763600237593568,1785763600237697088
trace_interval,0,478,4,1785763600237593568,1785763600237593568,1785763600237697344
trace_interval,0,479,5,1785763600237593568,1785763600237593568,1785763600237697056
trace_interval,0,480,20,1785763600237593568,1785763600237593568,1785763600237697312
trace_interval,0,481,21,1785763600237593568,1785763600237593568,1785763600237697312
trace_interval,0,482,36,1785763600237593568,1785763600237593568,1785763600237697312
trace_interval,0,483,37,1785763600237593568,1785763600237593568,1785763600237697344
trace_interval,0,484,52,1785763600237593568,1785763600237593568,1785763600237697056
trace_interval,0,485,53,1785763600237593600,1785763600237593600,1785763600237697376
trace_interval,0,486,68,1785763600237593568,1785763600237593568,1785763600237697312
trace_interval,0,487,69,1785763600237593568,1785763600237593568,1785763600237697312
trace_interval,0,488,82,1785763600237593568,1785763600237593568,1785763600237697056
trace_interval,0,489,83,1785763600237593600,1785763600237593600,1785763600237697088
trace_interval,0,490,96,1785763600237593568,1785763600237593568,1785763600237697056
trace_interval,0,491,97,1785763600237593600,1785763600237593600,1785763600237697376
trace_interval,0,492,110,1785763600237593568,1785763600237593568,1785763600237697056
trace_interval,0,493,111,1785763600237593600,1785763600237593600,1785763600237697376
trace_interval,0,494,124,1785763600237593568,1785763600237593568,1785763600237697344
trace_interval,0,495,125,1785763600237593568,1785763600237593568,1785763600237697056
trace_interval,0,496,142,1785763600237593728,1785763600237593728,1785763600237697504
trace_interval,0,497,143,1785763600237593728,1785763600237593728,1785763600237697536
trace_interval,0,498,144,1785763600237593728,1785763600237593728,1785763600237697504
trace_interval,0,499,145,1785763600237593728,1785763600237593728,1785763600237697536
trace_interval,0,500,146,1785763600237593728,1785763600237593728,1785763600237697440
trace_interval,0,501,147,1785763600237593728,1785763600237593728,1785763600237697504
trace_interval,0,502,6,1785763600237593568,1785763600237593568,1785763600237696800
trace_interval,0,503,7,1785763600237593568,1785763600237593568,1785763600237697056
trace_interval,0,504,22,1785763600237593568,1785763600237593568,1785763600237697056
trace_interval,0,505,23,1785763600237593568,1785763600237593568,1785763600237697088
trace_interval,0,506,38,1785763600237593568,1785763600237593568,1785763600237696832
trace_interval,0,507,39,1785763600237593600,1785763600237593600,1785763600237696832
trace_interval,0,508,54,1785763600237593568,1785763600237593568,1785763600237696832
trace_interval,0,509,55,1785763600237593568,1785763600237593568,1785763600237697120
trace_interval,0,510,70,1785763600237593568,1785763600237593568,1785763600237697024
trace_interval,0,511,71,1785763600237593568,1785763600237593568,1785763600237696832
trace_interval,0,512,84,1785763600237593568,1785763600237593568,1785763600237696832
trace_interval,0,513,85,1785763600237593568,1785763600237593568,1785763600237697088
trace_interval,0,514,98,1785763600237593568,1785763600237593568,1785763600237696832
trace_interval,0,515,99,1785763600237593568,1785763600237593568,1785763600237697120
trace_interval,0,516,112,1785763600237593568,1785763600237593568,1785763600237697056
trace_interval,0,517,113,1785763600237593568,1785763600237593568,1785763600237697024
trace_interval,0,518,126,1785763600237593568,1785763600237593568,1785763600237697088
trace_interval,0,519,127,1785763600237593568,1785763600237593568,1785763600237697120
trace_interval,0,520,8,1785763600237593696,1785763600237593696,1785763600237697248
trace_interval,0,521,9,1785763600237593696,1785763600237593696,1785763600237697280
trace_interval,0,522,24,1785763600237593728,1785763600237593728,1785763600237697280
trace_interval,0,523,25,1785763600237593728,1785763600237593728,1785763600237697248
trace_interval,0,524,40,1785763600237593728,1785763600237593728,1785763600237697312
trace_interval,0,525,41,1785763600237593728,1785763600237593728,1785763600237697280
trace_interval,0,526,56,1785763600237593728,1785763600237593728,1785763600237697088
trace_interval,0,527,57,1785763600237593728,1785763600237593728,1785763600237697216
trace_interval,0,528,72,1785763600237593696,1785763600237593696,1785763600237697248
trace_interval,0,529,73,1785763600237593696,1785763600237593696,1785763600237697248
trace_interval,0,530,86,1785763600237593696,1785763600237593696,1785763600237697280
trace_interval,0,531,87,1785763600237593728,1785763600237593728,1785763600237697184
trace_interval,0,532,100,1785763600237593728,1785763600237593728,1785763600237697344
trace_interval,0,533,101,1785763600237593728,1785763600237593728,1785763600237697216
trace_interval,0,534,114,1785763600237593728,1785763600237593728,1785763600237697312
trace_interval,0,535,115,1785763600237593728,1785763600237593728,1785763600237697216
trace_interval,0,536,128,1785763600237593728,1785763600237593728,1785763600237697312
trace_interval,0,537,129,1785763600237593728,1785763600237593728,1785763600237697280
trace_interval,0,538,10,1785763600237593568,1785763600237593568,1785763600237697088
trace_interval,0,539,11,1785763600237593568,1785763600237593568,1785763600237697376
trace_interval,0,540,26,1785763600237593568,1785763600237593568,1785763600237697376
trace_interval,0,541,27,1785763600237593568,1785763600237593568,1785763600237697376
trace_interval,0,542,42,1785763600237593568,1785763600237593568,1785763600237697376
trace_interval,0,543,43,1785763600237593568,1785763600237593568,1785763600237697408
trace_interval,0,544,58,1785763600237593568,1785763600237593568,1785763600237697152
trace_interval,0,545,59,1785763600237593568,1785763600237593568,1785763600237697152
trace_interval,0,546,74,1785763600237593568,1785763600237593568,1785763600237697376
trace_interval,0,547,75,1785763600237593568,1785763600237593568,1785763600237697376
trace_interval,0,548,88,1785763600237593568,1785763600237593568,1785763600237697152
trace_interval,0,549,89,1785763600237593568,1785763600237593568,1785763600237697408
trace_interval,0,550,102,1785763600237593568,1785763600237593568,1785763600237697120
trace_interval,0,551,103,1785763600237593600,1785763600237593600,1785763600237697440
trace_interval,0,552,116,1785763600237593568,1785763600237593568,1785763600237697120
trace_interval,0,553,117,1785763600237593568,1785763600237593568,1785763600237697152
trace_interval,0,554,130,1785763600237593536,1785763600237593536,1785763600237697120
trace_interval,0,555,131,1785763600237593568,1785763600237593568,1785763600237697376
trace_interval,0,556,136,1785763600237593568,1785763600237593568,1785763600237697376
trace_interval,0,557,137,1785763600237593568,1785763600237593568,1785763600237697152
trace_interval,0,558,12,1785763600237593664,1785763600237593664,1785763600237697120
trace_interval,0,559,13,1785763600237593696,1785763600237593696,1785763600237697152
trace_interval,0,560,28,1785763600237593696,1785763600237593696,1785763600237697152
trace_interval,0,561,29,1785763600237593696,1785763600237593696,1785763600237697152
trace_interval,0,562,44,1785763600237593728,1785763600237593728,1785763600237697152
trace_interval,0,563,45,1785763600237593728,1785763600237593728,1785763600237697120
trace_interval,0,564,60,1785763600237593728,1785763600237593728,1785763600237697024
trace_interval,0,565,61,1785763600237593728,1785763600237593728,1785763600237697024
trace_interval,0,566,76,1785763600237593696,1785763600237593696,1785763600237697088
trace_interval,0,567,77,1785763600237593696,1785763600237593696,1785763600237697120
trace_interval,0,568,90,1785763600237593696,1785763600237593696,1785763600237697152
trace_interval,0,569,91,1785763600237593728,1785763600237593728,1785763600237697152
trace_interval,0,570,104,1785763600237593728,1785763600237593728,1785763600237697024
trace_interval,0,571,105,1785763600237593728,1785763600237593728,1785763600237697024
trace_interval,0,572,118,1785763600237593728,1785763600237593728,1785763600237697024
trace_interval,0,573,119,1785763600237593760,1785763600237593760,1785763600237697152
trace_interval,0,574,132,1785763600237593696,1785763600237593696,1785763600237696864
trace_interval,0,575,133,1785763600237593696,1785763600237593696,1785763600237696896
trace_interval,0,576,138,1785763600237593728,1785763600237593728,1785763600237696928
trace_interval,0,577,139,1785763600237593728,1785763600237593728,1785763600237696928
trace_interval,0,578,14,1785763600237593696,1785763600237593696,1785763600237697248
trace_interval,0,579,15,1785763600237593696,1785763600237593696,1785763600237697248
trace_interval,0,580,30,1785763600237593696,1785763600237593696,1785763600237697248
trace_interval,0,581,31,1785763600237593696,1785763600237593696,1785763600237697248
trace_interval,0,582,46,1785763600237593728,1785763600237593728,1785763600237697376
trace_interval,0,583,47,1785763600237593728,1785763600237593728,1785763600237697408
trace_interval,0,584,62,1785763600237593728,1785763600237593728,1785763600237697408
trace_interval,0,585,63,1785763600237593728,1785763600237593728,1785763600237697280
trace_interval,0,586,78,1785763600237593696,1785763600237593696,1785763600237697376
trace_interval,0,587,79,1785763600237593696,1785763600237593696,1785763600237697376
trace_interval,0,588,92,1785763600237593696,1785763600237593696,1785763600237697408
trace_interval,0,589,93,1785763600237593728,1785763600237593728,1785763600237697248
trace_interval,0,590,106,1785763600237593728,1785763600237593728,1785763600237697280
trace_interval,0,591,107,1785763600237593728,1785763600237593728,1785763600237697280
trace_interval,0,592,120,1785763600237593728,1785763600237593728,1785763600237697408
trace_interval,0,593,121,1785763600237593728,1785763600237593728,1785763600237697408
trace_interval,0,594,134,1785763600237593696,1785763600237593696,1785763600237697120
trace_interval,0,595,135,1785763600237593696,1785763600237593696,1785763600237697120
trace_interval,0,596,140,1785763600237593728,1785763600237593728,1785763600237697376
trace_interval,0,597,141,1785763600237593728,1785763600237593728,1785763600237697376
trace_interval,0,598,0,1785763600237593696,1785763600237593696,1785763600237697440
trace_interval,0,599,1,1785763600237593696,1785763600237593696,1785763600237697440
trace_interval,0,600,16,1785763600237593696,1785763600237593696,1785763600237697504
trace_interval,0,601,17,1785763600237593696,1785763600237593696,1785763600237697504
trace_interval,0,602,32,1785763600237593728,1785763600237593728,1785763600237697472
trace_interval,0,603,33,1785763600237593728,1785763600237593728,1785763600237697472
trace_interval,0,604,48,1785763600237593728,1785763600237593728,1785763600237697504
trace_interval,0,605,49,1785763600237593728,1785763600237593728,1785763600237697504
trace_interval,0,606,64,1785763600237593696,1785763600237593696,1785763600237697504
trace_interval,0,607,65,1785763600237593696,1785763600237593696,1785763600237697504
trace_interval,0,608,2,1785763600237593568,1785763600237593568,1785763600237697376
trace_interval,0,609,3,1785763600237593568,1785763600237593568,1785763600237697376
trace_interval,0,610,18,1785763600237593568,1785763600237593568,1785763600237697408
trace_interval,0,611,19,1785763600237593600,1785763600237593600,1785763600237697408
trace_interval,0,612,34,1785763600237593568,1785763600237593568,1785763600237697408
trace_interval,0,613,35,1785763600237593600,1785763600237593600,1785763600237697408
trace_interval,0,614,50,1785763600237593568,1785763600237593568,1785763600237697408
trace_interval,0,615,51,1785763600237593600,1785763600237593600,1785763600237697408
trace_interval,0,616,66,1785763600237593568,1785763600237593568,1785763600237697376
trace_interval,0,617,67,1785763600237593568,1785763600237593568,1785763600237697376
trace_interval,0,618,80,1785763600237593568,1785763600237593568,1785763600237697408
trace_interval,0,619,81,1785763600237593600,1785763600237593600,1785763600237697408
trace_interval,0,620,94,1785763600237593568,1785763600237593568,1785763600237697440
trace_interval,0,621,95,1785763600237593600,1785763600237593600,1785763600237697408
trace_interval,0,622,108,1785763600237593568,1785763600237593568,1785763600237697408
trace_interval,0,623,109,1785763600237593568,1785763600237593568,1785763600237697376
trace_interval,0,624,122,1785763600237593568,1785763600237593568,1785763600237697408
trace_interval,0,625,123,1785763600237593600,1785763600237593600,1785763600237697408
trace_interval,0,626,142,1785763600237593760,1785763600237593760,1785763600237697504
trace_interval,0,627,143,1785763600237593760,1785763600237593760,1785763600237697536
trace_interval,0,628,144,1785763600237593792,1785763600237593792,1785763600237697504
trace_interval,0,629,145,1785763600237593760,1785763600237593760,1785763600237697504
trace_interval,0,630,146,1785763600237593760,1785763600237593760,1785763600237697472
trace_interval,0,631,147,1785763600237593728,1785763600237593728,1785763600237697504
trace_interval,0,632,4,1785763600237593568,1785763600237593568,1785763600237697344
trace_interval,0,633,5,1785763600237593600,1785763600237593600,1785763600237697344
trace_interval,0,634,20,1785763600237593568,1785763600237593568,1785763600237697312
trace_interval,0,635,21,1785763600237593600,1785763600237593600,1785763600237697312
trace_interval,0,636,36,1785763600237593568,1785763600237593568,1785763600237697312
trace_interval,0,637,37,1785763600237593600,1785763600237593600,1785763600237697344
trace_interval,0,638,52,1785763600237593600,1785763600237593600,1785763600237697376
trace_interval,0,639,53,1785763600237593600,1785763600237593600,1785763600237697376
trace_interval,0,640,68,1785763600237593568,1785763600237593568,1785763600237697312
trace_interval,0,641,69,1785763600237593568,1785763600237593568,1785763600237697312
trace_interval,0,642,82,1785763600237593568,1785763600237593568,1785763600237697376
trace_interval,0,643,83,1785763600237593600,1785763600237593600,1785763600237697376
trace_interval,0,644,96,1785763600237593600,1785763600237593600,1785763600237697376
trace_interval,0,645,97,1785763600237593600,1785763600237593600,1785763600237697376
trace_interval,0,646,110,1785763600237593568,1785763600237593568,1785763600237697344
trace_interval,0,647,111,1785763600237593600,1785763600237593600,1785763600237697376
trace_interval,0,648,124,1785763600237593568,1785763600237593568,1785763600237697312
trace_interval,0,649,125,1785763600237593600,1785763600237593600,1785763600237697376
trace_interval,0,650,6,1785763600237593568,1785763600237593568,1785763600237697088
trace_interval,0,651,7,1785763600237593600,1785763600237593600,1785763600237697056
trace_interval,0,652,22,1785763600237593568,1785763600237593568,1785763600237697056
trace_interval,0,653,23,1785763600237593600,1785763600237593600,1785763600237697056
trace_interval,0,654,38,1785763600237593600,1785763600237593600,1785763600237697120
trace_interval,0,655,39,1785763600237593600,1785763600237593600,1785763600237697120
trace_interval,0,656,54,1785763600237593568,1785763600237593568,1785763600237697088
trace_interval,0,657,55,1785763600237593600,1785763600237593600,1785763600237697152
trace_interval,0,658,70,1785763600237593568,1785763600237593568,1785763600237697056
trace_interval,0,659,71,1785763600237593600,1785763600237593600,1785763600237697088
trace_interval,0,660,84,1785763600237593600,1785763600237593600,1785763600237697088
trace_interval,0,661,85,1785763600237593600,1785763600237593600,1785763600237697088
trace_interval,0,662,98,1785763600237593568,1785763600237593568,1785763600237697088
trace_interval,0,663,99,1785763600237593600,1785763600237593600,1785763600237697120
trace_interval,0,664,112,1785763600237593568,1785763600237593568,1785763600237697056
trace_interval,0,665,113,1785763600237593568,1785763600237593568,1785763600237697024
trace_interval,0,666,126,1785763600237593568,1785763600237593568,1785763600237697056
trace_interval,0,667,127,1785763600237593600,1785763600237593600,1785763600237697088
trace_interval,0,668,8,1785763600237593696,1785763600237593696,1785763600237697248
trace_interval,0,669,9,1785763600237593696,1785763600237593696,1785763600237697280
trace_interval,0,670,24,1785763600237593696,1785763600237593696,1785763600237697280
trace_interval,0,671,25,1785763600237593728,1785763600237593728,1785763600237697280
trace_interval,0,672,40,1785763600237593728,1785763600237593728,1785763600237697312
trace_interval,0,673,41,1785763600237593728,1785763600237593728,1785763600237697280
trace_interval,0,674,56,1785763600237593728,1785763600237593728,1785763600237697088
trace_interval,0,675,57,1785763600237593728,1785763600237593728,1785763600237697344
trace_interval,0,676,72,1785763600237593696,1785763600237593696,1785763600237697280
trace_interval,0,677,73,1785763600237593696,1785763600237593696,1785763600237697248
trace_interval,0,678,86,1785763600237593728,1785763600237593728,1785763600237697280
trace_interval,0,679,87,1785763600237593728,1785763600237593728,1785763600237697312
trace_interval,0,680,100,1785763600237593728,1785763600237593728,1785763600237697344
trace_interval,0,681,101,1785763600237593728,1785763600237593728,1785763600237697344
trace_interval,0,682,114,1785763600237593728,1785763600237593728,1785763600237697312
trace_interval,0,683,115,1785763600237593760,1785763600237593760,1785763600237697344
trace_interval,0,684,128,1785763600237593728,1785763600237593728,1785763600237697312
trace_interval,0,685,129,1785763600237593728,1785763600237593728,1785763600237697312
trace_interval,0,686,10,1785763600237593568,1785763600237593568,1785763600237697376
trace_interval,0,687,11,1785763600237593600,1785763600237593600,1785763600237697376
trace_interval,0,688,26,1785763600237593568,1785763600237593568,1785763600237697376
trace_interval,0,689,27,1785763600237593600,1785763600237593600,1785763600237697376
trace_interval,0,690,42,1785763600237593568,1785763600237593568,1785763600237697376
trace_interval,0,691,43,1785763600237593600,1785763600237593600,1785763600237697440
trace_interval,0,692,58,1785763600237593600,1785763600237593600,1785763600237697440
trace_interval,0,693,59,1785763600237593600,1785763600237593600,1785763600237697440
trace_interval,0,694,74,1785763600237593568,1785763600237593568,1785763600237697376
trace_interval,0,695,75,1785763600237593600,1785763600237593600,1785763600237697376
trace_interval,0,696,88,1785763600237593568,1785763600237593568,1785763600237697440
trace_interval,0,697,89,1785763600237593600,1785763600237593600,1785763600237697408
trace_interval,0,698,102,1785763600237593600,1785763600237593600,1785763600237697376
trace_interval,0,699,103,1785763600237593600,1785763600237593600,1785763600237697440
trace_interval,0,700,116,1785763600237593600,1785763600237593600,1785763600237697408
trace_interval,0,701,117,1785763600237593600,1785763600237593600,1785763600237697184
trace_interval,0,702,130,1785763600237593568,1785763600237593568,1785763600237697120
trace_interval,0,703,131,1785763600237593568,1785763600237593568,1785763600237697376
trace_interval,0,704,136,1785763600237593568,1785763600237593568,1785763600237697376
trace_interval,0,705,137,1785763600237593600,1785763600237593600,1785763600237697152
trace_interval,0,706,12,1785763600237593696,1785763600237593696,1785763600237697120
trace_interval,0,707,13,1785763600237593696,1785763600237593696,1785763600237697120
trace_interval,0,708,28,1785763600237593696,1785763600237593696,1785763600237697152
trace_interval,0,709,29,1785763600237593696,1785763600237593696,1785763600237697152
trace_interval,0,710,44,1785763600237593728,1785763600237593728,1785763600237697120
trace_interval,0,711,45,1785763600237593728,1785763600237593728,1785763600237697152
trace_interval,0,712,60,1785763600237593728,1785763600237593728,1785763600237697184
trace_interval,0,713,61,1785763600237593728,1785763600237593728,1785763600237697184
trace_interval,0,714,76,1785763600237593696,1785763600237593696,1785763600237697120
trace_interval,0,715,77,1785763600237593696,1785763600237593696,1785763600237697120
trace_interval,0,716,90,1785763600237593728,1785763600237593728,1785763600237697152
trace_interval,0,717,91,1785763600237593728,1785763600237593728,1785763600237697152
trace_interval,0,718,104,1785763600237593728,1785763600237593728,1785763600237697184
trace_interval,0,719,105,1785763600237593760,1785763600237593760,1785763600237697184
trace_interval,0,720,118,1785763600237593728,1785763600237593728,1785763600237697152
trace_interval,0,721,119,1785763600237593728,1785763600237593728,1785763600237697152
trace_interval,0,722,132,1785763600237593696,1785763600237593696,1785763600237696864
trace_interval,0,723,133,1785763600237593696,1785763600237593696,1785763600237696864
trace_interval,0,724,138,1785763600237593728,1785763600237593728,1785763600237696896
trace_interval,0,725,139,1785763600237593728,1785763600237593728,1785763600237696896
trace_interval,0,726,14,1785763600237593696,1785763600237593696,1785763600237697408
trace_interval,0,727,15,1785763600237593696,1785763600237593696,1785763600237697408
trace_interval,0,728,30,1785763600237593696,1785763600237593696,1785763600237697408
trace_interval,0,729,31,1785763600237593728,1785763600237593728,1785763600237697408
trace_interval,0,730,46,1785763600237593728,1785763600237593728,1785763600237697376
trace_interval,0,731,47,1785763600237593728,1785763600237593728,1785763600237697376
trace_interval,0,732,62,1785763600237593728,1785763600237593728,1785763600237697408
trace_interval,0,733,63,1785763600237593728,1785763600237593728,1785763600237697440
trace_interval,0,734,78,1785763600237593696,1785763600237593696,1785763600237697376
trace_interval,0,735,79,1785763600237593696,1785763600237593696,1785763600237697376
trace_interval,0,736,92,1785763600237593728,1785763600237593728,1785763600237697408
trace_interval,0,737,93,1785763600237593728,1785763600237593728,1785763600237697408
trace_interval,0,738,106,1785763600237593728,1785763600237593728,1785763600237697440
trace_interval,0,739,107,1785763600237593728,1785763600237593728,1785763600237697440
trace_interval,0,740,120,1785763600237593760,1785763600237593760,1785763600237697408
trace_interval,0,741,121,1785763600237593728,1785763600237593728,1785763600237697408
trace_interval,0,742,134,1785763600237593696,1785763600237593696,1785763600237697120
trace_interval,0,743,135,1785763600237593696,1785763600237593696,1785763600237697120
trace_interval,0,744,140,1785763600237593728,1785763600237593728,1785763600237697376
trace_interval,0,745,141,1785763600237593728,1785763600237593728,1785763600237697376
trace_interval,0,746,0,1785763600237593728,1785763600237593728,1785763600237697440
trace_interval,0,747,1,1785763600237593760,1785763600237593760,1785763600237697440
trace_interval,0,748,16,1785763600237593728,1785763600237593728,1785763600237697472
trace_interval,0,749,17,1785763600237593728,1785763600237593728,1785763600237697472
trace_interval,0,750,32,1785763600237593760,1785763600237593760,1785763600237697472
trace_interval,0,751,33,1785763600237593760,1785763600237593760,1785763600237697472
trace_interval,0,752,48,1785763600237593792,1785763600237593792,1785763600237697536
trace_interval,0,753,49,1785763600237593792,1785763600237593792,1785763600237697504
trace_interval,0,754,64,1785763600237593760,1785763600237593760,1785763600237697504
trace_interval,0,755,65,1785763600237593760,1785763600237593760,1785763600237697504
trace_interval,0,756,2,1785763600237593600,1785763600237593600,1785763600237697408
trace_interval,0,757,3,1785763600237593632,1785763600237593632,1785763600237697408
trace_interval,0,758,18,1785763600237593600,1785763600237593600,1785763600237697408
trace_interval,0,759,19,1785763600237593632,1785763600237593632,1785763600237697440
trace_interval,0,760,34,1785763600237593600,1785763600237593600,1785763600237697376
trace_interval,0,761,35,1785763600237593600,1785763600237593600,1785763600237697376
trace_interval,0,762,50,1785763600237593600,1785763600237593600,1785763600237697408
trace_interval,0,763,51,1785763600237593632,1785763600237593632,1785763600237697408
trace_interval,0,764,66,1785763600237593568,1785763600237593568,1785763600237697376
trace_interval,0,765,67,1785763600237593600,1785763600237593600,1785763600237697408
trace_interval,0,766,80,1785763600237593600,1785763600237593600,1785763600237697408
trace_interval,0,767,81,1785763600237593632,1785763600237593632,1785763600237697408
trace_interval,0,768,94,1785763600237593600,1785763600237593600,1785763600237697408
trace_interval,0,769,95,1785763600237593632,1785763600237593632,1785763600237697408
trace_interval,0,770,108,1785763600237593600,1785763600237593600,1785763600237697376
trace_interval,0,771,109,1785763600237593600,1785763600237593600,1785763600237697376
trace_interval,0,772,122,1785763600237593600,1785763600237593600,1785763600237697408
trace_interval,0,773,123,1785763600237593632,1785763600237593632,1785763600237697408
trace_interval,0,774,4,1785763600237593600,1785763600237593600,1785763600237697344
trace_interval,0,775,5,1785763600237593600,1785763600237593600,1785763600237697376
trace_interval,0,776,20,1785763600237593600,1785763600237593600,1785763600237697344
trace_interval,0,777,21,1785763600237593632,1785763600237593632,1785763600237697312
trace_interval,0,778,36,1785763600237593600,1785763600237593600,1785763600237697312
trace_interval,0,779,37,1785763600237593600,1785763600237593600,1785763600237697344
trace_interval,0,780,52,1785763600237593600,1785763600237593600,1785763600237697376
trace_interval,0,781,53,1785763600237593632,1785763600237593632,1785763600237697376
trace_interval,0,782,68,1785763600237593600,1785763600237593600,1785763600237697312
trace_interval,0,783,69,1785763600237593600,1785763600237593600,1785763600237697312
trace_interval,0,784,82,1785763600237593600,1785763600237593600,1785763600237697376
trace_interval,0,785,83,1785763600237593600,1785763600237593600,1785763600237697376
trace_interval,0,786,96,1785763600237593600,1785763600237593600,1785763600237697376
trace_interval,0,787,97,1785763600237593632,1785763600237593632,1785763600237697344
trace_interval,0,788,110,1785763600237593600,1785763600237593600,1785763600237697376
trace_interval,0,789,111,1785763600237593632,1785763600237593632,1785763600237697376
trace_interval,0,790,124,1785763600237593600,1785763600237593600,1785763600237697312
trace_interval,0,791,125,1785763600237593600,1785763600237593600,1785763600237697376
trace_interval,0,792,142,1785763600237593792,1785763600237593792,1785763600237697536
trace_interval,0,793,143,1785763600237593792,1785763600237593792,1785763600237697536
trace_interval,0,794,144,1785763600237593824,1785763600237593824,1785763600237697504
trace_interval,0,795,145,1785763600237593792,1785763600237593792,1785763600237697920
trace_interval,0,796,146,1785763600237593792,1785763600237593792,1785763600237697472
trace_interval,0,797,147,1785763600237593792,1785763600237593792,1785763600237697504
trace_interval,0,798,6,1785763600237593600,1785763600237593600,1785763600237697088
trace_interval,0,799,7,1785763600237593632,1785763600237593632,1785763600237697088
trace_interval,0,800,22,1785763600237593600,1785763600237593600,1785763600237697056
trace_interval,0,801,23,1785763600237593600,1785763600237593600,1785763600237697056
trace_interval,0,802,38,1785763600237593600,1785763600237593600,1785763600237697120
trace_interval,0,803,39,1785763600237593632,1785763600237593632,1785763600237697152
trace_interval,0,804,54,1785763600237593600,1785763600237593600,1785763600237697120
trace_interval,0,805,55,1785763600237593632,1785763600237593632,1785763600237697120
trace_interval,0,806,70,1785763600237593600,1785763600237593600,1785763600237697056
trace_interval,0,807,71,1785763600237593600,1785763600237593600,1785763600237697088
trace_interval,0,808,84,1785763600237593600,1785763600237593600,1785763600237697120
trace_interval,0,809,85,1785763600237593632,1785763600237593632,1785763600237697056
trace_interval,0,810,98,1785763600237593600,1785763600237593600,1785763600237697088
trace_interval,0,811,99,1785763600237593632,1785763600237593632,1785763600237697120
trace_interval,0,812,112,1785763600237593600,1785763600237593600,1785763600237697056
trace_interval,0,813,113,1785763600237593600,1785763600237593600,1785763600237697056
trace_interval,0,814,126,1785763600237593600,1785763600237593600,1785763600237697056
trace_interval,0,815,127,1785763600237593600,1785763600237593600,1785763600237697120
trace_interval,0,816,8,1785763600237593760,1785763600237593760,1785763600237697248
trace_interval,0,817,9,1785763600237593728,1785763600237593728,1785763600237697280
trace_interval,0,818,24,1785763600237593728,1785763600237593728,1785763600237697280
trace_interval,0,819,25,1785763600237593760,1785763600237593760,1785763600237697280
trace_interval,0,820,40,1785763600237593760,1785763600237593760,1785763600237697312
trace_interval,0,821,41,1785763600237593792,1785763600237593792,1785763600237697280
trace_interval,0,822,56,1785763600237593792,1785763600237593792,1785763600237697088
trace_interval,0,823,57,1785763600237593792,1785763600237593792,1785763600237697344
trace_interval,0,824,72,1785763600237593728,1785763600237593728,1785763600237697280
trace_interval,0,825,73,1785763600237593728,1785763600237593728,1785763600237697248
trace_interval,0,826,86,1785763600237593760,1785763600237593760,1785763600237697312
trace_interval,0,827,87,1785763600237593760,1785763600237593760,1785763600237697312
trace_interval,0,828,100,1785763600237593760,1785763600237593760,1785763600237697312
trace_interval,0,829,101,1785763600237593792,1785763600237593792,1785763600237697344
trace_interval,0,830,114,1785763600237593792,1785763600237593792,1785763600237697312
trace_interval,0,831,115,1785763600237593760,1785763600237593760,1785763600237697312
trace_interval,0,832,128,1785763600237593760,1785763600237593760,1785763600237697280
trace_interval,0,833,129,1785763600237593760,1785763600237593760,1785763600237697312
trace_interval,0,834,10,1785763600237593600,1785763600237593600,1785763600237697376
trace_interval,0,835,11,1785763600237593632,1785763600237593632,1785763600237697408
trace_interval,0,836,26,1785763600237593600,1785763600237593600,1785763600237697408
trace_interval,0,837,27,1785763600237593632,1785763600237593632,1785763600237697376
trace_interval,0,838,42,1785763600237593600,1785763600237593600,1785763600237697376
trace_interval,0,839,43,1785763600237593600,1785763600237593600,1785763600237697440
trace_interval,0,840,58,1785763600237593600,1785763600237593600,1785763600237697440
trace_interval,0,841,59,1785763600237593632,1785763600237593632,1785763600237697440
trace_interval,0,842,74,1785763600237593600,1785763600237593600,1785763600237697376
trace_interval,0,843,75,1785763600237593600,1785763600237593600,1785763600237697408
trace_interval,0,844,88,1785763600237593600,1785763600237593600,1785763600237697440
trace_interval,0,845,89,1785763600237593632,1785763600237593632,1785763600237697408
trace_interval,0,846,102,1785763600237593632,1785763600237593632,1785763600237697408
trace_interval,0,847,103,1785763600237593632,1785763600237593632,1785763600237697440
trace_interval,0,848,116,1785763600237593600,1785763600237593600,1785763600237697376
trace_interval,0,849,117,1785763600237593632,1785763600237593632,1785763600237697184
trace_interval,0,850,130,1785763600237593600,1785763600237593600,1785763600237697152
trace_interval,0,851,131,1785763600237593600,1785763600237593600,1785763600237697376
trace_interval,0,852,136,1785763600237593600,1785763600237593600,1785763600237697376
trace_interval,0,853,137,1785763600237593600,1785763600237593600,1785763600237697152
trace_interval,0,854,12,1785763600237593728,1785763600237593728,1785763600237697120
trace_interval,0,855,13,1785763600237593728,1785763600237593728,1785763600237697152
trace_interval,0,856,28,1785763600237593728,1785763600237593728,1785763600237697152
trace_interval,0,857,29,1785763600237593760,1785763600237593760,1785763600237697152
trace_interval,0,858,44,1785763600237593760,1785763600237593760,1785763600237697120
trace_interval,0,859,45,1785763600237593792,1785763600237593792,1785763600237697152
trace_interval,0,860,60,1785763600237593792,1785763600237593792,1785763600237697184
trace_interval,0,861,61,1785763600237593792,1785763600237593792,1785763600237697184
trace_interval,0,862,76,1785763600237593728,1785763600237593728,1785763600237697120
trace_interval,0,863,77,1785763600237593728,1785763600237593728,1785763600237697120
trace_interval,0,864,90,1785763600237593760,1785763600237593760,1785763600237697152
trace_interval,0,865,91,1785763600237593760,1785763600237593760,1785763600237697152
trace_interval,0,866,104,1785763600237593792,1785763600237593792,1785763600237697152
trace_interval,0,867,105,1785763600237593792,1785763600237593792,1785763600237697184
trace_interval,0,868,118,1785763600237593792,1785763600237593792,1785763600237697152
trace_interval,0,869,119,1785763600237593792,1785763600237593792,1785763600237697152
trace_interval,0,870,132,1785763600237593728,1785763600237593728,1785763600237696864
trace_interval,0,871,133,1785763600237593728,1785763600237593728,1785763600237696864
trace_interval,0,872,138,1785763600237593760,1785763600237593760,1785763600237696896
trace_interval,0,873,139,1785763600237593760,1785763600237593760,1785763600237696896
trace_interval,0,874,14,1785763600237593728,1785763600237593728,1785763600237697408
trace_interval,0,875,15,1785763600237593760,1785763600237593760,1785763600237697408
trace_interval,0,876,30,1785763600237593760,1785763600237593760,1785763600237697408
trace_interval,0,877,31,1785763600237593760,1785763600237593760,1785763600237697408
trace_interval,0,878,46,1785763600237593760,1785763600237593760,1785763600237697408
trace_interval,0,879,47,1785763600237593792,1785763600237593792,1785763600237697408
trace_interval,0,880,62,1785763600237593792,1785763600237593792,1785763600237697408
trace_interval,0,881,63,1785763600237593792,1785763600237593792,1785763600237697440
trace_interval,0,882,78,1785763600237593728,1785763600237593728,1785763600237697376
trace_interval,0,883,79,1785763600237593728,1785763600237593728,1785763600237697376
trace_interval,0,884,92,1785763600237593728,1785763600237593728,1785763600237697408
trace_interval,0,885,93,1785763600237593760,1785763600237593760,1785763600237697408
trace_interval,0,886,106,1785763600237593792,1785763600237593792,1785763600237697440
trace_interval,0,887,107,1785763600237593792,1785763600237593792,1785763600237697440
trace_interval,0,888,120,1785763600237593792,1785763600237593792,1785763600237697408
trace_interval,0,889,121,1785763600237593792,1785763600237593792,1785763600237697408
trace_interval,0,890,134,1785763600237593728,1785763600237593728,1785763600237697120
trace_interval,0,891,135,1785763600237593728,1785763600237593728,1785763600237697120
trace_interval,0,892,140,1785763600237593760,1785763600237593760,1785763600237697376
trace_interval,0,893,141,1785763600237593760,1785763600237593760,1785763600237697376
trace_interval,0,894,0,1785763600237593760,1785763600237593760,1785763600237697440
trace_interval,0,895,1,1785763600237593792,1785763600237593792,1785763600237697440
trace_interval,0,896,16,1785763600237593792,1785763600237593792,1785763600237697472
trace_interval,0,897,17,1785763600237593792,1785763600237593792,1785763600237697504
trace_interval,0,898,32,1785763600237593792,1785763600237593792,1785763600237697856
trace_interval,0,899,33,1785763600237593792,1785763600237593792,1785763600237697504
trace_interval,0,900,48,1785763600237593792,1785763600237593792,1785763600237697536
trace_interval,0,901,49,1785763600237593824,1785763600237593824,1785763600237697504
trace_interval,0,902,64,1785763600237593792,1785763600237593792,1785763600237697504
trace_interval,0,903,65,1785763600237593792,1785763600237593792,1785763600237697504
trace_interval,0,904,2,1785763600237593632,1785763600237593632,1785763600237697408
trace_interval,0,905,3,1785763600237593664,1785763600237593664,1785763600237697408
trace_interval,0,906,18,1785763600237593632,1785763600237593632,1785763600237697408
trace_interval,0,907,19,1785763600237593664,1785763600237593664,1785763600237697440
trace_interval,0,908,34,1785763600237593632,1785763600237593632,1785763600237697440
trace_interval,0,909,35,1785763600237593664,1785763600237593664,1785763600237697408
trace_interval,0,910,50,1785763600237593632,1785763600237593632,1785763600237697440
trace_interval,0,911,51,1785763600237593664,1785763600237593664,1785763600237697440
trace_interval,0,912,66,1785763600237593632,1785763600237593632,1785763600237697376
trace_interval,0,913,67,1785763600237593632,1785763600237593632,1785763600237697376
trace_interval,0,914,80,1785763600237593632,1785763600237593632,1785763600237697408
trace_interval,0,915,81,1785763600237593664,1785763600237593664,1785763600237697408
trace_interval,0,916,94,1785763600237593632,1785763600237593632,1785763600237697408
trace_interval,0,917,95,1785763600237593664,1785763600237593664,1785763600237697408
trace_interval,0,918,108,1785763600237593632,1785763600237593632,1785763600237697376
trace_interval,0,919,109,1785763600237593632,1785763600237593632,1785763600237697376
trace_interval,0,920,122,1785763600237593632,1785763600237593632,1785763600237697440
trace_interval,0,921,123,1785763600237593664,1785763600237593664,1785763600237697408
trace_interval,0,922,4,1785763600237593632,1785763600237593632,1785763600237697344
trace_interval,0,923,5,1785763600237593632,1785763600237593632,1785763600237697376
trace_interval,0,924,20,1785763600237593632,1785763600237593632,1785763600237697344
trace_interval,0,925,21,1785763600237593632,1785763600237593632,1785763600237697312
trace_interval,0,926,36,1785763600237593632,1785763600237593632,1785763600237697312
trace_interval,0,927,37,1785763600237593664,1785763600237593664,1785763600237697344
trace_interval,0,928,52,1785763600237593664,1785763600237593664,1785763600237697376
trace_interval,0,929,53,1785763600237593664,1785763600237593664,1785763600237697376
trace_interval,0,930,68,1785763600237593632,1785763600237593632,1785763600237697312
trace_interval,0,931,69,1785763600237593632,1785763600237593632,1785763600237697312
trace_interval,0,932,82,1785763600237593632,1785763600237593632,1785763600237697376
trace_interval,0,933,83,1785763600237593664,1785763600237593664,1785763600237697376
trace_interval,0,934,96,1785763600237593664,1785763600237593664,1785763600237697376
trace_interval,0,935,97,1785763600237593664,1785763600237593664,1785763600237697344
trace_interval,0,936,110,1785763600237593632,1785763600237593632,1785763600237697344
trace_interval,0,937,111,1785763600237593664,1785763600237593664,1785763600237697376
trace_interval,0,938,124,1785763600237593632,1785763600237593632,1785763600237697344
trace_interval,0,939,125,1785763600237593664,1785763600237593664,1785763600237697344
trace_interval,0,940,6,1785763600237593632,1785763600237593632,1785763600237697088
trace_interval,0,941,7,1785763600237593664,1785763600237593664,1785763600237697088
trace_interval,0,942,22,1785763600237593632,1785763600237593632,1785763600237697056
trace_interval,0,943,23,1785763600237593632,1785763600237593632,1785763600237697056
trace_interval,0,944,38,1785763600237593664,1785763600237593664,1785763600237697120
trace_interval,0,945,39,1785763600237593664,1785763600237593664,1785763600237697120
trace_interval,0,946,54,1785763600237593632,1785763600237593632,1785763600237697120
trace_interval,0,947,55,1785763600237593664,1785763600237593664,1785763600237697152
trace_interval,0,948,70,1785763600237593632,1785763600237593632,1785763600237697056
trace_interval,0,949,71,1785763600237593632,1785763600237593632,1785763600237697120
trace_interval,0,950,84,1785763600237593632,1785763600237593632,1785763600237697088
trace_interval,0,951,85,1785763600237593664,1785763600237593664,1785763600237697088
trace_interval,0,952,98,1785763600237593632,1785763600237593632,1785763600237697120
trace_interval,0,953,99,1785763600237593664,1785763600237593664,1785763600237697120
trace_interval,0,954,112,1785763600237593632,1785763600237593632,1785763600237697056
trace_interval,0,955,113,1785763600237593632,1785763600237593632,1785763600237697056
trace_interval,0,956,126,1785763600237593632,1785763600237593632,1785763600237697056
trace_interval,0,957,127,1785763600237593664,1785763600237593664,1785763600237697120
trace_interval,0,958,8,1785763600237593792,1785763600237593792,1785763600237697248
trace_interval,0,959,9,1785763600237593760,1785763600237593760,1785763600237697696
trace_interval,0,960,24,1785763600237593760,1785763600237593760,1785763600237697280
trace_interval,0,961,25,1785763600237593792,1785763600237593792,1785763600237697248
trace_interval,0,962,40,1785763600237593792,1785763600237593792,1785763600237697728
trace_interval,0,963,41,1785763600237593824,1785763600237593824,1785763600237697312
trace_interval,0,964,56,1785763600237593824,1785763600237593824,1785763600237697120
trace_interval,0,965,57,1785763600237593824,1785763600237593824,1785763600237697792
trace_interval,0,966,72,1785763600237593792,1785763600237593792,1785763600237697280
trace_interval,0,967,73,1785763600237593792,1785763600237593792,1785763600237697280
trace_interval,0,968,86,1785763600237593792,1785763600237593792,1785763600237697312
trace_interval,0,969,87,1785763600237593792,1785763600237593792,1785763600237697312
trace_interval,0,970,100,1785763600237593824,1785763600237593824,1785763600237697344
trace_interval,0,971,101,1785763600237593824,1785763600237593824,1785763600237697344
trace_interval,0,972,114,1785763600237593824,1785763600237593824,1785763600237697344
trace_interval,0,973,115,1785763600237593824,1785763600237593824,1785763600237697344
trace_interval,0,974,128,1785763600237593792,1785763600237593792,1785763600237697280
trace_interval,0,975,129,1785763600237593792,1785763600237593792,1785763600237697312
trace_interval,0,976,10,1785763600237593632,1785763600237593632,1785763600237697376
trace_interval,0,977,11,1785763600237593664,1785763600237593664,1785763600237697408
trace_interval,0,978,26,1785763600237593632,1785763600237593632,1785763600237697408
trace_interval,0,979,27,1785763600237593632,1785763600237593632,1785763600237697376
trace_interval,0,980,42,1785763600237593632,1785763600237593632,1785763600237697376
trace_interval,0,981,43,1785763600237593664,1785763600237593664,1785763600237697408
trace_interval,0,982,58,1785763600237593632,1785763600237593632,1785763600237697440
trace_interval,0,983,59,1785763600237593664,1785763600237593664,1785763600237697440
trace_interval,0,984,74,1785763600237593632,1785763600237593632,1785763600237697376
trace_interval,0,985,75,1785763600237593664,1785763600237593664,1785763600237697376
trace_interval,0,986,88,1785763600237593632,1785763600237593632,1785763600237697440
trace_interval,0,987,89,1785763600237593664,1785763600237593664,1785763600237697408
trace_interval,0,988,102,1785763600237593664,1785763600237593664,1785763600237697408
trace_interval,0,989,103,1785763600237593664,1785763600237593664,1785763600237697472
trace_interval,0,990,116,1785763600237593632,1785763600237593632,1785763600237697408
trace_interval,0,991,117,1785763600237593664,1785763600237593664,1785763600237697184
trace_interval,0,992,12,1785763600237593760,1785763600237593760,1785763600237697120
trace_interval,0,993,13,1785763600237593760,1785763600237593760,1785763600237697120
trace_interval,0,994,28,1785763600237593792,1785763600237593792,1785763600237697152
trace_interval,0,995,29,1785763600237593792,1785763600237593792,1785763600237697568
trace_interval,0,996,44,1785763600237593792,1785763600237593792,1785763600237697568
trace_interval,0,997,45,1785763600237593792,1785763600237593792,1785763600237697568
trace_interval,0,998,60,1785763600237593824,1785763600237593824,1785763600237697184
trace_interval,0,999,61,1785763600237593824,1785763600237593824,1785763600237697184
trace_interval,0,1000,76,1785763600237593760,1785763600237593760,1785763600237697120
trace_interval,0,1001,77,1785763600237593792,1785763600237593792,1785763600237697120
trace_interval,0,1002,90,1785763600237593792,1785763600237593792,1785763600237697152
trace_interval,0,1003,91,1785763600237593792,1785763600237593792,1785763600237697152
trace_interval,0,1004,104,1785763600237593824,1785763600237593824,1785763600237697184
trace_interval,0,1005,105,1785763600237593824,1785763600237593824,1785763600237697184
trace_interval,0,1006,118,1785763600237593824,1785763600237593824,1785763600237697152
trace_interval,0,1007,119,1785763600237593824,1785763600237593824,1785763600237697152
trace_interval,0,1008,14,1785763600237593760,1785763600237593760,1785763600237697408
trace_interval,0,1009,15,1785763600237593760,1785763600237593760,1785763600237697408
trace_interval,0,1010,30,1785763600237593792,1785763600237593792,1785763600237697376
trace_interval,0,1011,31,1785763600237593792,1785763600237593792,1785763600237697408
trace_interval,0,1012,46,1785763600237593824,1785763600237593824,1785763600237697376
trace_interval,0,1013,47,1785763600237593792,1785763600237593792,1785763600237697408
trace_interval,0,1014,62,1785763600237593824,1785763600237593824,1785763600237697408
trace_interval,0,1015,63,1785763600237593824,1785763600237593824,1785763600237697440
trace_interval,0,1016,78,1785763600237593760,1785763600237593760,1785763600237697376
trace_interval,0,1017,79,1785763600237593760,1785763600237593760,1785763600237697376
trace_interval,0,1018,92,1785763600237593760,1785763600237593760,1785763600237697408
trace_interval,0,1019,93,1785763600237593792,1785763600237593792,1785763600237697408
trace_interval,0,1020,106,1785763600237593792,1785763600237593792,1785763600237697440
trace_interval,0,1021,107,1785763600237593824,1785763600237593824,1785763600237697856
trace_interval,0,1022,120,1785763600237593824,1785763600237593824,1785763600237697408
trace_interval,0,1023,121,1785763600237593824,1785763600237593824,1785763600237697856
trace_interval,1,0,142,1785763600237597312,1785763600237704640,1785763600237709152
trace_interval,1,1,143,1785763600237597440,1785763600237704800,1785763600237709344
trace_interval,1,2,144,1785763600237597248,1785763600237704416,1785763600237709088
trace_interval,1,3,145,1785763600237597440,1785763600237704544,1785763600237709184
trace_interval,1,4,146,1785763600237597312,1785763600237704544,1785763600237709152
trace_interval,1,5,147,1785763600237597248,1785763600237704384,1785763600237710272
trace_interval,1,6,0,1785763600237597568,1785763600237704544,1785763600237709984
trace_interval,1,7,1,1785763600237597248,1785763600237704320,1785763600237709088
trace_interval,1,8,16,1785763600237597248,1785763600237704384,1785763600237709152
trace_interval,1,9,17,1785763600237597600,1785763600237704672,1785763600237718560
trace_interval,1,10,32,1785763600237597376,1785763600237704480,1785763600237710144
trace_interval,1,11,33,1785763600237597600,1785763600237704672,1785763600237719808
trace_interval,1,12,48,1785763600237597184,1785763600237704480,1785763600237709792
trace_interval,1,13,49,1785763600237597664,1785763600237704800,1785763600237709440
trace_interval,1,14,64,1785763600237597344,1785763600237704480,1785763600237709088
trace_interval,1,15,65,1785763600237597376,1785763600237704640,1785763600237709248
trace_interval,1,16,2,1785763600237597600,1785763600237704480,1785763600237709184
trace_interval,1,17,3,1785763600237597408,1785763600237704384,1785763600237709440
trace_interval,1,18,18,1785763600237597472,1785763600237704512,1785763600237709440
trace_interval,1,19,19,1785763600237597408,1785763600237704384,1785763600237709024
trace_interval,1,20,34,1785763600237597472,1785763600237704288,1785763600237717952
trace_interval,1,21,35,1785763600237597344,1785763600237704288,1785763600237708960
trace_interval,1,22,50,1785763600237597248,1785763600237704352,1785763600237709184
trace_interval,1,23,51,1785763600237597440,1785763600237704512,1785763600237709216
trace_interval,1,24,66,1785763600237597184,1785763600237704288,1785763600237710016
trace_interval,1,25,67,1785763600237597376,1785763600237704288,1785763600237708800
trace_interval,1,26,80,1785763600237597504,1785763600237704384,1785763600237709056
trace_interval,1,27,81,1785763600237597248,1785763600237704352,1785763600237709056
trace_interval,1,28,94,1785763600237598048,1785763600237704928,1785763600237710464
trace_interval,1,29,95,1785763600237597440,1785763600237704352,1785763600237709312
trace_interval,1,30,108,1785763600237597184,1785763600237704256,1785763600237708896
trace_interval,1,31,109,1785763600237597248,1785763600237704256,1785763600237708896
trace_interval,1,32,122,1785763600237597312,1785763600237704288,1785763600237708960
trace_interval,1,33,123,1785763600237597344,1785763600237704320,1785763600237708832
trace_interval,1,34,4,1785763600237597984,1785763600237704736,1785763600237710208
trace_interval,1,35,5,1785763600237597216,1785763600237704032,1785763600237708672
trace_interval,1,36,20,1785763600237597216,1785763600237704128,1785763600237715616
trace_interval,1,37,21,1785763600237597344,1785763600237704288,1785763600237716608
trace_interval,1,38,36,1785763600237597248,1785763600237704096,1785763600237708768
trace_interval,1,39,37,1785763600237597440,1785763600237704256,1785763600237708896
trace_interval,1,40,52,1785763600237598144,1785763600237704992,1785763600237709696
trace_interval,1,41,53,1785763600237597408,1785763600237704256,1785763600237708864
trace_interval,1,42,68,1785763600237597376,1785763600237704128,1785763600237708800
trace_interval,1,43,69,1785763600237597216,1785763600237704000,1785763600237709440
trace_interval,1,44,82,1785763600237598048,1785763600237704832,1785763600237709536
trace_interval,1,45,83,1785763600237597472,1785763600237704320,1785763600237708992
trace_interval,1,46,96,1785763600237597600,1785763600237704512,1785763600237716736
trace_interval,1,47,97,1785763600237597312,1785763600237704352,1785763600237709120
trace_interval,1,48,110,1785763600237598048,1785763600237704832,1785763600237709504
trace_interval,1,49,111,1785763600237597248,1785763600237704192,1785763600237708736
trace_interval,1,50,124,1785763600237597184,1785763600237704064,1785763600237708736
trace_interval,1,51,125,1785763600237597632,1785763600237704448,1785763600237716672
trace_interval,1,52,6,1785763600237598048,1785763600237704832,1785763600237709440
trace_interval,1,53,7,1785763600237597728,1785763600237704480,1785763600237709056
trace_interval,1,54,22,1785763600237597856,1785763600237704544,1785763600237709216
trace_interval,1,55,23,1785763600237597312,1785763600237704288,1785763600237708928
trace_interval,1,56,38,1785763600237597792,1785763600237704640,1785763600237709248
trace_interval,1,57,39,1785763600237597344,1785763600237704384,1785763600237708832
trace_interval,1,58,54,1785763600237597664,1785763600237704480,1785763600237709440
trace_interval,1,59,55,1785763600237597248,1785763600237704352,1785763600237708928
trace_interval,1,60,70,1785763600237597376,1785763600237704256,1785763600237708896
trace_interval,1,61,71,1785763600237597952,1785763600237704640,1785763600237709216
trace_interval,1,62,84,1785763600237597248,1785763600237704352,1785763600237708928
trace_interval,1,63,85,1785763600237597536,1785763600237704352,1785763600237718784
trace_interval,1,64,98,1785763600237597664,1785763600237704480,1785763600237709088
trace_interval,1,65,99,1785763600237597248,1785763600237704256,1785763600237708704
trace_interval,1,66,112,1785763600237597376,1785763600237704128,1785763600237708736
trace_interval,1,67,113,1785763600237597568,1785763600237704256,1785763600237708864
trace_interval,1,68,126,1785763600237597312,1785763600237704224,1785763600237708832
trace_interval,1,69,127,1785763600237597376,1785763600237704224,1785763600237718944
trace_interval,1,70,8,1785763600237610400,1785763600237717248,1785763600237721888
trace_interval,1,71,9,1785763600237610496,1785763600237717312,1785763600237721984
trace_interval,1,72,24,1785763600237597504,1785763600237704384,1785763600237709056
trace_interval,1,73,25,1785763600237597440,1785763600237704416,1785763600237709056
trace_interval,1,74,40,1785763600237597376,1785763600237704288,1785763600237709056
trace_interval,1,75,41,1785763600237597696,1785763600237704608,1785763600237709216
trace_interval,1,76,56,1785763600237597312,1785763600237704384,1785763600237709024
trace_interval,1,77,57,1785763600237597856,1785763600237704864,1785763600237710464
trace_interval,1,78,72,1785763600237597344,1785763600237704256,1785763600237709024
trace_interval,1,79,73,1785763600237597536,1785763600237704352,1785763600237709056
trace_interval,1,80,86,1785763600237597312,1785763600237704320,1785763600237718144
trace_interval,1,81,87,1785763600237597920,1785763600237704864,1785763600237710848
trace_interval,1,82,100,1785763600237597472,1785763600237704480,1785763600237709024
trace_interval,1,83,101,1785763600237597536,1785763600237704512,1785763600237709152
trace_interval,1,84,114,1785763600237597408,1785763600237704320,1785763600237709280
trace_interval,1,85,115,1785763600237597280,1785763600237704320,1785763600237709088
trace_interval,1,86,128,1785763600237597632,1785763600237704544,1785763600237709760
trace_interval,1,87,129,1785763600237598080,1785763600237705024,1785763600237718976
trace_interval,1,88,10,1785763600237607840,1785763600237714944,1785763600237719552
trace_interval,1,89,11,1785763600237597696,1785763600237704768,1785763600237709376
trace_interval,1,90,26,1785763600237597216,1785763600237704416,1785763600237709376
trace_interval,1,91,27,1785763600237597312,1785763600237704480,1785763600237709088
trace_interval,1,92,42,1785763600237597696,1785763600237704736,1785763600237709344
trace_interval,1,93,43,1785763600237597952,1785763600237704928,1785763600237709536
trace_interval,1,94,58,1785763600237598368,1785763600237705440,1785763600237710080
trace_interval,1,95,59,1785763600237597440,1785763600237704608,1785763600237709216
trace_interval,1,96,74,1785763600237598016,1785763600237704992,1785763600237709600
trace_interval,1,97,75,1785763600237597376,1785763600237704512,1785763600237709152
trace_interval,1,98,88,1785763600237597248,1785763600237704480,1785763600237709472
trace_interval,1,99,89,1785763600237597280,1785763600237704544,1785763600237716032
trace_interval,1,100,102,1785763600237597376,1785763600237704544,1785763600237710048
trace_interval,1,101,103,1785763600237597184,1785763600237704544,1785763600237709152
trace_interval,1,102,116,1785763600237597504,1785763600237704544,1785763600237709184
trace_interval,1,103,117,1785763600237597248,1785763600237704480,1785763600237709088
trace_interval,1,104,130,1785763600237597152,1785763600237704352,1785763600237709376
trace_interval,1,105,131,1785763600237597280,1785763600237704320,1785763600237715328
trace_interval,1,106,136,1785763600237597120,1785763600237704352,1785763600237708768
trace_interval,1,107,137,1785763600237597184,1785763600237704352,1785763600237709216
trace_interval,1,108,142,1785763600237611040,1785763600237718176,1785763600237735584
trace_interval,1,109,143,1785763600237597600,1785763600237704800,1785763600237718784
trace_interval,1,110,144,1785763600237627712,1785763600237734688,1785763600237739168
trace_interval,1,111,145,1785763600237611520,1785763600237718560,1785763600237752768
trace_interval,1,112,146,1785763600237597984,1785763600237705056,1785763600237722720
trace_interval,1,113,147,1785763600237602816,1785763600237709888,1785763600237736064
trace_interval,1,114,12,1785763600237597376,1785763600237703904,1785763600237709568
trace_interval,1,115,13,1785763600237597248,1785763600237703840,1785763600237710048
trace_interval,1,116,28,1785763600237598144,1785763600237704672,1785763600237709472
trace_interval,1,117,29,1785763600237597216,1785763600237703840,1785763600237708864
trace_interval,1,118,44,1785763600237597920,1785763600237704384,1785763600237709088
trace_interval,1,119,45,1785763600237597472,1785763600237703904,1785763600237708704
trace_interval,1,120,60,1785763600237597824,1785763600237704352,1785763600237709056
trace_interval,1,121,61,1785763600237597280,1785763600237703968,1785763600237708768
trace_interval,1,122,76,1785763600237597312,1785763600237703840,1785763600237708992
trace_interval,1,123,77,1785763600237597408,1785763600237704000,1785763600237708672
trace_interval,1,124,90,1785763600237597472,1785763600237704032,1785763600237708704
trace_interval,1,125,91,1785763600237597856,1785763600237704384,1785763600237709120
trace_interval,1,126,104,1785763600237597408,1785763600237704160,1785763600237709920
trace_interval,1,127,105,1785763600237597248,1785763600237703936,1785763600237708736
trace_interval,1,128,118,1785763600237597472,1785763600237704064,1785763600237708704
trace_interval,1,129,119,1785763600237597248,1785763600237703872,1785763600237708960
trace_interval,1,130,132,1785763600237597184,1785763600237703648,1785763600237709440
trace_interval,1,131,133,1785763600237597280,1785763600237703648,1785763600237709824
trace_interval,1,132,138,1785763600237597248,1785763600237703776,1785763600237708416
trace_interval,1,133,139,1785763600237597216,1785763600237703712,1785763600237709728
trace_interval,1,134,14,1785763600237597856,1785763600237704640,1785763600237709312
trace_interval,1,135,15,1785763600237597376,1785763600237704160,1785763600237709632
trace_interval,1,136,30,1785763600237597376,1785763600237704192,1785763600237708832
trace_interval,1,137,31,1785763600237597312,1785763600237704224,1785763600237720704
trace_interval,1,138,46,1785763600237597696,1785763600237704416,1785763600237709088
trace_interval,1,139,47,1785763600237597760,1785763600237704544,1785763600237709024
trace_interval,1,140,62,1785763600237597504,1785763600237704448,1785763600237709088
trace_interval,1,141,63,1785763600237597440,1785763600237704288,1785763600237709024
trace_interval,1,142,78,1785763600237597344,1785763600237704192,1785763600237708992
trace_interval,1,143,79,1785763600237597760,1785763600237704512,1785763600237709184
trace_interval,1,144,92,1785763600237597696,1785763600237704512,1785763600237709344
trace_interval,1,145,93,1785763600237611168,1785763600237717920,1785763600237722656
trace_interval,1,146,106,1785763600237597472,1785763600237704448,1785763600237709152
trace_interval,1,147,107,1785763600237597920,1785763600237704800,1785763600237709344
trace_interval,1,148,120,1785763600237597248,1785763600237704160,1785763600237708832
trace_interval,1,149,121,1785763600237597472,1785763600237704320,1785763600237709088
trace_interval,1,150,134,1785763600237597152,1785763600237703872,1785763600237709152
trace_interval,1,151,135,1785763600237597248,1785763600237703872,1785763600237709600
trace_interval,1,152,140,1785763600237597184,1785763600237704032,1785763600237719776
trace_interval,1,153,141,1785763600237597184,1785763600237703936,1785763600237709728
trace_interval,1,154,0,1785763600237603936,1785763600237710880,1785763600237736320
trace_interval,1,155,1,1785763600237611328,1785763600237718208,1785763600237722656
trace_interval,1,156,16,1785763600237610880,1785763600237717952,1785763600237736320
trace_interval,1,157,17,1785763600237597376,1785763600237704544,1785763600237736192
trace_interval,1,158,32,1785763600237601568,1785763600237708576,1785763600237735104
trace_interval,1,159,33,1785763600237611616,1785763600237718592,1785763600237736192
trace_interval,1,160,48,1785763600237600352,1785763600237707520,1785763600237718496
trace_interval,1,161,49,1785763600237611616,1785763600237718656,1785763600237736320
trace_interval,1,162,64,1785763600237611008,1785763600237718080,1785763600237736032
trace_interval,1,163,65,1785763600237610912,1785763600237718016,1785763600237735104
trace_interval,1,164,2,1785763600237610272,1785763600237717088,1785763600237721728
trace_interval,1,165,3,1785763600237599456,1785763600237706304,1785763600237735776
trace_interval,1,166,18,1785763600237598912,1785763600237705792,1785763600237710496
trace_interval,1,167,19,1785763600237597664,1785763600237704768,1785763600237709440
trace_interval,1,168,34,1785763600237597664,1785763600237704640,1785763600237735872
trace_interval,1,169,35,1785763600237610368,1785763600237717088,1785763600237721696
trace_interval,1,170,50,1785763600237598496,1785763600237705376,1785763600237735808
trace_interval,1,171,51,1785763600237610368,1785763600237717184,1785763600237721728
trace_interval,1,172,66,1785763600237603616,1785763600237710432,1785763600237736896
trace_interval,1,173,67,1785763600237643872,1785763600237750496,1785763600237754880
trace_interval,1,174,80,1785763600237610272,1785763600237717120,1785763600237722144
trace_interval,1,175,81,1785763600237610272,1785763600237717120,1785763600237735840
trace_interval,1,176,94,1785763600237601280,1785763600237708128,1785763600237718048
trace_interval,1,177,95,1785763600237598784,1785763600237705632,1785763600237717888
trace_interval,1,178,108,1785763600237610336,1785763600237717088,1785763600237735648
trace_interval,1,179,109,1785763600237597888,1785763600237704640,1785763600237709120
trace_interval,1,180,122,1785763600237610272,1785763600237717120,1785763600237734656
trace_interval,1,181,123,1785763600237610432,1785763600237717248,1785763600237721888
trace_interval,1,182,4,1785763600237600832,1785763600237707584,1785763600237733312
trace_interval,1,183,5,1785763600237607776,1785763600237714464,1785763600237719072
trace_interval,1,184,20,1785763600237597760,1785763600237704736,1785763600237733184
trace_interval,1,185,21,1785763600237609184,1785763600237715904,1785763600237720576
trace_interval,1,186,36,1785763600237597760,1785763600237704640,1785763600237732032
trace_interval,1,187,37,1785763600237597792,1785763600237704640,1785763600237715200
trace_interval,1,188,52,1785763600237608896,1785763600237715680,1785763600237720352
trace_interval,1,189,53,1785763600237607776,1785763600237714656,1785763600237732096
trace_interval,1,190,68,1785763600237607840,1785763600237714528,1785763600237719168
trace_interval,1,191,69,1785763600237603776,1785763600237710464,1785763600237749856
trace_interval,1,192,82,1785763600237598400,1785763600237705216,1785763600237718976
trace_interval,1,193,83,1785763600237624544,1785763600237731296,1785763600237735808
trace_interval,1,194,96,1785763600237608288,1785763600237715136,1785763600237719808
trace_interval,1,195,97,1785763600237597984,1785763600237704864,1785763600237731904
trace_interval,1,196,110,1785763600237624544,1785763600237731296,1785763600237735904
trace_interval,1,197,111,1785763600237607776,1785763600237714560,1785763600237719232
trace_interval,1,198,124,1785763600237597888,1785763600237704640,1785763600237719968
trace_interval,1,199,125,1785763600237599264,1785763600237706016,1785763600237749920
trace_interval,1,200,6,1785763600237610432,1785763600237717120,1785763600237721728
trace_interval,1,201,7,1785763600237610560,1785763600237717280,1785763600237721888
trace_interval,1,202,22,1785763600237611808,1785763600237718592,1785763600237723200
trace_interval,1,203,23,1785763600237611360,1785763600237718112,1785763600237722560
trace_interval,1,204,38,1785763600237610560,1785763600237717344,1785763600237735456
trace_interval,1,205,39,1785763600237598048,1785763600237704896,1785763600237735520
trace_interval,1,206,54,1785763600237599072,1785763600237705920,1785763600237717632
trace_interval,1,207,55,1785763600237627168,1785763600237733984,1785763600237738464
trace_interval,1,208,70,1785763600237610432,1785763600237717120,1785763600237735488
trace_interval,1,209,71,1785763600237597568,1785763600237704320,1785763600237717728
trace_interval,1,210,84,1785763600237610432,1785763600237717216,1785763600237721760
trace_interval,1,211,85,1785763600237610624,1785763600237717408,1785763600237735264
trace_interval,1,212,98,1785763600237597344,1785763600237704288,1785763600237734144
trace_interval,1,213,99,1785763600237627968,1785763600237734688,1785763600237739200
trace_interval,1,214,112,1785763600237614080,1785763600237720736,1785763600237735584
trace_interval,1,215,113,1785763600237610432,1785763600237717056,1785763600237721664
trace_interval,1,216,126,1785763600237597664,1785763600237704448,1785763600237735328
trace_interval,1,217,127,1785763600237610912,1785763600237717600,1785763600237735328
trace_interval,1,218,8,1785763600237610400,1785763600237717184,1785763600237736000
trace_interval,1,219,9,1785763600237610400,1785763600237717184,1785763600237735392
trace_interval,1,220,24,1785763600237610432,1785763600237717216,1785763600237721696
trace_interval,1,221,25,1785763600237610656,1785763600237717440,1785763600237734432
trace_interval,1,222,40,1785763600237598304,1785763600237705152,1785763600237735456
trace_interval,1,223,41,1785763600237598080,1785763600237704864,1785763600237718752
trace_interval,1,224,56,1785763600237610400,1785763600237717312,1785763600237721888
trace_interval,1,225,57,1785763600237601664,1785763600237708608,1785763600237720480
trace_interval,1,226,72,1785763600237610400,1785763600237717184,1785763600237721760
trace_interval,1,227,73,1785763600237598080,1785763600237704864,1785763600237735296
trace_interval,1,228,86,1785763600237599296,1785763600237706208,1785763600237735392
trace_interval,1,229,87,1785763600237603264,1785763600237710208,1785763600237717952
trace_interval,1,230,100,1785763600237615008,1785763600237721984,1785763600237726592
trace_interval,1,231,101,1785763600237597728,1785763600237704736,1785763600237718304
trace_interval,1,232,114,1785763600237598848,1785763600237705760,1785763600237717920
trace_interval,1,233,115,1785763600237610624,1785763600237717472,1785763600237736096
trace_interval,1,234,128,1785763600237600384,1785763600237707264,1785763600237735488
trace_interval,1,235,129,1785763600237610400,1785763600237717280,1785763600237736864
trace_interval,1,236,142,1785763600237610880,1785763600237718016,1785763600237752832
trace_interval,1,237,143,1785763600237644512,1785763600237751328,1785763600237755808
trace_interval,1,238,144,1785763600237644480,1785763600237751232,1785763600237755680
trace_interval,1,239,145,1785763600237627712,1785763600237734656,1785763600237752800
trace_interval,1,240,146,1785763600237644480,1785763600237751232,1785763600237755680
trace_interval,1,241,147,1785763600237644480,1785763600237751232,1785763600237755680
trace_interval,1,242,10,1785763600237600864,1785763600237707936,1785763600237732864
trace_interval,1,243,11,1785763600237609120,1785763600237716160,1785763600237720736
trace_interval,1,244,26,1785763600237599168,1785763600237706240,1785763600237717728
trace_interval,1,245,27,1785763600237597440,1785763600237704672,1785763600237715296
trace_interval,1,246,42,1785763600237598208,1785763600237705216,1785763600237732000
trace_interval,1,247,43,1785763600237597664,1785763600237704704,1785763600237731840
trace_interval,1,248,58,1785763600237624416,1785763600237731520,1785763600237736032
trace_interval,1,249,59,1785763600237607616,1785763600237714752,1785763600237719360
trace_interval,1,250,74,1785763600237597696,1785763600237704736,1785763600237715168
trace_interval,1,251,75,1785763600237607872,1785763600237714912,1785763600237719520
trace_interval,1,252,88,1785763600237599296,1785763600237706496,1785763600237715040
trace_interval,1,253,89,1785763600237609920,1785763600237717056,1785763600237749664
trace_interval,1,254,102,1785763600237604032,1785763600237711328,1785763600237717824
trace_interval,1,255,103,1785763600237597440,1785763600237704832,1785763600237715232
trace_interval,1,256,116,1785763600237607616,1785763600237714816,1785763600237719392
trace_interval,1,257,117,1785763600237607648,1785763600237714880,1785763600237731904
trace_interval,1,258,130,1785763600237597536,1785763600237704704,1785763600237709824
trace_interval,1,259,131,1785763600237597920,1785763600237704960,1785763600237715456
trace_interval,1,260,136,1785763600237597600,1785763600237704896,1785763600237716320
trace_interval,1,261,137,1785763600237597504,1785763600237704896,1785763600237709536
trace_interval,1,262,12,1785763600237600384,1785763600237707072,1785763600237735040
trace_interval,1,263,13,1785763600237602720,1785763600237709376,1785763600237714016
trace_interval,1,264,28,1785763600237598784,1785763600237705440,1785763600237718080
trace_interval,1,265,29,1785763600237609920,1785763600237716608,1785763600237721248
trace_interval,1,266,44,1785763600237597344,1785763600237703904,1785763600237735488
trace_interval,1,267,45,1785763600237611456,1785763600237717888,1785763600237722528
trace_interval,1,268,60,1785763600237609920,1785763600237716384,1785763600237720864
trace_interval,1,269,61,1785763600237597664,1785763600237704160,1785763600237711264
trace_interval,1,270,76,1785763600237599232,1785763600237705792,1785763600237717216
trace_interval,1,271,77,1785763600237614176,1785763600237720768,1785763600237725408
trace_interval,1,272,90,1785763600237628608,1785763600237735136,1785763600237751808
trace_interval,1,273,91,1785763600237626656,1785763600237733152,1785763600237737792
trace_interval,1,274,104,1785763600237601088,1785763600237707616,1785763600237733920
trace_interval,1,275,105,1785763600237597248,1785763600237703840,1785763600237717760
trace_interval,1,276,118,1785763600237610144,1785763600237716608,1785763600237721248
trace_interval,1,277,119,1785763600237599168,1785763600237705632,1785763600237717088
trace_interval,1,278,132,1785763600237597376,1785763600237703936,1785763600237718272
trace_interval,1,279,133,1785763600237597408,1785763600237703936,1785763600237710144
trace_interval,1,280,138,1785763600237597312,1785763600237703840,1785763600237708640
trace_interval,1,281,139,1785763600237597568,1785763600237704096,1785763600237710112
trace_interval,1,282,14,1785763600237611904,1785763600237718784,1785763600237723424
trace_interval,1,283,15,1785763600237603968,1785763600237710880,1785763600237715552
trace_interval,1,284,30,1785763600237611040,1785763600237717920,1785763600237722592
trace_interval,1,285,31,1785763600237612640,1785763600237719520,1785763600237724032
trace_interval,1,286,46,1785763600237598240,1785763600237704992,1785763600237718880
trace_interval,1,287,47,1785763600237598112,1785763600237704832,1785763600237736384
trace_interval,1,288,62,1785763600237597504,1785763600237704384,1785763600237721024
trace_interval,1,289,63,1785763600237612192,1785763600237718880,1785763600237723552
trace_interval,1,290,78,1785763600237598048,1785763600237704896,1785763600237718560
trace_interval,1,291,79,1785763600237611040,1785763600237717792,1785763600237722432
trace_interval,1,292,92,1785763600237598016,1785763600237704832,1785763600237718784
trace_interval,1,293,93,1785763600237627840,1785763600237734592,1785763600237739072
trace_interval,1,294,106,1785763600237612672,1785763600237719424,1785763600237736640
trace_interval,1,295,107,1785763600237611072,1785763600237717760,1785763600237736512
trace_interval,1,296,120,1785763600237611040,1785763600237717728,1785763600237722400
trace_interval,1,297,121,1785763600237613024,1785763600237719680,1785763600237736544
trace_interval,1,298,134,1785763600237597312,1785763600237704128,1785763600237709536
trace_interval,1,299,135,1785763600237597504,1785763600237704352,1785763600237710080
trace_interval,1,300,140,1785763600237597312,1785763600237704064,1785763600237720096
trace_interval,1,301,141,1785763600237597472,1785763600237704256,1785763600237709888
trace_interval,1,302,0,1785763600237628032,1785763600237735008,1785763600237752736
trace_interval,1,303,1,1785763600237627712,1785763600237734624,1785763600237752832
trace_interval,1,304,16,1785763600237627712,1785763600237734720,1785763600237753024
trace_interval,1,305,17,1785763600237644480,1785763600237751360,1785763600237755808
trace_interval,1,306,32,1785763600237644480,1785763600237751360,1785763600237755776
trace_interval,1,307,33,1785763600237644480,1785763600237751360,1785763600237755744
trace_interval,1,308,48,1785763600237644480,1785763600237751488,1785763600237755904
trace_interval,1,309,49,1785763600237644480,1785763600237751456,1785763600237755744
trace_interval,1,310,64,1785763600237644480,1785763600237751424,1785763600237755808
trace_interval,1,311,65,1785763600237644480,1785763600237751392,1785763600237755968
trace_interval,1,312,2,1785763600237643872,1785763600237750624,1785763600237755136
trace_interval,1,313,3,1785763600237643872,1785763600237750656,1785763600237755040
trace_interval,1,314,18,1785763600237627072,1785763600237734080,1785763600237752448
trace_interval,1,315,19,1785763600237627072,1785763600237734208,1785763600237752416
trace_interval,1,316,34,1785763600237643872,1785763600237750496,1785763600237754848
trace_interval,1,317,35,1785763600237643872,1785763600237750496,1785763600237754848
trace_interval,1,318,50,1785763600237627744,1785763600237734464,1785763600237752544
trace_interval,1,319,51,1785763600237627072,1785763600237734016,1785763600237752544
trace_interval,1,320,66,1785763600237627072,1785763600237734048,1785763600237752384
trace_interval,1,321,67,1785763600237643872,1785763600237750624,1785763600237755040
trace_interval,1,322,80,1785763600237643872,1785763600237750560,1785763600237755072
trace_interval,1,323,81,1785763600237627072,1785763600237734016,1785763600237752416
trace_interval,1,324,94,1785763600237643872,1785763600237750400,1785763600237754880
trace_interval,1,325,95,1785763600237643872,1785763600237750400,1785763600237754720
trace_interval,1,326,108,1785763600237643872,1785763600237750464,1785763600237754944
trace_interval,1,327,109,1785763600237643872,1785763600237750464,1785763600237754944
trace_interval,1,328,122,1785763600237643872,1785763600237750464,1785763600237754944
trace_interval,1,329,123,1785763600237643872,1785763600237750400,1785763600237754848
trace_interval,1,330,4,1785763600237624544,1785763600237731264,1785763600237749824
trace_interval,1,331,5,1785763600237641344,1785763600237747968,1785763600237752480
trace_interval,1,332,20,1785763600237641344,1785763600237748032,1785763600237752416
trace_interval,1,333,21,1785763600237641344,1785763600237748032,1785763600237752384
trace_interval,1,334,36,1785763600237641344,1785763600237747840,1785763600237752320
trace_interval,1,335,37,1785763600237641344,1785763600237747872,1785763600237752320
trace_interval,1,336,52,1785763600237624544,1785763600237731264,1785763600237749952
trace_interval,1,337,53,1785763600237641344,1785763600237747840,1785763600237752384
trace_interval,1,338,68,1785763600237641344,1785763600237747904,1785763600237752384
trace_interval,1,339,69,1785763600237641344,1785763600237747968,1785763600237752448
trace_interval,1,340,82,1785763600237641344,1785763600237747872,1785763600237752384
trace_interval,1,341,83,1785763600237641344,1785763600237747968,1785763600237752352
trace_interval,1,342,96,1785763600237641344,1785763600237747840,1785763600237752224
trace_interval,1,343,97,1785763600237641344,1785763600237747840,1785763600237752384
trace_interval,1,344,110,1785763600237641344,1785763600237747840,1785763600237752384
trace_interval,1,345,111,1785763600237624960,1785763600237731584,1785763600237749920
trace_interval,1,346,124,1785763600237624672,1785763600237731360,1785763600237749888
trace_interval,1,347,125,1785763600237607776,1785763600237714752,1785763600237749888
trace_interval,1,348,6,1785763600237627168,1785763600237733856,1785763600237751872
trace_interval,1,349,7,1785763600237627168,1785763600237733888,1785763600237751776
trace_interval,1,350,22,1785763600237627488,1785763600237734272,1785763600237751936
trace_interval,1,351,23,1785763600237643904,1785763600237750528,1785763600237754912
trace_interval,1,352,38,1785763600237627168,1785763600237733984,1785763600237752000
trace_interval,1,353,39,1785763600237627168,1785763600237733984,1785763600237738432
trace_interval,1,354,54,1785763600237643904,1785763600237750592,1785763600237754912
trace_interval,1,355,55,1785763600237610432,1785763600237717472,1785763600237751808
trace_interval,1,356,70,1785763600237627264,1785763600237733984,1785763600237751744
trace_interval,1,357,71,1785763600237627168,1785763600237733792,1785763600237751808
trace_interval,1,358,84,1785763600237610432,1785763600237717504,1785763600237751840
trace_interval,1,359,85,1785763600237643904,1785763600237750560,1785763600237754976
trace_interval,1,360,98,1785763600237643904,1785763600237750592,1785763600237754976
trace_interval,1,361,99,1785763600237643904,1785763600237750592,1785763600237754944
trace_interval,1,362,112,1785763600237627968,1785763600237734624,1785763600237751840
trace_interval,1,363,113,1785763600237627168,1785763600237733824,1785763600237738336
trace_interval,1,364,126,1785763600237627168,1785763600237733920,1785763600237751744
trace_interval,1,365,127,1785763600237627168,1785763600237733952,1785763600237751712
trace_interval,1,366,142,1785763600237644512,1785763600237751456,1785763600237755680
trace_interval,1,367,143,1785763600237644512,1785763600237751392,1785763600237755744
trace_interval,1,368,144,1785763600237627712,1785763600237734752,1785763600237752768
trace_interval,1,369,145,1785763600237644512,1785763600237751392,1785763600237755712
trace_interval,1,370,146,1785763600237644480,1785763600237751328,1785763600237755712
trace_interval,1,371,147,1785763600237644480,1785763600237751328,1785763600237755712
trace_interval,1,372,8,1785763600237610400,1785763600237717216,1785763600237752192
trace_interval,1,373,9,1785763600237627168,1785763600237733952,1785763600237752064
trace_interval,1,374,24,1785763600237643936,1785763600237750592,1785763600237754848
trace_interval,1,375,25,1785763600237643936,1785763600237750656,1785763600237755072
trace_interval,1,376,40,1785763600237643936,1785763600237750592,1785763600237754912
trace_interval,1,377,41,1785763600237627168,1785763600237734048,1785763600237752160
trace_interval,1,378,56,1785763600237643936,1785763600237750752,1785763600237755168
trace_interval,1,379,57,1785763600237643936,1785763600237750752,1785763600237755136
trace_interval,1,380,72,1785763600237627168,1785763600237733952,1785763600237752160
trace_interval,1,381,73,1785763600237643936,1785763600237750528,1785763600237754848
trace_interval,1,382,86,1785763600237643936,1785763600237750752,1785763600237755008
trace_interval,1,383,87,1785763600237643936,1785763600237750752,1785763600237755168
trace_interval,1,384,100,1785763600237643936,1785763600237750880,1785763600237755296
trace_interval,1,385,101,1785763600237643936,1785763600237750816,1785763600237755200
trace_interval,1,386,114,1785763600237627200,1785763600237734112,1785763600237752096
trace_interval,1,387,115,1785763600237627200,1785763600237734112,1785763600237752096
trace_interval,1,388,128,1785763600237627200,1785763600237734112,1785763600237752128
trace_interval,1,389,129,1785763600237627296,1785763600237734240,1785763600237752000
trace_interval,1,390,10,1785763600237641216,1785763600237748192,1785763600237752480
trace_interval,1,391,11,1785763600237641216,1785763600237748096,1785763600237752512
trace_interval,1,392,26,1785763600237641216,1785763600237748128,1785763600237752544
trace_interval,1,393,27,1785763600237641216,1785763600237748160,1785763600237752576
trace_interval,1,394,42,1785763600237641216,1785763600237748128,1785763600237752512
trace_interval,1,395,43,1785763600237641216,1785763600237748128,1785763600237752512
trace_interval,1,396,58,1785763600237624416,1785763600237731648,1785763600237749344
trace_interval,1,397,59,1785763600237641216,1785763600237748224,1785763600237752608
trace_interval,1,398,74,1785763600237641216,1785763600237748096,1785763600237752320
trace_interval,1,399,75,1785763600237624576,1785763600237731776,1785763600237749440
trace_interval,1,400,88,1785763600237641216,1785763600237748192,1785763600237752544
trace_interval,1,401,89,1785763600237641216,1785763600237748192,1785763600237752512
trace_interval,1,402,102,1785763600237641216,1785763600237748288,1785763600237752672
trace_interval,1,403,103,1785763600237641216,1785763600237748352,1785763600237752736
trace_interval,1,404,116,1785763600237641216,1785763600237748192,1785763600237752576
trace_interval,1,405,117,1785763600237641216,1785763600237748224,1785763600237752608
trace_interval,1,406,130,1785763600237597504,1785763600237704704,1785763600237709536
trace_interval,1,407,131,1785763600237598208,1785763600237705376,1785763600237716032
trace_interval,1,408,136,1785763600237608768,1785763600237715936,1785763600237721600
trace_interval,1,409,137,1785763600237598656,1785763600237705920,1785763600237715168
trace_interval,1,410,12,1785763600237643392,1785763600237749888,1785763600237754400
trace_interval,1,411,13,1785763600237643392,1785763600237749824,1785763600237754368
trace_interval,1,412,28,1785763600237643392,1785763600237749760,1785763600237754144
trace_interval,1,413,29,1785763600237610144,1785763600237716800,1785763600237751776
trace_interval,1,414,44,1785763600237643392,1785763600237749728,1785763600237754112
trace_interval,1,415,45,1785763600237626656,1785763600237733056,1785763600237751616
trace_interval,1,416,60,1785763600237626688,1785763600237733120,1785763600237751680
trace_interval,1,417,61,1785763600237626656,1785763600237733056,1785763600237751744
trace_interval,1,418,76,1785763600237643392,1785763600237749792,1785763600237754304
trace_interval,1,419,77,1785763600237626656,1785763600237733120,1785763600237751744
trace_interval,1,420,90,1785763600237643392,1785763600237749728,1785763600237754144
trace_interval,1,421,91,1785763600237626784,1785763600237733280,1785763600237751808
trace_interval,1,422,104,1785763600237643424,1785763600237749696,1785763600237754240
trace_interval,1,423,105,1785763600237626656,1785763600237733120,1785763600237751680
trace_interval,1,424,118,1785763600237626688,1785763600237733024,1785763600237751680
trace_interval,1,425,119,1785763600237643392,1785763600237749664,1785763600237754176
trace_interval,1,426,132,1785763600237610048,1785763600237716576,1785763600237721152
trace_interval,1,427,133,1785763600237599040,1785763600237705600,1785763600237711392
trace_interval,1,428,138,1785763600237597536,1785763600237704064,1785763600237708800
trace_interval,1,429,139,1785763600237597888,1785763600237704384,1785763600237710304
trace_interval,1,430,14,1785763600237627840,1785763600237734624,1785763600237752928
trace_interval,1,431,15,1785763600237644608,1785763600237751296,1785763600237755712
trace_interval,1,432,30,1785763600237627840,1785763600237734656,1785763600237753152
trace_interval,1,433,31,1785763600237627904,1785763600237734720,1785763600237753152
trace_interval,1,434,46,1785763600237644608,1785763600237751040,1785763600237755584
trace_interval,1,435,47,1785763600237597472,1785763600237704384,1785763600237753056
trace_interval,1,436,62,1785763600237611744,1785763600237718464,1785763600237753184
trace_interval,1,437,63,1785763600237627840,1785763600237734464,1785763600237753024
trace_interval,1,438,78,1785763600237627840,1785763600237734560,1785763600237752768
trace_interval,1,439,79,1785763600237644608,1785763600237751232,1785763600237755488
trace_interval,1,440,92,1785763600237644608,1785763600237751040,1785763600237755520
trace_interval,1,441,93,1785763600237627872,1785763600237734592,1785763600237753120
trace_interval,1,442,106,1785763600237627840,1785763600237734528,1785763600237753216
trace_interval,1,443,107,1785763600237644608,1785763600237751136,1785763600237755648
trace_interval,1,444,120,1785763600237644608,1785763600237751040,1785763600237755456
trace_interval,1,445,121,1785763600237644608,1785763600237751040,1785763600237755552
trace_interval,1,446,134,1785763600237598432,1785763600237705248,1785763600237710816
trace_interval,1,447,135,1785763600237611040,1785763600237717760,1785763600237722176
trace_interval,1,448,140,1785763600237611968,1785763600237718624,1785763600237723168
trace_interval,1,449,141,1785763600237598784,1785763600237705472,1785763600237710848
trace_interval,1,450,0,1785763600237627712,1785763600237734592,1785763600237752608
trace_interval,1,451,1,1785763600237644480,1785763600237751200,1785763600237755520
trace_interval,1,452,16,1785763600237644480,1785763600237751328,1785763600237755680
trace_interval,1,453,17,1785763600237644480,1785763600237751264,1785763600237755616
trace_interval,1,454,32,1785763600237644480,1785763600237751232,1785763600237755552
trace_interval,1,455,33,1785763600237627712,1785763600237734592,1785763600237752640
trace_interval,1,456,48,1785763600237627712,1785763600237734752,1785763600237752768
trace_interval,1,457,49,1785763600237627712,1785763600237734752,1785763600237752768
trace_interval,1,458,64,1785763600237644480,1785763600237751392,1785763600237755712
trace_interval,1,459,65,1785763600237644512,1785763600237751328,1785763600237755712
trace_interval,1,460,2,1785763600237643872,1785763600237750592,1785763600237754944
trace_interval,1,461,3,1785763600237643872,1785763600237750624,1785763600237754976
trace_interval,1,462,18,1785763600237627072,1785763600237734208,1785763600237752224
trace_interval,1,463,19,1785763600237643872,1785763600237750656,1785763600237754912
trace_interval,1,464,34,1785763600237643872,1785763600237750400,1785763600237754784
trace_interval,1,465,35,1785763600237627072,1785763600237733920,1785763600237752352
trace_interval,1,466,50,1785763600237643872,1785763600237750432,1785763600237754816
trace_interval,1,467,51,1785763600237643872,1785763600237750432,1785763600237754816
trace_interval,1,468,66,1785763600237643872,1785763600237750528,1785763600237754880
trace_interval,1,469,67,1785763600237643872,1785763600237750528,1785763600237754880
trace_interval,1,470,80,1785763600237643872,1785763600237750528,1785763600237754912
trace_interval,1,471,81,1785763600237627072,1785763600237734080,1785763600237752352
trace_interval,1,472,94,1785763600237643872,1785763600237750368,1785763600237754752
trace_interval,1,473,95,1785763600237627072,1785763600237733920,1785763600237752416
trace_interval,1,474,108,1785763600237643872,1785763600237750432,1785763600237754752
trace_interval,1,475,109,1785763600237643872,1785763600237750496,1785763600237754816
trace_interval,1,476,122,1785763600237643872,1785763600237750432,1785763600237754784
trace_interval,1,477,123,1785763600237643872,1785763600237750432,1785763600237754784
trace_interval,1,478,4,1785763600237641344,1785763600237748000,1785763600237752352
trace_interval,1,479,5,1785763600237641344,1785763600237747936,1785763600237752288
trace_interval,1,480,20,1785763600237641344,1785763600237748032,1785763600237752256
trace_interval,1,481,21,1785763600237641344,1785763600237748032,1785763600237752384
trace_interval,1,482,36,1785763600237641344,1785763600237747872,1785763600237752224
trace_interval,1,483,37,1785763600237641344,1785763600237747840,1785763600237752224
trace_interval,1,484,52,1785763600237641344,1785763600237747872,1785763600237752224
trace_interval,1,485,53,1785763600237641344,1785763600237747904,1785763600237752256
trace_interval,1,486,68,1785763600237641344,1785763600237747936,1785763600237752256
trace_interval,1,487,69,1785763600237641344,1785763600237747968,1785763600237752288
trace_interval,1,488,82,1785763600237641344,1785763600237747968,1785763600237752224
trace_interval,1,489,83,1785763600237624576,1785763600237731392,1785763600237749856
trace_interval,1,490,96,1785763600237624576,1785763600237731200,1785763600237749920
trace_interval,1,491,97,1785763600237641344,1785763600237747936,1785763600237752320
trace_interval,1,492,110,1785763600237624544,1785763600237731200,1785763600237749856
trace_interval,1,493,111,1785763600237641344,1785763600237747840,1785763600237752224
trace_interval,1,494,124,1785763600237641344,1785763600237747872,1785763600237752256
trace_interval,1,495,125,1785763600237641344,1785763600237747936,1785763600237752288
trace_interval,1,496,142,1785763600237644512,1785763600237751424,1785763600237755680
trace_interval,1,497,143,1785763600237644512,1785763600237751456,1785763600237755808
trace_interval,1,498,144,1785763600237644512,1785763600237751360,1785763600237755968
trace_interval,1,499,145,1785763600237644512,1785763600237751360,1785763600237755776
trace_interval,1,500,146,1785763600237644480,1785763600237751296,1785763600237755808
trace_interval,1,501,147,1785763600237644512,1785763600237751296,1785763600237755808
trace_interval,1,502,6,1785763600237643904,1785763600237750496,1785763600237754816
trace_interval,1,503,7,1785763600237627168,1785763600237733952,1785763600237751744
trace_interval,1,504,22,1785763600237643904,1785763600237750496,1785763600237754688
trace_interval,1,505,23,1785763600237610432,1785763600237717632,1785763600237752000
trace_interval,1,506,38,1785763600237643904,1785763600237750688,1785763600237754976
trace_interval,1,507,39,1785763600237627168,1785763600237734080,1785763600237751872
trace_interval,1,508,54,1785763600237643904,1785763600237750560,1785763600237754848
trace_interval,1,509,55,1785763600237627168,1785763600237734016,1785763600237751808
trace_interval,1,510,70,1785763600237643904,1785763600237750304,1785763600237754624
trace_interval,1,511,71,1785763600237643904,1785763600237750304,1785763600237754624
trace_interval,1,512,84,1785763600237643904,1785763600237750336,1785763600237754560
trace_interval,1,513,85,1785763600237643904,1785763600237750432,1785763600237754752
trace_interval,1,514,98,1785763600237643904,1785763600237750336,1785763600237754656
trace_interval,1,515,99,1785763600237627168,1785763600237733792,1785763600237752000
trace_interval,1,516,112,1785763600237643904,1785763600237750144,1785763600237754464
trace_interval,1,517,113,1785763600237627168,1785763600237733536,1785763600237751712
trace_interval,1,518,126,1785763600237643904,1785763600237750208,1785763600237754560
trace_interval,1,519,127,1785763600237627168,1785763600237733536,1785763600237751680
trace_interval,1,520,8,1785763600237627200,1785763600237733728,1785763600237752064
trace_interval,1,521,9,1785763600237643936,1785763600237750240,1785763600237754560
trace_interval,1,522,24,1785763600237643936,1785763600237750304,1785763600237754688
trace_interval,1,523,25,1785763600237643936,1785763600237750304,1785763600237754656
trace_interval,1,524,40,1785763600237643936,1785763600237750304,1785763600237754656
trace_interval,1,525,41,1785763600237643936,1785763600237750272,1785763600237754624
trace_interval,1,526,56,1785763600237643936,1785763600237750400,1785763600237754784
trace_interval,1,527,57,1785763600237643936,1785763600237750400,1785763600237754784
trace_interval,1,528,72,1785763600237643936,1785763600237750208,1785763600237754432
trace_interval,1,529,73,1785763600237643936,1785763600237750240,1785763600237754560
trace_interval,1,530,86,1785763600237627200,1785763600237733792,1785763600237752416
trace_interval,1,531,87,1785763600237643936,1785763600237750400,1785763600237754784
trace_interval,1,532,100,1785763600237643936,1785763600237750432,1785763600237754784
trace_interval,1,533,101,1785763600237627200,1785763600237733952,1785763600237752448
trace_interval,1,534,114,1785763600237643936,1785763600237750368,1785763600237754720
trace_interval,1,535,115,1785763600237643936,1785763600237750368,1785763600237754720
trace_interval,1,536,128,1785763600237643936,1785763600237750272,1785763600237754496
trace_interval,1,537,129,1785763600237643936,1785763600237750368,1785763600237754720
trace_interval,1,538,10,1785763600237624416,1785763600237731360,1785763600237749536
trace_interval,1,539,11,1785763600237624416,1785763600237731168,1785763600237749536
trace_interval,1,540,26,1785763600237641216,1785763600237747744,1785763600237752096
trace_interval,1,541,27,1785763600237641216,1785763600237747744,1785763600237752096
trace_interval,1,542,42,1785763600237641216,1785763600237747808,1785763600237752128
trace_interval,1,543,43,1785763600237641216,1785763600237747744,1785763600237752064
trace_interval,1,544,58,1785763600237641216,1785763600237747840,1785763600237752064
trace_interval,1,545,59,1785763600237641216,1785763600237747840,1785763600237752192
trace_interval,1,546,74,1785763600237641216,1785763600237747744,1785763600237752032
trace_interval,1,547,75,1785763600237641216,1785763600237747744,1785763600237752064
trace_interval,1,548,88,1785763600237641216,1785763600237747808,1785763600237752160
trace_interval,1,549,89,1785763600237641216,1785763600237747904,1785763600237752256
trace_interval,1,550,102,1785763600237624416,1785763600237731392,1785763600237749664
trace_interval,1,551,103,1785763600237641216,1785763600237748000,1785763600237752352
trace_interval,1,552,116,1785763600237641216,1785763600237747808,1785763600237752128
trace_interval,1,553,117,1785763600237641216,1785763600237747808,1785763600237752000
trace_interval,1,554,130,1785763600237604832,1785763600237711712,1785763600237716192
trace_interval,1,555,131,1785763600237611680,1785763600237718336,1785763600237722816
trace_interval,1,556,136,1785763600237613472,1785763600237720288,1785763600237724800
trace_interval,1,557,137,1785763600237626048,1785763600237732800,1785763600237737280
trace_interval,1,558,12,1785763600237643392,1785763600237749888,1785763600237754208
trace_interval,1,559,13,1785763600237643392,1785763600237749888,1785763600237754208
trace_interval,1,560,28,1785763600237643392,1785763600237749888,1785763600237754208
trace_interval,1,561,29,1785763600237643392,1785763600237749888,1785763600237754080
trace_interval,1,562,44,1785763600237643392,1785763600237749824,1785763600237754144
trace_interval,1,563,45,1785763600237626656,1785763600237733216,1785763600237751392
trace_interval,1,564,60,1785763600237643392,1785763600237749920,1785763600237754272
trace_interval,1,565,61,1785763600237643424,1785763600237749920,1785763600237754272
trace_interval,1,566,76,1785763600237643392,1785763600237749824,1785763600237754144
trace_interval,1,567,77,1785763600237626656,1785763600237733216,1785763600237751264
trace_interval,1,568,90,1785763600237643424,1785763600237749920,1785763600237754240
trace_interval,1,569,91,1785763600237643392,1785763600237749984,1785763600237754176
trace_interval,1,570,104,1785763600237643424,1785763600237749984,1785763600237754336
trace_interval,1,571,105,1785763600237626656,1785763600237733408,1785763600237751552
trace_interval,1,572,118,1785763600237643424,1785763600237749920,1785763600237754240
trace_interval,1,573,119,1785763600237643424,1785763600237749920,1785763600237754240
trace_interval,1,574,132,1785763600237603360,1785763600237709856,1785763600237723072
trace_interval,1,575,133,1785763600237603328,1785763600237709856,1785763600237714304
trace_interval,1,576,138,1785763600237610272,1785763600237716928,1785763600237721376
trace_interval,1,577,139,1785763600237602752,1785763600237709376,1785763600237713920
trace_interval,1,578,14,1785763600237644608,1785763600237751200,1785763600237755552
trace_interval,1,579,15,1785763600237644608,1785763600237751264,1785763600237755584
trace_interval,1,580,30,1785763600237644608,1785763600237751200,1785763600237755520
trace_interval,1,581,31,1785763600237627840,1785763600237734720,1785763600237752832
trace_interval,1,582,46,1785763600237644608,1785763600237751200,1785763600237755488
trace_interval,1,583,47,1785763600237644608,1785763600237751168,1785763600237755488
trace_interval,1,584,62,1785763600237644608,1785763600237751264,1785763600237755616
trace_interval,1,585,63,1785763600237644608,1785763600237751264,1785763600237755456
trace_interval,1,586,78,1785763600237627840,1785763600237734624,1785763600237752768
trace_interval,1,587,79,1785763600237644608,1785763600237751168,1785763600237755488
trace_interval,1,588,92,1785763600237644608,1785763600237751232,1785763600237755584
trace_interval,1,589,93,1785763600237644608,1785763600237751296,1785763600237755648
trace_interval,1,590,106,1785763600237644608,1785763600237751328,1785763600237755680
trace_interval,1,591,107,1785763600237644608,1785763600237751424,1785763600237755776
trace_interval,1,592,120,1785763600237644608,1785763600237751296,1785763600237755616
trace_interval,1,593,121,1785763600237644608,1785763600237751328,1785763600237755552
trace_interval,1,594,134,1785763600237605152,1785763600237711904,1785763600237722496
trace_interval,1,595,135,1785763600237601920,1785763600237708704,1785763600237722848
trace_interval,1,596,140,1785763600237603552,1785763600237710432,1785763600237723552
trace_interval,1,597,141,1785763600237601440,1785763600237708320,1785763600237714848
trace_interval,1,598,0,1785763600237644480,1785763600237750880,1785763600237755200
trace_interval,1,599,1,1785763600237644480,1785763600237750880,1785763600237755200
trace_interval,1,600,16,1785763600237644480,1785763600237751104,1785763600237755488
trace_interval,1,601,17,1785763600237644480,1785763600237751008,1785763600237755264
trace_interval,1,602,32,1785763600237644480,1785763600237750976,1785763600237755296
trace_interval,1,603,33,1785763600237644480,1785763600237750944,1785763600237755296
trace_interval,1,604,48,1785763600237644512,1785763600237751072,1785763600237755424
trace_interval,1,605,49,1785763600237644512,1785763600237751136,1785763600237755488
trace_interval,1,606,64,1785763600237644512,1785763600237751072,1785763600237755424
trace_interval,1,607,65,1785763600237644480,1785763600237751040,1785763600237755392
trace_interval,1,608,2,1785763600237643872,1785763600237750688,1785763600237755008
trace_interval,1,609,3,1785763600237643872,1785763600237750688,1785763600237754880
trace_interval,1,610,18,1785763600237643872,1785763600237750752,1785763600237755072
trace_interval,1,611,19,1785763600237643872,1785763600237750752,1785763600237755072
trace_interval,1,612,34,1785763600237627072,1785763600237734208,1785763600237752160
trace_interval,1,613,35,1785763600237627072,1785763600237734208,1785763600237752160
trace_interval,1,614,50,1785763600237643872,1785763600237750752,1785763600237755104
trace_interval,1,615,51,1785763600237643872,1785763600237750816,1785763600237755136
trace_interval,1,616,66,1785763600237643872,1785763600237750592,1785763600237754912
trace_interval,1,617,67,1785763600237643872,1785763600237750656,1785763600237754976
trace_interval,1,618,80,1785763600237643872,1785763600237750784,1785763600237754976
trace_interval,1,619,81,1785763600237643872,1785763600237750752,1785763600237755072
trace_interval,1,620,94,1785763600237643872,1785763600237750720,1785763600237755008
trace_interval,1,621,95,1785763600237643872,1785763600237750784,1785763600237755104
trace_interval,1,622,108,1785763600237643872,1785763600237750592,1785763600237754880
trace_interval,1,623,109,1785763600237643872,1785763600237750624,1785763600237754912
trace_interval,1,624,122,1785763600237643872,1785763600237750784,1785763600237755072
trace_interval,1,625,123,1785763600237643872,1785763600237750720,1785763600237755040
trace_interval,1,626,142,1785763600237644512,1785763600237751168,1785763600237755392
trace_interval,1,627,143,1785763600237627712,1785763600237734624,1785763600237753152
trace_interval,1,628,144,1785763600237627712,1785763600237734528,1785763600237753024
trace_interval,1,629,145,1785763600237644512,1785763600237751168,1785763600237755552
trace_interval,1,630,146,1785763600237644512,1785763600237751008,1785763600237755360
trace_interval,1,631,147,1785763600237627712,1785763600237734528,1785763600237753024
trace_interval,1,632,4,1785763600237641344,1785763600237748096,1785763600237752384
trace_interval,1,633,5,1785763600237641344,1785763600237748096,1785763600237752384
trace_interval,1,634,20,1785763600237641344,1785763600237748128,1785763600237752320
trace_interval,1,635,21,1785763600237641344,1785763600237748192,1785763600237752512
trace_interval,1,636,36,1785763600237641344,1785763600237748128,1785763600237752416
trace_interval,1,637,37,1785763600237641344,1785763600237748064,1785763600237752352
trace_interval,1,638,52,1785763600237624576,1785763600237731872,1785763600237749728
trace_interval,1,639,53,1785763600237641344,1785763600237748288,1785763600237752608
trace_interval,1,640,68,1785763600237641344,1785763600237748096,1785763600237752384
trace_interval,1,641,69,1785763600237641344,1785763600237748032,1785763600237752352
trace_interval,1,642,82,1785763600237641344,1785763600237748224,1785763600237752416
trace_interval,1,643,83,1785763600237641344,1785763600237748256,1785763600237752576
trace_interval,1,644,96,1785763600237641344,1785763600237748256,1785763600237752608
trace_interval,1,645,97,1785763600237641344,1785763600237748224,1785763600237752544
trace_interval,1,646,110,1785763600237641344,1785763600237748192,1785763600237752480
trace_interval,1,647,111,1785763600237641344,1785763600237748224,1785763600237752544
trace_interval,1,648,124,1785763600237641344,1785763600237748160,1785763600237752480
trace_interval,1,649,125,1785763600237641344,1785763600237748128,1785763600237752416
trace_interval,1,650,6,1785763600237643904,1785763600237750208,1785763600237754432
trace_interval,1,651,7,1785763600237643904,1785763600237750208,1785763600237754560
trace_interval,1,652,22,1785763600237643904,1785763600237750208,1785763600237754560
trace_interval,1,653,23,1785763600237643904,1785763600237750208,1785763600237754560
trace_interval,1,654,38,1785763600237643904,1785763600237750336,1785763600237754720
trace_interval,1,655,39,1785763600237643904,1785763600237750368,1785763600237754720
trace_interval,1,656,54,1785763600237643904,1785763600237750304,1785763600237754656
trace_interval,1,657,55,1785763600237643904,1785763600237750272,1785763600237754656
trace_interval,1,658,70,1785763600237643904,1785763600237750112,1785763600237754304
trace_interval,1,659,71,1785763600237643904,1785763600237750144,1785763600237754464
trace_interval,1,660,84,1785763600237643904,1785763600237750240,1785763600237754592
trace_interval,1,661,85,1785763600237627168,1785763600237733920,1785763600237752032
trace_interval,1,662,98,1785763600237643904,1785763600237750240,1785763600237754592
trace_interval,1,663,99,1785763600237643904,1785763600237750240,1785763600237754592
trace_interval,1,664,112,1785763600237643904,1785763600237750144,1785763600237754464
trace_interval,1,665,113,1785763600237643904,1785763600237750080,1785763600237754432
trace_interval,1,666,126,1785763600237643904,1785763600237750240,1785763600237754464
trace_interval,1,667,127,1785763600237643904,1785763600237750208,1785763600237754528
trace_interval,1,668,8,1785763600237643936,1785763600237750240,1785763600237754592
trace_interval,1,669,9,1785763600237643936,1785763600237750240,1785763600237754592
trace_interval,1,670,24,1785763600237643936,1785763600237750304,1785763600237754688
trace_interval,1,671,25,1785763600237643936,1785763600237750272,1785763600237754624
trace_interval,1,672,40,1785763600237643936,1785763600237750272,1785763600237754592
trace_interval,1,673,41,1785763600237643936,1785763600237750240,1785763600237754592
trace_interval,1,674,56,1785763600237643936,1785763600237750400,1785763600237754624
trace_interval,1,675,57,1785763600237643968,1785763600237750432,1785763600237754816
trace_interval,1,676,72,1785763600237643936,1785763600237750240,1785763600237754592
trace_interval,1,677,73,1785763600237627200,1785763600237733696,1785763600237752192
trace_interval,1,678,86,1785763600237643936,1785763600237750336,1785763600237754688
trace_interval,1,679,87,1785763600237643936,1785763600237750336,1785763600237754720
trace_interval,1,680,100,1785763600237643968,1785763600237750464,1785763600237754816
trace_interval,1,681,101,1785763600237643968,1785763600237750432,1785763600237754816
trace_interval,1,682,114,1785763600237643936,1785763600237750336,1785763600237754560
trace_interval,1,683,115,1785763600237643936,1785763600237750400,1785763600237754624
trace_interval,1,684,128,1785763600237643936,1785763600237750304,1785763600237754688
trace_interval,1,685,129,1785763600237627200,1785763600237733792,1785763600237752096
trace_interval,1,686,10,1785763600237641216,1785763600237747840,1785763600237752160
trace_interval,1,687,11,1785763600237641216,1785763600237747808,1785763600237752160
trace_interval,1,688,26,1785763600237624416,1785763600237731360,1785763600237749568
trace_interval,1,689,27,1785763600237624416,1785763600237731360,1785763600237749408
trace_interval,1,690,42,1785763600237641216,1785763600237747808,1785763600237752128
trace_interval,1,691,43,1785763600237641216,1785763600237747840,1785763600237752032
trace_interval,1,692,58,1785763600237641216,1785763600237747936,1785763600237752288
trace_interval,1,693,59,1785763600237641216,1785763600237747872,1785763600237752224
trace_interval,1,694,74,1785763600237624416,1785763600237731360,1785763600237749536
trace_interval,1,695,75,1785763600237641216,1785763600237747712,1785763600237752032
trace_interval,1,696,88,1785763600237641216,1785763600237747872,1785763600237752224
trace_interval,1,697,89,1785763600237641216,1785763600237747808,1785763600237752160
trace_interval,1,698,102,1785763600237641216,1785763600237747936,1785763600237752288
trace_interval,1,699,103,1785763600237641216,1785763600237747936,1785763600237752160
trace_interval,1,700,116,1785763600237641216,1785763600237747872,1785763600237752224
trace_interval,1,701,117,1785763600237641216,1785763600237747872,1785763600237752224
trace_interval,1,702,130,1785763600237641216,1785763600237747616,1785763600237751936
trace_interval,1,703,131,1785763600237641216,1785763600237747712,1785763600237752032
trace_interval,1,704,136,1785763600237641216,1785763600237747808,1785763600237752128
trace_interval,1,705,137,1785763600237624416,1785763600237731488,1785763600237749376
trace_interval,1,706,12,1785763600237626656,1785763600237733312,1785763600237751456
trace_interval,1,707,13,1785763600237643392,1785763600237749856,1785763600237754048
trace_interval,1,708,28,1785763600237643392,1785763600237749888,1785763600237754208
trace_interval,1,709,29,1785763600237643392,1785763600237749888,1785763600237754208
trace_interval,1,710,44,1785763600237643424,1785763600237749824,1785763600237754144
trace_interval,1,711,45,1785763600237643424,1785763600237749824,1785763600237754112
trace_interval,1,712,60,1785763600237643424,1785763600237749952,1785763600237754304
trace_interval,1,713,61,1785763600237643424,1785763600237749952,1785763600237754272
trace_interval,1,714,76,1785763600237643392,1785763600237749824,1785763600237754112
trace_interval,1,715,77,1785763600237643392,1785763600237749856,1785763600237754048
trace_interval,1,716,90,1785763600237643424,1785763600237750016,1785763600237754336
trace_interval,1,717,91,1785763600237643392,1785763600237749888,1785763600237754208
trace_interval,1,718,104,1785763600237643424,1785763600237750016,1785763600237754368
trace_interval,1,719,105,1785763600237643424,1785763600237750016,1785763600237754368
trace_interval,1,720,118,1785763600237643392,1785763600237749920,1785763600237754240
trace_interval,1,721,119,1785763600237643392,1785763600237749952,1785763600237754272
trace_interval,1,722,132,1785763600237643392,1785763600237749728,1785763600237754048
trace_interval,1,723,133,1785763600237643392,1785763600237749792,1785763600237753984
trace_interval,1,724,138,1785763600237626688,1785763600237733216,1785763600237751520
trace_interval,1,725,139,1785763600237626656,1785763600237733216,1785763600237751552
trace_interval,1,726,14,1785763600237644608,1785763600237751296,1785763600237755616
trace_interval,1,727,15,1785763600237644608,1785763600237751264,1785763600237755584
trace_interval,1,728,30,1785763600237644608,1785763600237751200,1785763600237755552
trace_interval,1,729,31,1785763600237644608,1785763600237751296,1785763600237755616
trace_interval,1,730,46,1785763600237644608,1785763600237751200,1785763600237755520
trace_interval,1,731,47,1785763600237627840,1785763600237734720,1785763600237752672
trace_interval,1,732,62,1785763600237644608,1785763600237751424,1785763600237755776
trace_interval,1,733,63,1785763600237644608,1785763600237751264,1785763600237755648
trace_interval,1,734,78,1785763600237644608,1785763600237751200,1785763600237755520
trace_interval,1,735,79,1785763600237627840,1785763600237734656,1785763600237752800
trace_interval,1,736,92,1785763600237644608,1785763600237751328,1785763600237755680
trace_interval,1,737,93,1785763600237644608,1785763600237751264,1785763600237755616
trace_interval,1,738,106,1785763600237627840,1785763600237734880,1785763600237752800
trace_interval,1,739,107,1785763600237627840,1785763600237734816,1785763600237752800
trace_interval,1,740,120,1785763600237627840,1785763600237734688,1785763600237752864
trace_interval,1,741,121,1785763600237644608,1785763600237751328,1785763600237755680
trace_interval,1,742,134,1785763600237644608,1785763600237751104,1785763600237755424
trace_interval,1,743,135,1785763600237627872,1785763600237734560,1785763600237752704
trace_interval,1,744,140,1785763600237644608,1785763600237751200,1785763600237755552
trace_interval,1,745,141,1785763600237644608,1785763600237751200,1785763600237755552
trace_interval,1,746,0,1785763600237644480,1785763600237750880,1785763600237755200
trace_interval,1,747,1,1785763600237644480,1785763600237750880,1785763600237755072
trace_interval,1,748,16,1785763600237644480,1785763600237751104,1785763600237755456
trace_interval,1,749,17,1785763600237627712,1785763600237734560,1785763600237752992
trace_interval,1,750,32,1785763600237644512,1785763600237750976,1785763600237755296
trace_interval,1,751,33,1785763600237644512,1785763600237750976,1785763600237755296
trace_interval,1,752,48,1785763600237644512,1785763600237751040,1785763600237755392
trace_interval,1,753,49,1785763600237644512,1785763600237751104,1785763600237755456
trace_interval,1,754,64,1785763600237644512,1785763600237751040,1785763600237755392
trace_interval,1,755,65,1785763600237644512,1785763600237751104,1785763600237755456
trace_interval,1,756,2,1785763600237627072,1785763600237734272,1785763600237752160
trace_interval,1,757,3,1785763600237643872,1785763600237750688,1785763600237755008
trace_interval,1,758,18,1785763600237627072,1785763600237734208,1785763600237752320
trace_interval,1,759,19,1785763600237643872,1785763600237750688,1785763600237755008
trace_interval,1,760,34,1785763600237643872,1785763600237750656,1785763600237754976
trace_interval,1,761,35,1785763600237643872,1785763600237750656,1785763600237754976
trace_interval,1,762,50,1785763600237643872,1785763600237750816,1785763600237755168
trace_interval,1,763,51,1785763600237643872,1785763600237750816,1785763600237755168
trace_interval,1,764,66,1785763600237627072,1785763600237734208,1785763600237751968
trace_interval,1,765,67,1785763600237627072,1785763600237734368,1785763600237752224
trace_interval,1,766,80,1785763600237643872,1785763600237750848,1785763600237755136
trace_interval,1,767,81,1785763600237643872,1785763600237750752,1785763600237755072
trace_interval,1,768,94,1785763600237643872,1785763600237750784,1785763600237755104
trace_interval,1,769,95,1785763600237643872,1785763600237750752,1785763600237755072
trace_interval,1,770,108,1785763600237627072,1785763600237734272,1785763600237751968
trace_interval,1,771,109,1785763600237643872,1785763600237750656,1785763600237754944
trace_interval,1,772,122,1785763600237643872,1785763600237750752,1785763600237754944
trace_interval,1,773,123,1785763600237643872,1785763600237750752,1785763600237755072
trace_interval,1,774,4,1785763600237641344,1785763600237748128,1785763600237752448
trace_interval,1,775,5,1785763600237641344,1785763600237748192,1785763600237752480
trace_interval,1,776,20,1785763600237641344,1785763600237748160,1785763600237752512
trace_interval,1,777,21,1785763600237641344,1785763600237748192,1785763600237752512
trace_interval,1,778,36,1785763600237641344,1785763600237748192,1785763600237752480
trace_interval,1,779,37,1785763600237641344,1785763600237748192,1785763600237752480
trace_interval,1,780,52,1785763600237641344,1785763600237748288,1785763600237752480
trace_interval,1,781,53,1785763600237641344,1785763600237748352,1785763600237752672
trace_interval,1,782,68,1785763600237641344,1785763600237748128,1785763600237752416
trace_interval,1,783,69,1785763600237624544,1785763600237731744,1785763600237749760
trace_interval,1,784,82,1785763600237641344,1785763600237748352,1785763600237752672
trace_interval,1,785,83,1785763600237641344,1785763600237748224,1785763600237752544
trace_interval,1,786,96,1785763600237641344,1785763600237748352,1785763600237752672
trace_interval,1,787,97,1785763600237641344,1785763600237748320,1785763600237752640
trace_interval,1,788,110,1785763600237641344,1785763600237748256,1785763600237752448
trace_interval,1,789,111,1785763600237641344,1785763600237748256,1785763600237752544
trace_interval,1,790,124,1785763600237641344,1785763600237748256,1785763600237752544
trace_interval,1,791,125,1785763600237624576,1785763600237731744,1785763600237749760
trace_interval,1,792,142,1785763600237644512,1785763600237751104,1785763600237755648
trace_interval,1,793,143,1785763600237644512,1785763600237751168,1785763600237755776
trace_interval,1,794,144,1785763600237644512,1785763600237751104,1785763600237755712
trace_interval,1,795,145,1785763600237644512,1785763600237751008,1785763600237755616
trace_interval,1,796,146,1785763600237644512,1785763600237751008,1785763600237755584
trace_interval,1,797,147,1785763600237644512,1785763600237751040,1785763600237755712
trace_interval,1,798,6,1785763600237643904,1785763600237750208,1785763600237754560
trace_interval,1,799,7,1785763600237643904,1785763600237750208,1785763600237754560
trace_interval,1,800,22,1785763600237643904,1785763600237750208,1785763600237754592
trace_interval,1,801,23,1785763600237627168,1785763600237733728,1785763600237752096
trace_interval,1,802,38,1785763600237643904,1785763600237750400,1785763600237754784
trace_interval,1,803,39,1785763600237643904,1785763600237750304,1785763600237754688
trace_interval,1,804,54,1785763600237643904,1785763600237750272,1785763600237754496
trace_interval,1,805,55,1785763600237643904,1785763600237750208,1785763600237754624
trace_interval,1,806,70,1785763600237643904,1785763600237750112,1785763600237754464
trace_interval,1,807,71,1785763600237643904,1785763600237750144,1785763600237754496
trace_interval,1,808,84,1785763600237643904,1785763600237750176,1785763600237754560
trace_interval,1,809,85,1785763600237643904,1785763600237750176,1785763600237754560
trace_interval,1,810,98,1785763600237643904,1785763600237750176,1785763600237754560
trace_interval,1,811,99,1785763600237643904,1785763600237750240,1785763600237754656
trace_interval,1,812,112,1785763600237643904,1785763600237750112,1785763600237754304
trace_interval,1,813,113,1785763600237643904,1785763600237750112,1785763600237754464
trace_interval,1,814,126,1785763600237643904,1785763600237750176,1785763600237754560
trace_interval,1,815,127,1785763600237627168,1785763600237733728,1785763600237751968
trace_interval,1,816,8,1785763600237643936,1785763600237750240,1785763600237754592
trace_interval,1,817,9,1785763600237643936,1785763600237750272,1785763600237754656
trace_interval,1,818,24,1785763600237643936,1785763600237750368,1785763600237754720
trace_interval,1,819,25,1785763600237643936,1785763600237750336,1785763600237754720
trace_interval,1,820,40,1785763600237643936,1785763600237750240,1785763600237754624
trace_interval,1,821,41,1785763600237643936,1785763600237750240,1785763600237754496
trace_interval,1,822,56,1785763600237643968,1785763600237750400,1785763600237754784
trace_interval,1,823,57,1785763600237627200,1785763600237733728,1785763600237752384
trace_interval,1,824,72,1785763600237627200,1785763600237733728,1785763600237752128
trace_interval,1,825,73,1785763600237643936,1785763600237750240,1785763600237754592
trace_interval,1,826,86,1785763600237643968,1785763600237750336,1785763600237754816
trace_interval,1,827,87,1785763600237627200,1785763600237733856,1785763600237752512
trace_interval,1,828,100,1785763600237643968,1785763600237750496,1785763600237755040
trace_interval,1,829,101,1785763600237643968,1785763600237750400,1785763600237754656
trace_interval,1,830,114,1785763600237643936,1785763600237750304,1785763600237754720
trace_interval,1,831,115,1785763600237643968,1785763600237750336,1785763600237754720
trace_interval,1,832,128,1785763600237643968,1785763600237750336,1785763600237754720
trace_interval,1,833,129,1785763600237643936,1785763600237750304,1785763600237754720
trace_interval,1,834,10,1785763600237641216,1785763600237747776,1785763600237752128
trace_interval,1,835,11,1785763600237641216,1785763600237747776,1785763600237752128
trace_interval,1,836,26,1785763600237641216,1785763600237747872,1785763600237752224
trace_interval,1,837,27,1785763600237624416,1785763600237731488,1785763600237749536
trace_interval,1,838,42,1785763600237641216,1785763600237747776,1785763600237752128
trace_interval,1,839,43,1785763600237641216,1785763600237747744,1785763600237752096
trace_interval,1,840,58,1785763600237641216,1785763600237747808,1785763600237752192
trace_interval,1,841,59,1785763600237641216,1785763600237747808,1785763600237752192
trace_interval,1,842,74,1785763600237641216,1785763600237747744,1785763600237752064
trace_interval,1,843,75,1785763600237641216,1785763600237747776,1785763600237752064
trace_interval,1,844,88,1785763600237641216,1785763600237747872,1785763600237752256
trace_interval,1,845,89,1785763600237624416,1785763600237731488,1785763600237749728
trace_interval,1,846,102,1785763600237624416,1785763600237731520,1785763600237749760
trace_interval,1,847,103,1785763600237641216,1785763600237747904,1785763600237752320
trace_interval,1,848,116,1785763600237641216,1785763600237747808,1785763600237752192
trace_interval,1,849,117,1785763600237641216,1785763600237747872,1785763600237752256
trace_interval,1,850,130,1785763600237641216,1785763600237747616,1785763600237751968
trace_interval,1,851,131,1785763600237641216,1785763600237747680,1785763600237752000
trace_interval,1,852,136,1785763600237641216,1785763600237747776,1785763600237752128
trace_interval,1,853,137,1785763600237641216,1785763600237747744,1785763600237751968
trace_interval,1,854,12,1785763600237643424,1785763600237749888,1785763600237754240
trace_interval,1,855,13,1785763600237643424,1785763600237749888,1785763600237754240
trace_interval,1,856,28,1785763600237643392,1785763600237749952,1785763600237754272
trace_interval,1,857,29,1785763600237643392,1785763600237749952,1785763600237754272
trace_interval,1,858,44,1785763600237643424,1785763600237749888,1785763600237754208
trace_interval,1,859,45,1785763600237643424,1785763600237749952,1785763600237754240
trace_interval,1,860,60,1785763600237643424,1785763600237749952,1785763600237754272
trace_interval,1,861,61,1785763600237643424,1785763600237750048,1785763600237754240
trace_interval,1,862,76,1785763600237626656,1785763600237733376,1785763600237751552
trace_interval,1,863,77,1785763600237643392,1785763600237749920,1785763600237754240
trace_interval,1,864,90,1785763600237643424,1785763600237750112,1785763600237754496
trace_interval,1,865,91,1785763600237643424,1785763600237750048,1785763600237754368
trace_interval,1,866,104,1785763600237643424,1785763600237750048,1785763600237754400
trace_interval,1,867,105,1785763600237643424,1785763600237750048,1785763600237754400
trace_interval,1,868,118,1785763600237643424,1785763600237749984,1785763600237754304
trace_interval,1,869,119,1785763600237643424,1785763600237750016,1785763600237754208
trace_interval,1,870,132,1785763600237626656,1785763600237733184,1785763600237751392
trace_interval,1,871,133,1785763600237643392,1785763600237749824,1785763600237754144
trace_interval,1,872,138,1785763600237643392,1785763600237749920,1785763600237754240
trace_interval,1,873,139,1785763600237643392,1785763600237749888,1785763600237754208
trace_interval,1,874,14,1785763600237644608,1785763600237751328,1785763600237755648
trace_interval,1,875,15,1785763600237644608,1785763600237751328,1785763600237755648
trace_interval,1,876,30,1785763600237644608,1785763600237751392,1785763600237755744
trace_interval,1,877,31,1785763600237644608,1785763600237751328,1785763600237755552
trace_interval,1,878,46,1785763600237627840,1785763600237734752,1785763600237752896
trace_interval,1,879,47,1785763600237644608,1785763600237751296,1785763600237755616
trace_interval,1,880,62,1785763600237644608,1785763600237751392,1785763600237755712
trace_interval,1,881,63,1785763600237644608,1785763600237751424,1785763600237755744
trace_interval,1,882,78,1785763600237644608,1785763600237751232,1785763600237755584
trace_interval,1,883,79,1785763600237644608,1785763600237751296,1785763600237755616
trace_interval,1,884,92,1785763600237644608,1785763600237751328,1785763600237755680
trace_interval,1,885,93,1785763600237644608,1785763600237751424,1785763600237755584
trace_interval,1,886,106,1785763600237627840,1785763600237734848,1785763600237752928
trace_interval,1,887,107,1785763600237644608,1785763600237751424,1785763600237755744
trace_interval,1,888,120,1785763600237644608,1785763600237751328,1785763600237755648
trace_interval,1,889,121,1785763600237627840,1785763600237734816,1785763600237752928
trace_interval,1,890,134,1785763600237644608,1785763600237751168,1785763600237755488
trace_interval,1,891,135,1785763600237644608,1785763600237751168,1785763600237755488
trace_interval,1,892,140,1785763600237644608,1785763600237751232,1785763600237755552
trace_interval,1,893,141,1785763600237627840,1785763600237734656,1785763600237752704
trace_interval,1,894,0,1785763600237644512,1785763600237750944,1785763600237755200
trace_interval,1,895,1,1785763600237644480,1785763600237750944,1785763600237755328
trace_interval,1,896,16,1785763600237644480,1785763600237751136,1785763600237755520
trace_interval,1,897,17,1785763600237644512,1785763600237751136,1785763600237755680
trace_interval,1,898,32,1785763600237644512,1785763600237751008,1785763600237755552
trace_interval,1,899,33,1785763600237644512,1785763600237750944,1785763600237755424
trace_interval,1,900,48,1785763600237644512,1785763600237751136,1785763600237755680
trace_interval,1,901,49,1785763600237644512,1785763600237751136,1785763600237755680
trace_interval,1,902,64,1785763600237627712,1785763600237734592,1785763600237753216
trace_interval,1,903,65,1785763600237644512,1785763600237751008,1785763600237755552
trace_interval,1,904,2,1785763600237643872,1785763600237750848,1785763600237755264
trace_interval,1,905,3,1785763600237627072,1785763600237734336,1785763600237752288
trace_interval,1,906,18,1785763600237643872,1785763600237750880,1785763600237755200
trace_interval,1,907,19,1785763600237627072,1785763600237734336,1785763600237752416
trace_interval,1,908,34,1785763600237627072,1785763600237734336,1785763600237752160
trace_interval,1,909,35,1785763600237643872,1785763600237750784,1785763600237755168
trace_interval,1,910,50,1785763600237627072,1785763600237734304,1785763600237752256
trace_interval,1,911,51,1785763600237627072,1785763600237734272,1785763600237752352
trace_interval,1,912,66,1785763600237643872,1785763600237750688,1785763600237755072
trace_interval,1,913,67,1785763600237627072,1785763600237734176,1785763600237752288
trace_interval,1,914,80,1785763600237643872,1785763600237750880,1785763600237755296
trace_interval,1,915,81,1785763600237627072,1785763600237734176,1785763600237752288
trace_interval,1,916,94,1785763600237643872,1785763600237750848,1785763600237755264
trace_interval,1,917,95,1785763600237643872,1785763600237750880,1785763600237755264
trace_interval,1,918,108,1785763600237643872,1785763600237750624,1785763600237754944
trace_interval,1,919,109,1785763600237643872,1785763600237750688,1785763600237755104
trace_interval,1,920,122,1785763600237643872,1785763600237750848,1785763600237755264
trace_interval,1,921,123,1785763600237643872,1785763600237750784,1785763600237755168
trace_interval,1,922,4,1785763600237624576,1785763600237731776,1785763600237749728
trace_interval,1,923,5,1785763600237641344,1785763600237748224,1785763600237752672
trace_interval,1,924,20,1785763600237624544,1785763600237731808,1785763600237749664
trace_interval,1,925,21,1785763600237641344,1785763600237748224,1785763600237752672
trace_interval,1,926,36,1785763600237641344,1785763600237748224,1785763600237752480
trace_interval,1,927,37,1785763600237641344,1785763600237748224,1785763600237752608
trace_interval,1,928,52,1785763600237641344,1785763600237748320,1785763600237752672
trace_interval,1,929,53,1785763600237641344,1785763600237748352,1785763600237752768
trace_interval,1,930,68,1785763600237641344,1785763600237748224,1785763600237752640
trace_interval,1,931,69,1785763600237641344,1785763600237748192,1785763600237752640
trace_interval,1,932,82,1785763600237641344,1785763600237748288,1785763600237752704
trace_interval,1,933,83,1785763600237641344,1785763600237748352,1785763600237752768
trace_interval,1,934,96,1785763600237641344,1785763600237748320,1785763600237752640
trace_interval,1,935,97,1785763600237641344,1785763600237748320,1785763600237752736
trace_interval,1,936,110,1785763600237641344,1785763600237748352,1785763600237752768
trace_interval,1,937,111,1785763600237641344,1785763600237748288,1785763600237752608
trace_interval,1,938,124,1785763600237641344,1785763600237748352,1785763600237752672
trace_interval,1,939,125,1785763600237641344,1785763600237748288,1785763600237752608
trace_interval,1,940,6,1785763600237627168,1785763600237733696,1785763600237752064
trace_interval,1,941,7,1785763600237627168,1785763600237733696,1785763600237751904
trace_interval,1,942,22,1785763600237643904,1785763600237750240,1785763600237754496
trace_interval,1,943,23,1785763600237627168,1785763600237733824,1785763600237752192
trace_interval,1,944,38,1785763600237643904,1785763600237750336,1785763600237754784
trace_interval,1,945,39,1785763600237627168,1785763600237733888,1785763600237752000
trace_interval,1,946,54,1785763600237627168,1785763600237733888,1785763600237752256
trace_interval,1,947,55,1785763600237643904,1785763600237750240,1785763600237754688
trace_interval,1,948,70,1785763600237643904,1785763600237750208,1785763600237754592
trace_interval,1,949,71,1785763600237643904,1785763600237750208,1785763600237754592
trace_interval,1,950,84,1785763600237627168,1785763600237733824,1785763600237751936
trace_interval,1,951,85,1785763600237643904,1785763600237750272,1785763600237754816
trace_interval,1,952,98,1785763600237643904,1785763600237750272,1785763600237754848
trace_interval,1,953,99,1785763600237643904,1785763600237750304,1785763600237754816
trace_interval,1,954,112,1785763600237643904,1785763600237750208,1785763600237754592
trace_interval,1,955,113,1785763600237643904,1785763600237750112,1785763600237754464
trace_interval,1,956,126,1785763600237643904,1785763600237750208,1785763600237754624
trace_interval,1,957,127,1785763600237643904,1785763600237750208,1785763600237754624
trace_interval,1,958,8,1785763600237643936,1785763600237750304,1785763600237754720
trace_interval,1,959,9,1785763600237627200,1785763600237733728,1785763600237752096
trace_interval,1,960,24,1785763600237627200,1785763600237733760,1785763600237752448
trace_interval,1,961,25,1785763600237643936,1785763600237750336,1785763600237754912
trace_interval,1,962,40,1785763600237627200,1785763600237733792,1785763600237752448
trace_interval,1,963,41,1785763600237643936,1785763600237750336,1785763600237754720
trace_interval,1,964,56,1785763600237643968,1785763600237750464,1785763600237755008
trace_interval,1,965,57,1785763600237643968,1785763600237750432,1785763600237755072
trace_interval,1,966,72,1785763600237643936,1785763600237750240,1785763600237754656
trace_interval,1,967,73,1785763600237627200,1785763600237733728,1785763600237739136
trace_interval,1,968,86,1785763600237643936,1785763600237750368,1785763600237754912
trace_interval,1,969,87,1785763600237643968,1785763600237750368,1785763600237754880
trace_interval,1,970,100,1785763600237643968,1785763600237750496,1785763600237755136
trace_interval,1,971,101,1785763600237643968,1785763600237750400,1785763600237754944
trace_interval,1,972,114,1785763600237627200,1785763600237733824,1785763600237752288
trace_interval,1,973,115,1785763600237643968,1785763600237750432,1785763600237754848
trace_interval,1,974,128,1785763600237643968,1785763600237750368,1785763600237754752
trace_interval,1,975,129,1785763600237643968,1785763600237750336,1785763600237754624
trace_interval,1,976,10,1785763600237641216,1785763600237747904,1785763600237752416
trace_interval,1,977,11,1785763600237641216,1785763600237747840,1785763600237752384
trace_interval,1,978,26,1785763600237641216,1785763600237747808,1785763600237752352
trace_interval,1,979,27,1785763600237641216,1785763600237747904,1785763600237752416
trace_interval,1,980,42,1785763600237641216,1785763600237747808,1785763600237752320
trace_interval,1,981,43,1785763600237641216,1785763600237747808,1785763600237752320
trace_interval,1,982,58,1785763600237641216,1785763600237747968,1785763600237752352
trace_interval,1,983,59,1785763600237641216,1785763600237747936,1785763600237752320
trace_interval,1,984,74,1785763600237624416,1785763600237731488,1785763600237749728
trace_interval,1,985,75,1785763600237641216,1785763600237747808,1785763600237752192
trace_interval,1,986,88,1785763600237641216,1785763600237747840,1785763600237752320
trace_interval,1,987,89,1785763600237624416,1785763600237731488,1785763600237749856
trace_interval,1,988,102,1785763600237641216,1785763600237747968,1785763600237752512
trace_interval,1,989,103,1785763600237641216,1785763600237747936,1785763600237752480
trace_interval,1,990,116,1785763600237641216,1785763600237747840,1785763600237752384
trace_interval,1,991,117,1785763600237641216,1785763600237747840,1785763600237752192
trace_interval,1,992,12,1785763600237643424,1785763600237749952,1785763600237754432
trace_interval,1,993,13,1785763600237643424,1785763600237749952,1785763600237754400
trace_interval,1,994,28,1785763600237626656,1785763600237733472,1785763600237751680
trace_interval,1,995,29,1785763600237643392,1785763600237749952,1785763600237754304
trace_interval,1,996,44,1785763600237626656,1785763600237733504,1785763600237751584
trace_interval,1,997,45,1785763600237643424,1785763600237749952,1785763600237754272
trace_interval,1,998,60,1785763600237626656,1785763600237733472,1785763600237751456
trace_interval,1,999,61,1785763600237626688,1785763600237733472,1785763600237751456
trace_interval,1,1000,76,1785763600237643424,1785763600237749952,1785763600237754400
trace_interval,1,1001,77,1785763600237643424,1785763600237749920,1785763600237754272
trace_interval,1,1002,90,1785763600237626656,1785763600237733472,1785763600237751584
trace_interval,1,1003,91,1785763600237643424,1785763600237749984,1785763600237754336
trace_interval,1,1004,104,1785763600237643424,1785763600237750048,1785763600237754496
trace_interval,1,1005,105,1785763600237643424,1785763600237750048,1785763600237754400
trace_interval,1,1006,118,1785763600237643424,1785763600237749984,1785763600237754336
trace_interval,1,1007,119,1785763600237643424,1785763600237750048,1785763600237754368
trace_interval,1,1008,14,1785763600237644608,1785763600237751392,1785763600237755776
trace_interval,1,1009,15,1785763600237644608,1785763600237751296,1785763600237755840
trace_interval,1,1010,30,1785763600237644608,1785763600237751424,1785763600237755776
trace_interval,1,1011,31,1785763600237644608,1785763600237751296,1785763600237755680
trace_interval,1,1012,46,1785763600237644608,1785763600237751328,1785763600237755776
trace_interval,1,1013,47,1785763600237644608,1785763600237751296,1785763600237755648
trace_interval,1,1014,62,1785763600237627840,1785763600237734752,1785763600237752896
trace_interval,1,1015,63,1785763600237644608,1785763600237751424,1785763600237755648
trace_interval,1,1016,78,1785763600237627840,1785763600237734720,1785763600237752960
trace_interval,1,1017,79,1785763600237627840,1785763600237734752,1785763600237753088
trace_interval,1,1018,92,1785763600237644608,1785763600237751392,1785763600237755808
trace_interval,1,1019,93,1785763600237644640,1785763600237751424,1785763600237755776
trace_interval,1,1020,106,1785763600237644640,1785763600237751488,1785763600237755840
trace_interval,1,1021,107,1785763600237644640,1785763600237751488,1785763600237755904
trace_interval,1,1022,120,1785763600237627840,1785763600237734816,1785763600237752864
trace_interval,1,1023,121,1785763600237644608,1785763600237751424,1785763600237755776
